Filename,Section_Context,Q_No,Question,QCategory-New,QSubCategory-New,Question Form,Answer
kannada-1std,"ಬಿಟ್ಟಿರುವ ಪದವನ್ನು ಮಕ್ಕಳಿಂದ ಹೇಳಿಸಿ,",1,ನವಮಾಸ ಹೊತ್ತು ಸಾಕಿದ,factual knowledge/context based,,Fill in the blanks,
kannada-1std,"ಬಿಟ್ಟಿರುವ ಪದವನ್ನು ಮಕ್ಕಳಿಂದ ಹೇಳಿಸಿ,",2,ಮೈಮುರಿ ದುಡಿದು ಬೆಳೆಸಿದ,factual knowledge/context based,,Fill in the blanks,
kannada-1std,"ಬಿಟ್ಟಿರುವ ಪದವನ್ನು ಮಕ್ಕಳಿಂದ ಹೇಳಿಸಿ,",3,ವಿದ್ಯಾ ಬುದ್ದಿ ಕಲಿಸಿ ಹರಸಿದ,factual knowledge/context based,,Fill in the blanks,
kannada-1std,"ಬಿಟ್ಟಿರುವ ಪದವನ್ನು ಮಕ್ಕಳಿಂದ ಹೇಳಿಸಿ,",4,ನಿತ್ಯದಿ ದುಡಿದು ಅನ್ನವ ನೀಡುವ,factual knowledge/context based,,Fill in the blanks,
kannada-1std,"ಬಿಟ್ಟಿರುವ ಪದವನ್ನು ಮಕ್ಕಳಿಂದ ಹೇಳಿಸಿ,",5,ರೋಗ ವಾಸಿ ಮಾಡುವ,factual knowledge/context based,,Fill in the blanks,
kannada-1std,"ಬಿಟ್ಟಿರುವ ಪದವನ್ನು ಮಕ್ಕಳಿಂದ ಹೇಳಿಸಿ,",6,ನಾಡಿನ ರಕ್ಷಣೆ ಮಾಡುವ,factual knowledge/context based,,Fill in the blanks,
kannada-1std,ಬಿಟ್ಟಿರುವ ಪದ್ಯದ ಸಾಲುಗಳನ್ನು ಮಕ್ಕಳಿಂದ ಹೇಳಿಸಿ.,1,ನವಮಾಸ ಹೊತ್ತು ನನ್ನನು,poem based/factual knowledge,,,
kannada-1std,ಬಿಟ್ಟಿರುವ ಪದ್ಯದ ಸಾಲುಗಳನ್ನು ಮಕ್ಕಳಿಂದ ಹೇಳಿಸಿ.,2,ಮೈಮುರಿ ದುಡಿದು ನನ್ನನು ಸಲುಹಿ,poem based/factual knowledge,,,
kannada-1std,ಬಿಟ್ಟಿರುವ ಪದ್ಯದ ಸಾಲುಗಳನ್ನು ಮಕ್ಕಳಿಂದ ಹೇಳಿಸಿ.,3,ವಿದ್ಯಾ ಬುದ್ಧಿ ಬಾಲ್ಯದಿ ಕಲಿಸಿ,poem based/factual knowledge,,,
kannada-1std,ಬಿಟ್ಟಿರುವ ಪದ್ಯದ ಸಾಲುಗಳನ್ನು ಮಕ್ಕಳಿಂದ ಹೇಳಿಸಿ.,4,ಬಗೆ ಬಗೆ ರೋಗವ ವಾಸಿ ಮಾಡುವ,poem based/factual knowledge,,,
kannada-1std,ಬಿಟ್ಟಿರುವ ಪದ್ಯದ ಸಾಲುಗಳನ್ನು ಮಕ್ಕಳಿಂದ ಹೇಳಿಸಿ.,5,ನಿತ್ಯದಿ ದುಡಿದು ಅನ್ನವ ನೀಡುವ,poem based/factual knowledge,,,
kannada-1std,ಬಿಟ್ಟಿರುವ ಪದ್ಯದ ಸಾಲುಗಳನ್ನು ಮಕ್ಕಳಿಂದ ಹೇಳಿಸಿ.,6,ನಾಡಿನ ರಕ್ಷಣೆ ನಿತ್ಯದಿ ಮಾಡುವ,poem based/factual knowledge,,,
kannada-1std,ಚಿತ್ರಗಳನ್ನು ತೋರಿಸಿ ಪ್ರಶ್ನೆಗಳನ್ನು ಕೇಳಿ ಉತ್ತರ ಪಡೆಯಿರಿ,1,ವೈದ್ಯೆ ಏನು ಮಾಡುತ್ತಿದ್ದಾರೆ?,,,,
kannada-1std,"ಪ್ರಶ್ನೆ ಕೇಳಿ, ಮಕ್ಕಳಿಂದ ಉತ್ತರ ಹೇಳಿಸಿ.",1,"ಪ್ರಶ್ನೆ ಕೇಳಿ, ಮಕ್ಕಳಿಂದ ಉತ್ತರ ಹೇಳಿಸಿ.: ಹಳ್ಳಿಯ ಹೆಸರೇನು?",,,,
kannada-1std,"ಪ್ರಶ್ನೆ ಕೇಳಿ, ಮಕ್ಕಳಿಂದ ಉತ್ತರ ಹೇಳಿಸಿ.",2,ಕೋಳಿ ಎಲ್ಲಿ ವಾಸವಾಗಿತ್ತು?,,,,
kannada-1std,"ಪ್ರಶ್ನೆ ಕೇಳಿ, ಮಕ್ಕಳಿಂದ ಉತ್ತರ ಹೇಳಿಸಿ.",3,ಕೋಳಿ ಏನನ್ನು ಬಿತ್ತಲು ಗುಬ್ಬಚ್ಚಿಯ ಸಹಾಯ ಕೇಳಿತು?,,,,
kannada-1std,"ಪ್ರಶ್ನೆ ಕೇಳಿ, ಮಕ್ಕಳಿಂದ ಉತ್ತರ ಹೇಳಿಸಿ.",4,ರಾಗಿಯ ಪೈರಿನಲ್ಲಿ ಏನು ಬಿಟ್ಟಿತು?,,,,
kannada-1std,"ಪ್ರಶ್ನೆ ಕೇಳಿ, ಮಕ್ಕಳಿಂದ ಉತ್ತರ ಹೇಳಿಸಿ.",5,ಕೋಳಿ ಯಾರನ್ನು ಕೂಡಿಕೊಂಡು ರಾಗಿಯ ತೆನೆಗಳನ್ನು ಕೊಯ್ದಿತು?,,,,
kannada-1std,"ಪ್ರಶ್ನೆ ಕೇಳಿ, ಮಕ್ಕಳಿಂದ ಉತ್ತರ ಹೇಳಿಸಿ.",6,ಗುಬ್ಬಚ್ಚಿ ಮತ್ತು ಪಾರಿವಾಳಗಳಿಗೆ ಏನು ತಿಳಿಯಿತು?,,,,
kannada-1std,"ಪ್ರಶ್ನೆ ಕೇಳಿ, ಮಕ್ಕಳಿಂದ ಉತ್ತರ ಹೇಳಿಸಿ.",7,ಕೋಳಿಗೆ ಏನು ಅನಿಸಿತು?,,,,
kannada-1std,ಕೊಟ್ಟಿರುವ ವಾಕ್ಯಗಳಲ್ಲಿ ಬಿಟ್ಟಿರುವ ಪದಗಳನ್ನು ಹೇಳಿಸಿ,1,ಕೋಳಿ ರಾಗಿಯನ್ನು ಬಿತ್ತಲು ಗುಬ್ಬಚ್ಚಿಯ,,,,
kannada-1std,ಕೊಟ್ಟಿರುವ ವಾಕ್ಯಗಳಲ್ಲಿ ಬಿಟ್ಟಿರುವ ಪದಗಳನ್ನು ಹೇಳಿಸಿ,2,ಕೋಳಿ ತನ್ನ ಮರಿಗಳನ್ನು ಕೂಡಿಕೊಂಡು,,,,
kannada-1std,ಕೊಟ್ಟಿರುವ ವಾಕ್ಯಗಳಲ್ಲಿ ಬಿಟ್ಟಿರುವ ಪದಗಳನ್ನು ಹೇಳಿಸಿ,3,ಒಂದು ದಿನ ಗುಬ್ಬಚ್ಚಿ ಮತ್ತು ಪಾರಿವಾಳಗಳಿಗೆ ತುಂಬಾ,,,,
kannada-1std,ಕೊಟ್ಟಿರುವ ವಾಕ್ಯಗಳಲ್ಲಿ ಬಿಟ್ಟಿರುವ ಪದಗಳನ್ನು ಹೇಳಿಸಿ,4,ಗುಬ್ಬಚ್ಚಿ ಮತ್ತು ಪಾರಿವಾಳಗಳಿಗೆ ತಮ್ಮ,,,,
kannada-1std,"ಈ ಪ್ರಾಸ ಪದಗಳನ್ನು ಹೇಳಿ, ಮಕ್ಕಳಿಂದ ಹೇಳಿಸಿ.",1,"ಈ ಪ್ರಾಸ ಪದಗಳನ್ನು ಹೇಳಿ, ಮಕ್ಕಳಿಂದ ಹೇಳಿಸಿ.: ಎರಡು-ಹರಡು",,,,
kannada-1std,"ಈ ಪ್ರಾಸ ಪದಗಳನ್ನು ಹೇಳಿ, ಮಕ್ಕಳಿಂದ ಹೇಳಿಸಿ.",2,"ಈ ಪ್ರಾಸ ಪದಗಳನ್ನು ಹೇಳಿ, ಮಕ್ಕಳಿಂದ ಹೇಳಿಸಿ.: ಆರು-ಸಾರು",,,,
kannada-1std,"ಈ ಪ್ರಾಸ ಪದಗಳನ್ನು ಹೇಳಿ, ಮಕ್ಕಳಿಂದ ಹೇಳಿಸಿ.",3,"ಈ ಪ್ರಾಸ ಪದಗಳನ್ನು ಹೇಳಿ, ಮಕ್ಕಳಿಂದ ಹೇಳಿಸಿ.: ಎಂಟು-ದಂಟು",,,,
kannada-1std,"ಈ ಪ್ರಾಸ ಪದಗಳನ್ನು ಹೇಳಿ, ಮಕ್ಕಳಿಂದ ಹೇಳಿಸಿ.",4,"ಈ ಪ್ರಾಸ ಪದಗಳನ್ನು ಹೇಳಿ, ಮಕ್ಕಳಿಂದ ಹೇಳಿಸಿ.: ಹತ್ತು-ಎತ್ತು",,,,
kannada-1std,ಪದ್ಯದ ಸಾಲುಗಳನ್ನು ಕೆಳಗೆ ನೀಡಿದೆ. ಆ ಸಾಲುಗಳಲ್ಲಿ ಒಂದೊಂದು ಪದವನ್ನು,1,ಪದ್ಯದ ಸಾಲುಗಳನ್ನು ಕೆಳಗೆ ನೀಡಿದೆ. ಆ ಸಾಲುಗಳಲ್ಲಿ ಒಂದೊಂದು ಪದವನ್ನು: ಒಂದು ಎರಡು,,,,
kannada-1std,ಪದ್ಯದ ಸಾಲುಗಳನ್ನು ಕೆಳಗೆ ನೀಡಿದೆ. ಆ ಸಾಲುಗಳಲ್ಲಿ ಒಂದೊಂದು ಪದವನ್ನು,2,ಪದ್ಯದ ಸಾಲುಗಳನ್ನು ಕೆಳಗೆ ನೀಡಿದೆ. ಆ ಸಾಲುಗಳಲ್ಲಿ ಒಂದೊಂದು ಪದವನ್ನು: ಮೂರು ನಾಲ್ಕು,,,,
kannada-1std,ಪದ್ಯದ ಸಾಲುಗಳನ್ನು ಕೆಳಗೆ ನೀಡಿದೆ. ಆ ಸಾಲುಗಳಲ್ಲಿ ಒಂದೊಂದು ಪದವನ್ನು,3,ಪದ್ಯದ ಸಾಲುಗಳನ್ನು ಕೆಳಗೆ ನೀಡಿದೆ. ಆ ಸಾಲುಗಳಲ್ಲಿ ಒಂದೊಂದು ಪದವನ್ನು: ಐದು ಆರು,,,,
kannada-1std,ಪದ್ಯದ ಸಾಲುಗಳನ್ನು ಕೆಳಗೆ ನೀಡಿದೆ. ಆ ಸಾಲುಗಳಲ್ಲಿ ಒಂದೊಂದು ಪದವನ್ನು,4,ಪದ್ಯದ ಸಾಲುಗಳನ್ನು ಕೆಳಗೆ ನೀಡಿದೆ. ಆ ಸಾಲುಗಳಲ್ಲಿ ಒಂದೊಂದು ಪದವನ್ನು: ಏಳು ಎಂಟು,,,,
kannada-1std,ಪದ್ಯದ ಸಾಲುಗಳನ್ನು ಕೆಳಗೆ ನೀಡಿದೆ. ಆ ಸಾಲುಗಳಲ್ಲಿ ಒಂದೊಂದು ಪದವನ್ನು,5,ಪದ್ಯದ ಸಾಲುಗಳನ್ನು ಕೆಳಗೆ ನೀಡಿದೆ. ಆ ಸಾಲುಗಳಲ್ಲಿ ಒಂದೊಂದು ಪದವನ್ನು: ಒಂಬತ್ತು ಹತ್ತು,,,,
kannada-1std,ಪಾಠದ ವಾಕ್ಯಗಳನ್ನು ಕೆಳಗೆ ನೀಡಿದೆ. ಬಿಟ್ಟಿರುವ ಪದವನ್ನು ಸೇರಿಸಿ ಮಕ್ಕಳಿಂದ ಹೇಳಿಸಿ.,1,ಹೂದೋಟಕ್ಕೆ ಬರಲು ನನಗೆ,,,,
kannada-1std,ಪಾಠದ ವಾಕ್ಯಗಳನ್ನು ಕೆಳಗೆ ನೀಡಿದೆ. ಬಿಟ್ಟಿರುವ ಪದವನ್ನು ಸೇರಿಸಿ ಮಕ್ಕಳಿಂದ ಹೇಳಿಸಿ.,2,ನಾನು ಹೋಗಿ ಸ್ವಲ್ಪ ಹೊತ್ತು,,,,
kannada-1std,ಪಾಠದ ವಾಕ್ಯಗಳನ್ನು ಕೆಳಗೆ ನೀಡಿದೆ. ಬಿಟ್ಟಿರುವ ಪದವನ್ನು ಸೇರಿಸಿ ಮಕ್ಕಳಿಂದ ಹೇಳಿಸಿ.,3,ಪಾಠದ ವಾಕ್ಯಗಳನ್ನು ಕೆಳಗೆ ನೀಡಿದೆ. ಬಿಟ್ಟಿರುವ ಪದವನ್ನು ಸೇರಿಸಿ ಮಕ್ಕಳಿಂದ ಹೇಳಿಸಿ.: ನಿಮ್ಮ,,,,
kannada-1std,ಪಾಠದ ವಾಕ್ಯಗಳನ್ನು ಕೆಳಗೆ ನೀಡಿದೆ. ಬಿಟ್ಟಿರುವ ಪದವನ್ನು ಸೇರಿಸಿ ಮಕ್ಕಳಿಂದ ಹೇಳಿಸಿ.,4,ಪಾಠದ ವಾಕ್ಯಗಳನ್ನು ಕೆಳಗೆ ನೀಡಿದೆ. ಬಿಟ್ಟಿರುವ ಪದವನ್ನು ಸೇರಿಸಿ ಮಕ್ಕಳಿಂದ ಹೇಳಿಸಿ.: ನೀನು ತುಂಬಾ,,,,
kannada-1std,"ಮಕ್ಕಳಿಗೆ ಪ್ರಶ್ನೆ ಕೇಳಿ, ಉತ್ತರ ಹೇಳಿಸಿ.",1,ಅಜ್ಜಿ ದಿನಾಲು ಸಂಜೆ ಎಲ್ಲಿಗೆ ಹೋಗುತ್ತಿದ್ದರು?,,,,
kannada-1std,"ಮಕ್ಕಳಿಗೆ ಪ್ರಶ್ನೆ ಕೇಳಿ, ಉತ್ತರ ಹೇಳಿಸಿ.",2,ದೇಹಕ್ಕೆ ಒಳ್ಳೆಯ ವ್ಯಾಯಾಮ ಯಾವುದು?,,,,
kannada-1std,"ಮಕ್ಕಳಿಗೆ ಪ್ರಶ್ನೆ ಕೇಳಿ, ಉತ್ತರ ಹೇಳಿಸಿ.",3,ಸುಮಾ ಯಾವ ಆಟ ಆಡಿದಳು?,,,,
kannada-1std,"ಯಾರು ಯಾರಿಗೆ ಹೇಳಿದರು ಕೇಳಿದರು ಎಂದು ಮಕ್ಕಳನ್ನು ಕೇಳಿ, ಉತ್ತರ",2,ನಡೆಯುವುದು ದೇಹಕ್ಕೆ ಒಳ್ಳೆಯ ವ್ಯಾಯಾಮ. ಈ ವ್ಯಾಯಾಮ ಆರೋಗ್ಯಕ್ಕೆ,,,,
kannada-1std,"ಈ ಕೆಳಗಿನ ವಾಕ್ಯಗಳನ್ನು ಓದಿ ಹೇಳಿ, ಮಕ್ಕಳಿಂದ ಹೇಳಿಸಿ.",1,ನಾನು ದಿನಾಲೂ ಸ್ನಾನ ಮಾಡುತ್ತೇನೆ.,,,,
kannada-1std,"ಈ ಕೆಳಗಿನ ವಾಕ್ಯಗಳನ್ನು ಓದಿ ಹೇಳಿ, ಮಕ್ಕಳಿಂದ ಹೇಳಿಸಿ.",2,ನಮ್ಮ ಊರಿನಲ್ಲಿ ಹಲವಾರು ಮನೆಗಳಿವೆ.,,,,
kannada-1std,"ಈ ಕೆಳಗಿನ ವಾಕ್ಯಗಳನ್ನು ಓದಿ ಹೇಳಿ, ಮಕ್ಕಳಿಂದ ಹೇಳಿಸಿ.",3,ನನ್ನ ಗೆಳತಿ ತುಂಬಾ ಜಾಣೆ.,,,,
kannada-1std,ಪದ್ಯದ ಸಾಲುಗಳಲ್ಲಿ ಬಿಟ್ಟಿರುವ ಪದವನ್ನು ಮಕ್ಕಳಿಂದ ಹೇಳಿಸಿ.,1,ಅಪ್ಪನ ಜೊತೆ ನಾ,,,,
kannada-1std,ಪದ್ಯದ ಸಾಲುಗಳಲ್ಲಿ ಬಿಟ್ಟಿರುವ ಪದವನ್ನು ಮಕ್ಕಳಿಂದ ಹೇಳಿಸಿ.,2,ಪದ್ಯದ ಸಾಲುಗಳಲ್ಲಿ ಬಿಟ್ಟಿರುವ ಪದವನ್ನು ಮಕ್ಕಳಿಂದ ಹೇಳಿಸಿ.: ಎತ್ತರ ದನಿಯಲ್ಲಿ,,,,
kannada-1std,ಪದ್ಯದ ಸಾಲುಗಳಲ್ಲಿ ಬಿಟ್ಟಿರುವ ಪದವನ್ನು ಮಕ್ಕಳಿಂದ ಹೇಳಿಸಿ.,4,ಪದ್ಯದ ಸಾಲುಗಳಲ್ಲಿ ಬಿಟ್ಟಿರುವ ಪದವನ್ನು ಮಕ್ಕಳಿಂದ ಹೇಳಿಸಿ.: ಸುಂದರ ಸೃಷ್ಟಿಯ,,,,
kannada-1std,"ಮಕ್ಕಳಿಗೆ ಪ್ರಶ್ನೆ ಕೇಳಿ, ಉತ್ತರ ಹೇಳಿಸಿ.",1,ಕವಿಯು ಯಾರ ಜೊತೆ ದುಡಿಯುವನು?,,,,
kannada-1std,"ಮಕ್ಕಳಿಗೆ ಪ್ರಶ್ನೆ ಕೇಳಿ, ಉತ್ತರ ಹೇಳಿಸಿ.",2,ಕೌತುಕ ವಿಷಯ ಎಲ್ಲಿ ನಡೆದಿದೆ?,,,,
kannada-1std,"ಮಕ್ಕಳಿಗೆ ಪ್ರಶ್ನೆ ಕೇಳಿ, ಉತ್ತರ ಹೇಳಿಸಿ.",3,ಹಳ್ಳಿಗೆ ಯಾವಾಗ ಹೋಗಬೇಕು?,,,,
kannada-1std,"ಕೆಳಗಿನ ಸಾಲುಗಳನ್ನು ಮಕ್ಕಳಿಗೆ ಹೇಳಿ, ಅವರಿಂದ ಹೇಳಿಸಿ.",1,ಬೇಸಿಗೆ ರಜೆಯಲ್ಲಿ ಹಳ್ಳಿಗೆ ಹೋಗಬೇಕು.,,,,
kannada-1std,"ಕೆಳಗಿನ ಸಾಲುಗಳನ್ನು ಮಕ್ಕಳಿಗೆ ಹೇಳಿ, ಅವರಿಂದ ಹೇಳಿಸಿ.",2,ರೈತನು ಬೆವರು ಸುರಿಸಿ ದುಡಿವನು.,,,,
kannada-1std,"ಕೆಳಗಿನ ಸಾಲುಗಳನ್ನು ಮಕ್ಕಳಿಗೆ ಹೇಳಿ, ಅವರಿಂದ ಹೇಳಿಸಿ.",4,ತೋಟದಲ್ಲಿ ಬಗೆ ಬಗೆ ಹಣ್ಣುಗಳಿವೆ.,,,,
kannada-1std,"ಕೆಳಗಿನ ಸಾಲುಗಳನ್ನು ಮಕ್ಕಳಿಗೆ ಹೇಳಿ, ಅವರಿಂದ ಹೇಳಿಸಿ.",5,ಸೃಷ್ಟಿಯು ಹಚ್ಚನೆ ಹಸುರಾಗಿದೆ.,,,,
kannada-1std,ಈ ವಾಕ್ಯಗಳಲ್ಲಿನ ಬಿಟ್ಟಿರುವ ಪದವನ್ನು ಮಕ್ಕಳಿಂದ ಹೇಳಿಸಿ.,1,ಆ ಕೋತಿಯ ಬಾಲ,,,,
kannada-1std,ಈ ವಾಕ್ಯಗಳಲ್ಲಿನ ಬಿಟ್ಟಿರುವ ಪದವನ್ನು ಮಕ್ಕಳಿಂದ ಹೇಳಿಸಿ.,2,ಈ ವಾಕ್ಯಗಳಲ್ಲಿನ ಬಿಟ್ಟಿರುವ ಪದವನ್ನು ಮಕ್ಕಳಿಂದ ಹೇಳಿಸಿ.: ಒಂದು ಅಳಿಲು,,,,
kannada-1std,ಈ ವಾಕ್ಯಗಳಲ್ಲಿನ ಬಿಟ್ಟಿರುವ ಪದವನ್ನು ಮಕ್ಕಳಿಂದ ಹೇಳಿಸಿ.,3,ಈ ವಾಕ್ಯಗಳಲ್ಲಿನ ಬಿಟ್ಟಿರುವ ಪದವನ್ನು ಮಕ್ಕಳಿಂದ ಹೇಳಿಸಿ.: ಕೋತಿಗೆ,,,,
kannada-1std,ಈ ವಾಕ್ಯಗಳಲ್ಲಿನ ಬಿಟ್ಟಿರುವ ಪದವನ್ನು ಮಕ್ಕಳಿಂದ ಹೇಳಿಸಿ.,4,"ಈ ವಾಕ್ಯಗಳಲ್ಲಿನ ಬಿಟ್ಟಿರುವ ಪದವನ್ನು ಮಕ್ಕಳಿಂದ ಹೇಳಿಸಿ.: ಮಂಗಣ್ಣಾ, ಇದು",,,,
kannada-1std,"ಮಕ್ಕಳಿಗೆ ಪ್ರಶ್ನೆ ಕೇಳಿ, ಉತ್ತರ ಹೇಳಿಸಿ.",1,ಕೋತಿ ಯಾವುದರ ಮೇಲೆ ಕುಳಿತಿತ್ತು?,,,,
kannada-1std,"ಮಕ್ಕಳಿಗೆ ಪ್ರಶ್ನೆ ಕೇಳಿ, ಉತ್ತರ ಹೇಳಿಸಿ.",2,ಕೋತಿಯ ಬಾಲ ಹಿಡಿದು ಯಾವುದು ಜೀಕತೊಡಗಿತು?,,,,
kannada-1std,"ಮಕ್ಕಳಿಗೆ ಪ್ರಶ್ನೆ ಕೇಳಿ, ಉತ್ತರ ಹೇಳಿಸಿ.",3,“ಮಂಗಣ್ಣಾ ಇದು ನಿನ್ನ ಬಾಲವೇ? ಜೋಕಾಲಿ ಎಂದು ತಿಳಿದು ಜೀಕುತ್ತಿದ್ದೆ.,,,,
kannada-1std,"ಮಕ್ಕಳಿಗೆ ಪ್ರಶ್ನೆ ಕೇಳಿ, ಉತ್ತರ ಹೇಳಿಸಿ.",4,ಅಳಿಲು ಹೇಗೆ ಹೋಗಿ ಮರದ ಕೊಂಬೆಯನ್ನು ಏರಿತು?,,,,
kannada-1std,ಮಾದರಿಯಂತೆ ವಾಕ್ಯಗಳನ್ನು ಮಾಡಿ ಮಕ್ಕಳಿಂದ ಹೇಳಿಸಿ.,1,ಕೋತಿ ಒಂದು ಪ್ರಾಣಿ.,,,,
kannada-1std,ಮಾದರಿಯಂತೆ ವಾಕ್ಯಗಳನ್ನು ಮಾಡಿ ಮಕ್ಕಳಿಂದ ಹೇಳಿಸಿ.,2,ಕೋತಿಯು ಮರವನ್ನು ಹತ್ತುತ್ತದೆ.,,,,
kannada-1std,ಮಾದರಿಯಂತೆ ವಾಕ್ಯಗಳನ್ನು ಮಾಡಿ ಮಕ್ಕಳಿಂದ ಹೇಳಿಸಿ.,3,ಮಾದರಿಯಂತೆ ವಾಕ್ಯಗಳನ್ನು ಮಾಡಿ ಮಕ್ಕಳಿಂದ ಹೇಳಿಸಿ.: ಕೋತಿಗೆ ಬಾಲವಿದೆ.,,,,
kannada-1std,ಬಿಟ್ಟಿರುವ ಅಕ್ಷರಗಳನ್ನು ಆವರಣದಲ್ಲಿ ನೀಡಿರುವ ಅಕ್ಷರಗಳಲ್ಲಿ ಸೂಕ್ತವಾದುದನ್ನು ಗುರುತಿಸಿ,1,ಬಿಟ್ಟಿರುವ ಅಕ್ಷರಗಳನ್ನು ಆವರಣದಲ್ಲಿ ನೀಡಿರುವ ಅಕ್ಷರಗಳಲ್ಲಿ ಸೂಕ್ತವಾದುದನ್ನು ಗುರುತಿಸಿ: ಗ,,,,
kannada-1std,ಬಿಟ್ಟಿರುವ ಅಕ್ಷರಗಳನ್ನು ಆವರಣದಲ್ಲಿ ನೀಡಿರುವ ಅಕ್ಷರಗಳಲ್ಲಿ ಸೂಕ್ತವಾದುದನ್ನು ಗುರುತಿಸಿ,2,ಬಿಟ್ಟಿರುವ ಅಕ್ಷರಗಳನ್ನು ಆವರಣದಲ್ಲಿ ನೀಡಿರುವ ಅಕ್ಷರಗಳಲ್ಲಿ ಸೂಕ್ತವಾದುದನ್ನು ಗುರುತಿಸಿ: ಸ,,,,
kannada-1std,ಬಿಟ್ಟಿರುವ ಅಕ್ಷರಗಳನ್ನು ಆವರಣದಲ್ಲಿ ನೀಡಿರುವ ಅಕ್ಷರಗಳಲ್ಲಿ ಸೂಕ್ತವಾದುದನ್ನು ಗುರುತಿಸಿ,3,ಬಿಟ್ಟಿರುವ ಅಕ್ಷರಗಳನ್ನು ಆವರಣದಲ್ಲಿ ನೀಡಿರುವ ಅಕ್ಷರಗಳಲ್ಲಿ ಸೂಕ್ತವಾದುದನ್ನು ಗುರುತಿಸಿ: ಅರ,,,,
kannada-1std,ಪದಗಳಲ್ಲಿ ಬಿಟ್ಟಿರುವ ಅಕ್ಷರವನ್ನು ಆವರಣದಲ್ಲಿ ನೀಡಲಾಗಿದೆ. ಸೂಕ್ತ ಅಕ್ಷರವನ್ನು,2,ಪದಗಳಲ್ಲಿ ಬಿಟ್ಟಿರುವ ಅಕ್ಷರವನ್ನು ಆವರಣದಲ್ಲಿ ನೀಡಲಾಗಿದೆ. ಸೂಕ್ತ ಅಕ್ಷರವನ್ನು: ನ,,,,
kannada-1std,ಪದಗಳಲ್ಲಿ ಬಿಟ್ಟಿರುವ ಅಕ್ಷರವನ್ನು ಆವರಣದಲ್ಲಿ ನೀಡಲಾಗಿದೆ. ಸೂಕ್ತ ಅಕ್ಷರವನ್ನು,4,ಪದಗಳಲ್ಲಿ ಬಿಟ್ಟಿರುವ ಅಕ್ಷರವನ್ನು ಆವರಣದಲ್ಲಿ ನೀಡಲಾಗಿದೆ. ಸೂಕ್ತ ಅಕ್ಷರವನ್ನು: ಬ,,,,
kannada-1std,ಪದಗಳಲ್ಲಿ ಬಿಟ್ಟಿರುವ ಅಕ್ಷರವನ್ನು ಆವರಣದಲ್ಲಿ ನೀಡಲಾಗಿದೆ. ಸೂಕ್ತ ಅಕ್ಷರವನ್ನು,5,ಪದಗಳಲ್ಲಿ ಬಿಟ್ಟಿರುವ ಅಕ್ಷರವನ್ನು ಆವರಣದಲ್ಲಿ ನೀಡಲಾಗಿದೆ. ಸೂಕ್ತ ಅಕ್ಷರವನ್ನು: ಉ,,,,
kannada-1std,ಪದಗಳಲ್ಲಿ ಬಿಟ್ಟಿರುವ ಅಕ್ಷರವನ್ನು ಆವರಣದಲ್ಲಿ ನೀಡಲಾಗಿದೆ. ಸೂಕ್ತ ಅಕ್ಷರವನ್ನು,6,ಪದಗಳಲ್ಲಿ ಬಿಟ್ಟಿರುವ ಅಕ್ಷರವನ್ನು ಆವರಣದಲ್ಲಿ ನೀಡಲಾಗಿದೆ. ಸೂಕ್ತ ಅಕ್ಷರವನ್ನು: ವ,,,,
kannada-1std,ಅ' ಪಟ್ಟಿಯಲ್ಲಿ ಪದಗಳನ್ನು 'ಆ' ಪಟ್ಟಿಯಲ್ಲಿ ಚಿತ್ರಗಳನ್ನು ಕೊಟ್ಟಿದೆ. ಚಿತ್ರಕ್ಕೆ,1,ಅ' ಪಟ್ಟಿಯಲ್ಲಿ ಪದಗಳನ್ನು 'ಆ' ಪಟ್ಟಿಯಲ್ಲಿ ಚಿತ್ರಗಳನ್ನು ಕೊಟ್ಟಿದೆ. ಚಿತ್ರಕ್ಕೆ: ಆಲ,,,,
kannada-1std,ಅ' ಪಟ್ಟಿಯಲ್ಲಿ ಪದಗಳನ್ನು 'ಆ' ಪಟ್ಟಿಯಲ್ಲಿ ಚಿತ್ರಗಳನ್ನು ಕೊಟ್ಟಿದೆ. ಚಿತ್ರಕ್ಕೆ,2,ಅ' ಪಟ್ಟಿಯಲ್ಲಿ ಪದಗಳನ್ನು 'ಆ' ಪಟ್ಟಿಯಲ್ಲಿ ಚಿತ್ರಗಳನ್ನು ಕೊಟ್ಟಿದೆ. ಚಿತ್ರಕ್ಕೆ: ತಬಲ,,,,
kannada-1std,ಅ' ಪಟ್ಟಿಯಲ್ಲಿ ಪದಗಳನ್ನು 'ಆ' ಪಟ್ಟಿಯಲ್ಲಿ ಚಿತ್ರಗಳನ್ನು ಕೊಟ್ಟಿದೆ. ಚಿತ್ರಕ್ಕೆ,3,ಅ' ಪಟ್ಟಿಯಲ್ಲಿ ಪದಗಳನ್ನು 'ಆ' ಪಟ್ಟಿಯಲ್ಲಿ ಚಿತ್ರಗಳನ್ನು ಕೊಟ್ಟಿದೆ. ಚಿತ್ರಕ್ಕೆ: ನಳ,,,,
kannada-1std,ಅ' ಪಟ್ಟಿಯಲ್ಲಿ ಪದಗಳನ್ನು 'ಆ' ಪಟ್ಟಿಯಲ್ಲಿ ಚಿತ್ರಗಳನ್ನು ಕೊಟ್ಟಿದೆ. ಚಿತ್ರಕ್ಕೆ,4,ಅ' ಪಟ್ಟಿಯಲ್ಲಿ ಪದಗಳನ್ನು 'ಆ' ಪಟ್ಟಿಯಲ್ಲಿ ಚಿತ್ರಗಳನ್ನು ಕೊಟ್ಟಿದೆ. ಚಿತ್ರಕ್ಕೆ: ಎರಕ,,,,
kannada-1std,ಅ' ಪಟ್ಟಿಯಲ್ಲಿ ಪದಗಳನ್ನು 'ಆ' ಪಟ್ಟಿಯಲ್ಲಿ ಚಿತ್ರಗಳನ್ನು ಕೊಟ್ಟಿದೆ. ಚಿತ್ರಕ್ಕೆ,5,ಅ' ಪಟ್ಟಿಯಲ್ಲಿ ಪದಗಳನ್ನು 'ಆ' ಪಟ್ಟಿಯಲ್ಲಿ ಚಿತ್ರಗಳನ್ನು ಕೊಟ್ಟಿದೆ. ಚಿತ್ರಕ್ಕೆ: ಏತ,,,,
kannada-1std,ಅ' ಪಟ್ಟಿಯಲ್ಲಿ ಪದಗಳನ್ನು 'ಆ' ಪಟ್ಟಿಯಲ್ಲಿ ಚಿತ್ರಗಳನ್ನು ಕೊಟ್ಟಿದೆ. ಚಿತ್ರಕ್ಕೆ,6,ಅ' ಪಟ್ಟಿಯಲ್ಲಿ ಪದಗಳನ್ನು 'ಆ' ಪಟ್ಟಿಯಲ್ಲಿ ಚಿತ್ರಗಳನ್ನು ಕೊಟ್ಟಿದೆ. ಚಿತ್ರಕ್ಕೆ: ಇನ,,,,
kannada-1std,"ಪದಗಳನ್ನು ಓದಿಸಿ, ಬರೆಯಿಸಿ.",1,"ಪದಗಳನ್ನು ಓದಿಸಿ, ಬರೆಯಿಸಿ.: ಎಡ",,,,
kannada-1std,"ಪದಗಳನ್ನು ಓದಿಸಿ, ಬರೆಯಿಸಿ.",2,"ಪದಗಳನ್ನು ಓದಿಸಿ, ಬರೆಯಿಸಿ.: ಇನ",,,,
kannada-1std,"ಪದಗಳನ್ನು ಓದಿಸಿ, ಬರೆಯಿಸಿ.",3,"ಪದಗಳನ್ನು ಓದಿಸಿ, ಬರೆಯಿಸಿ.: ತಳ",,,,
kannada-1std,"ಪದಗಳನ್ನು ಓದಿಸಿ, ಬರೆಯಿಸಿ.",2,"ಪದಗಳನ್ನು ಓದಿಸಿ, ಬರೆಯಿಸಿ.: 3.",,,,
kannada-1std,"ಪದಗಳನ್ನು ಓದಿಸಿ, ಬರೆಯಿಸಿ.",3,"ಪದಗಳನ್ನು ಓದಿಸಿ, ಬರೆಯಿಸಿ.: ಏ",,,,
kannada-1std,"ಪದಗಳನ್ನು ಓದಿಸಿ, ಬರೆಯಿಸಿ.",4,"ದ ( ಳ, ಎ, ಇ )",,,,
kannada-2ndstd,General Exercise,1,"ರಾಷ್ಟ್ರೀಯ ಹಾಗೂ ರಾಜ್ಯ ಪಠ್ಯಕ್ರಮ ಚೌಕಟ್ಟುಗಳು ಮತ್ತು ಸಂವಿಧಾನದ ಆಶಯಗಳಿಗೆ ವ್ಯತಿರಿಕ್ತವಾಗದಂತೆ,",,,,
kannada-2ndstd,General Exercise,2,ಪ್ರಸ್ತುತ ಪರಿಷ್ಕರಣ ಸಮಿತಿಗೆ ಪೂರ್ವದಲ್ಲಿಯೇ ಶಾಲಾ ಶಿಕ್ಷಣ ಇಲಾಖೆಯು ಹೊರಡಿಸಿದ್ದ “೨೦೨೩-೨೪ನೇ ಸಾಲಿನ,,,,
kannada-2ndstd,"ವಿವಿಧ ವ್ಯಕ್ತಿಗಳು, ಸಂಘಟನೆಗಳು ಸ್ವಯಂ ಪ್ರೇರಣೆಯಿಂದ ಅಪಾರ ಶ್ರಮ ಹಾಗೂ ವ್ಯವಧಾನದಿಂದ ಪಠ್ಯಪುಸ್ತಕಗಳಲ್ಲಿರುವ",5,ನಿರ್ದಿಷ್ಟ ಪಠ್ಯಗಳನ್ನು ಬೋಧಿಸುವ ಶಿಕ್ಷಕರಿಂದ ಪಡೆದುಕೊಂಡ ಅಭಿಪ್ರಾಯಗಳು ಸಹ ಪ್ರಸ್ತುತ ಪರಿಷ್ಕರಣೆಯಲ್ಲಿ ಅಪಾರ,,,,
kannada-2ndstd,"ವಿವಿಧ ವ್ಯಕ್ತಿಗಳು, ಸಂಘಟನೆಗಳು ಸ್ವಯಂ ಪ್ರೇರಣೆಯಿಂದ ಅಪಾರ ಶ್ರಮ ಹಾಗೂ ವ್ಯವಧಾನದಿಂದ ಪಠ್ಯಪುಸ್ತಕಗಳಲ್ಲಿರುವ",1,ಬಣ್ಣದ ಹಕ್ಕಿ (ಪದ್ಯ),,,,
kannada-2ndstd,"ವಿವಿಧ ವ್ಯಕ್ತಿಗಳು, ಸಂಘಟನೆಗಳು ಸ್ವಯಂ ಪ್ರೇರಣೆಯಿಂದ ಅಪಾರ ಶ್ರಮ ಹಾಗೂ ವ್ಯವಧಾನದಿಂದ ಪಠ್ಯಪುಸ್ತಕಗಳಲ್ಲಿರುವ",2,ಊರಿಗೊಬ್ಬ ರಾಜನಂತೆ (ಪದ್ಯ),,,,
kannada-2ndstd,"ವಿವಿಧ ವ್ಯಕ್ತಿಗಳು, ಸಂಘಟನೆಗಳು ಸ್ವಯಂ ಪ್ರೇರಣೆಯಿಂದ ಅಪಾರ ಶ್ರಮ ಹಾಗೂ ವ್ಯವಧಾನದಿಂದ ಪಠ್ಯಪುಸ್ತಕಗಳಲ್ಲಿರುವ",5,ಹಳ್ಳಿಯ ದಾರಿಯ ಬದಿಯಲಿ (ಪದ್ಯ),,,,
kannada-2ndstd,"ವಿವಿಧ ವ್ಯಕ್ತಿಗಳು, ಸಂಘಟನೆಗಳು ಸ್ವಯಂ ಪ್ರೇರಣೆಯಿಂದ ಅಪಾರ ಶ್ರಮ ಹಾಗೂ ವ್ಯವಧಾನದಿಂದ ಪಠ್ಯಪುಸ್ತಕಗಳಲ್ಲಿರುವ",8,ನನ್ನ ದೇವರು (ಪದ್ಯ),,,,
kannada-2ndstd,ಕೆಳಗಿನ ಪ್ರಶ್ನೆಗಳಿಗೆ ಉತ್ತರ ಹೇಳಿರಿ :,1,ಆನೆ ಯಾವ ದಿನದಂದು ಮನೆಗೆ ಬಂದಿತ್ತು?,,,,
kannada-2ndstd,ಕೆಳಗಿನ ಪ್ರಶ್ನೆಗಳಿಗೆ ಉತ್ತರ ಹೇಳಿರಿ :,2,ಯಾರ ಮನೆಗೆ ಆನೆ ಬಂದಿತ್ತು?,,,,
kannada-2ndstd,ಕೆಳಗಿನ ಪ್ರಶ್ನೆಗಳಿಗೆ ಉತ್ತರ ಹೇಳಿರಿ :,3,ಆನೆಗೆ ಅಮ್ಮ ಏನನ್ನು ಕೊಟ್ಟಳು?,,,,
kannada-2ndstd,ಕೆಳಗಿನ ಪ್ರಶ್ನೆಗಳಿಗೆ ಉತ್ತರ ಹೇಳಿರಿ :,4,ಆನೆಯ ಕಾಲಿಗೆ ಏನನ್ನು ಕಟ್ಟಲಾಗಿತ್ತು?,,,,
kannada-2ndstd,ಕೆಳಗಿನ ಪ್ರಶ್ನೆಗಳಿಗೆ ಉತ್ತರ ಹೇಳಿರಿ :,5,ಆನೆಯು ಹೇಗೆ ಜಳಕ ಮಾಡಿತ್ತು?,,,,
kannada-2ndstd,ಕೆಳಗಿನ ಪ್ರಶ್ನೆಗಳಿಗೆ ಉತ್ತರ ಹೇಳಿರಿ :,6,ಆನೆಯು ಹೇಗೆ ಸಲಾಮು ಮಾಡಿತ್ತು?,,,,
kannada-2ndstd,ಕೆಳಗಿನ ಪ್ರಶ್ನೆಗಳಿಗೆ ಉತ್ತರ ಹೇಳಿರಿ :,7,ಆನೆಯು ಮಕ್ಕಳನ್ನು ಕರೆದುಕೊಂಡು ಎಲ್ಲಿಗೆ ಹೊರಟಿತ್ತು?,,,,
kannada-2ndstd,ಕೆಳಗಿನ ಪ್ರಶ್ನೆಗಳಿಗೆ ಉತ್ತರ ಹೇಳಿರಿ :,1,ರೈತ ಎಲ್ಲಿ ಕೆಲಸ ಮಾಡುತ್ತಿದ್ದ?,,,,
kannada-2ndstd,ಕೆಳಗಿನ ಪ್ರಶ್ನೆಗಳಿಗೆ ಉತ್ತರ ಹೇಳಿರಿ :,2,ಹದ್ದು ಎಲ್ಲಿ ಸಿಕ್ಕಿಕೊಂಡಿತ್ತು?,,,,
kannada-2ndstd,General Exercise,3,ಹದ್ದನ್ನು ಬಲೆಯಿಂದ ಬಿಡಿಸಿದವರು ಯಾರು?,,,,
kannada-2ndstd,General Exercise,4,ರೈತನ ಮನೆಯ ಗೋಡೆ ಯಾವ ಸ್ಥಿತಿಯಲ್ಲಿತ್ತು?,,,,
kannada-2ndstd,General Exercise,5,ರೈತ ಹದ್ದಿನ ಕಡೆಗೆ ಹೇಗೆ ನೋಡಿದನು?,,,,
kannada-2ndstd,ಕೆಳಗಿನ ವಾಕ್ಯಗಳನ್ನು ನಕಲು ಮಾಡಿಸಿರಿ :,2,ಸುಬ್ಬನ ಮನೆಯಲ್ಲಿ ಕಪ್ಪು ಬಣ್ಣದ ಬೆಕ್ಕು ಇದೆ.,,,,
kannada-2ndstd,ಕೆಳಗಿನ ವಾಕ್ಯಗಳನ್ನು ನಕಲು ಮಾಡಿಸಿರಿ :,3,ಆನೆಯ ಗಾತ್ರವನ್ನು ನೋಡಿ ಆಶ್ಚರ್ಯವಾಯಿತು.,,,,
kannada-2ndstd,ಕೆಳಗಿನ ವಾಕ್ಯಗಳನ್ನು ನಕಲು ಮಾಡಿಸಿರಿ :,4,ಶಾಂತಲೆಯ ನೃತ್ಯ ಮನ ಸೆಳೆಯುತ್ತಿತ್ತು.,,,,
kannada-2ndstd,ಕೆಳಗಿನ ವಾಕ್ಯಗಳನ್ನು ನಕಲು ಮಾಡಿಸಿರಿ :,5,ಪ್ರತಿದಿನ ನಾವು ಸ್ನಾನ ಮಾಡಬೇಕು.,,,,
kannada-2ndstd,ಪದ್ಯದ ಮುಂದಿನ ಸಾಲುಗಳನ್ನು ಹೇಳಿ:,1,ಗೆಳೆಯರು ಆಡಲು ಯಾರೂ ಇಲ್ಲ,,,,
kannada-2ndstd,ಪದ್ಯದ ಮುಂದಿನ ಸಾಲುಗಳನ್ನು ಹೇಳಿ:,2,ಅವನು ಬರಲಿ ಅಪ್ಪನು ಬರಲಿ,,,,
kannada-2ndstd,ಪದ್ಯದ ಮುಂದಿನ ಸಾಲುಗಳನ್ನು ಹೇಳಿ:,3,ನನಗೂ ಎರಡು ರೆಕ್ಕೆಯ ಹಚ್ಚು,,,,
kannada-2ndstd,ಪದ್ಯದ ಮುಂದಿನ ಸಾಲುಗಳನ್ನು ಹೇಳಿ:,4,ನಾನು ನೀನೂ ಇಬ್ಬರು ಕೂಡಿ,,,,
kannada-2ndstd,ಈ ಪ್ರಶ್ನೆಗಳಿಗೆ ಒಂದು ಪದದಲ್ಲಿ ಉತ್ತರ ಬರೆಯಿರಿ:,1,ಮಗು ಯಾವ ಹಕ್ಕಿಯನ್ನು ಕರೆಯುತ್ತಿದೆ?,,,,
kannada-2ndstd,ಈ ಪ್ರಶ್ನೆಗಳಿಗೆ ಒಂದು ಪದದಲ್ಲಿ ಉತ್ತರ ಬರೆಯಿರಿ:,2,ಅವ್ವ ಎಲ್ಲಿಗೆ ಹೋಗಿಹಳು?,,,,
kannada-2ndstd,ಈ ಪ್ರಶ್ನೆಗಳಿಗೆ ಒಂದು ಪದದಲ್ಲಿ ಉತ್ತರ ಬರೆಯಿರಿ:,3,ಮಗು ತಿನ್ನಲು ಏನನ್ನು ಕೊಡಿಸುವೆನು ಎಂದಿತು?,,,,
kannada-2ndstd,ಈ ಪ್ರಶ್ನೆಗಳಿಗೆ ಒಂದು ಪದದಲ್ಲಿ ಉತ್ತರ ಬರೆಯಿರಿ:,4,ಮಗು ಇಬ್ಬರು ಕೂಡಿ ಯಾವ ಕಡೆಗೆ ಹಾರುವ ಬಾ ಎಂದು ಕರೆಯಿತು?,,,,
kannada-2ndstd,ಆವರಣದಲ್ಲಿ ಇರುವ ಪದಗಳಲ್ಲಿ ಸೂಕ್ತ ಪದ ಆರಿಸಿ ಖಾಲಿ ಬಿಟ್ಟ ಸ್ಥಳದಲ್ಲಿ ಬರೆಯಿರಿ:,1,ಬಾ ಬಾ ನನಗೂ,,,,
kannada-2ndstd,ಆವರಣದಲ್ಲಿ ಇರುವ ಪದಗಳಲ್ಲಿ ಸೂಕ್ತ ಪದ ಆರಿಸಿ ಖಾಲಿ ಬಿಟ್ಟ ಸ್ಥಳದಲ್ಲಿ ಬರೆಯಿರಿ:,2,ಆವರಣದಲ್ಲಿ ಇರುವ ಪದಗಳಲ್ಲಿ ಸೂಕ್ತ ಪದ ಆರಿಸಿ ಖಾಲಿ ಬಿಟ್ಟ ಸ್ಥಳದಲ್ಲಿ ಬರೆಯಿರಿ:: ಅಪ್ಪನು,,,,
kannada-2ndstd,ಆವರಣದಲ್ಲಿ ಇರುವ ಪದಗಳಲ್ಲಿ ಸೂಕ್ತ ಪದ ಆರಿಸಿ ಖಾಲಿ ಬಿಟ್ಟ ಸ್ಥಳದಲ್ಲಿ ಬರೆಯಿರಿ:,3,ನನಗೂ ಎರಡು ರೆಕ್ಕೆಯ,,,,
kannada-2ndstd,ಆವರಣದಲ್ಲಿ ಇರುವ ಪದಗಳಲ್ಲಿ ಸೂಕ್ತ ಪದ ಆರಿಸಿ ಖಾಲಿ ಬಿಟ್ಟ ಸ್ಥಳದಲ್ಲಿ ಬರೆಯಿರಿ:,4,ಆವರಣದಲ್ಲಿ ಇರುವ ಪದಗಳಲ್ಲಿ ಸೂಕ್ತ ಪದ ಆರಿಸಿ ಖಾಲಿ ಬಿಟ್ಟ ಸ್ಥಳದಲ್ಲಿ ಬರೆಯಿರಿ:: ನೆತ್ತಿಯ ಮೇಲೆ,,,,
kannada-2ndstd,ಆವರಣದಲ್ಲಿ ಇರುವ ಪದಗಳಲ್ಲಿ ಸೂಕ್ತ ಪದ ಆರಿಸಿ ಖಾಲಿ ಬಿಟ್ಟ ಸ್ಥಳದಲ್ಲಿ ಬರೆಯಿರಿ:,5,ಆವರಣದಲ್ಲಿ ಇರುವ ಪದಗಳಲ್ಲಿ ಸೂಕ್ತ ಪದ ಆರಿಸಿ ಖಾಲಿ ಬಿಟ್ಟ ಸ್ಥಳದಲ್ಲಿ ಬರೆಯಿರಿ:: ಮುಗಿಲಿನ ಕಡೆಗೆ,,,,
kannada-2ndstd,ಈ ಪ್ರಾಸ ಪದಗಳನ್ನು ಹೇಳು:,1,ವಿವಿಧ ಪಕ್ಷಿಗಳ ಕೂಗನ್ನು ಅನುಕರಣೆ ಮಾಡು.,,,,
kannada-2ndstd,ಈ ಪ್ರಾಸ ಪದಗಳನ್ನು ಹೇಳು:,2,"ನಿನಗೆ ಗೊತ್ತಿರುವ ಹಾಡು, ಕಥೆಗಳನ್ನು ಹೇಳು.",,,,
kannada-2ndstd,General Exercise,1,ನಿಮ್ಮ ಊರಿನ ಹೆಸರೇನು?,,,,
kannada-2ndstd,General Exercise,2,ನೀವು ಯಾರೊಂದಿಗೆ ಆಟ ಆಡುತ್ತೀರಿ?,,,,
kannada-2ndstd,General Exercise,3,ನಿಮಗೆ ಇಷ್ಟವಾದ ಆಟ ಯಾವುದು?,,,,
kannada-2ndstd,General Exercise,4,ನೀವು ಯಾವ ಯಾವ ಆಟಗಳನ್ನು ಆಡುತ್ತೀರಿ?,,,,
kannada-2ndstd,ಕೊಟ್ಟ ಸಾಲುಗಳನ್ನು ಓದಿ ಖಾಲಿ ಬಿಟ್ಟ ಸ್ಥಳಕ್ಕೆ ಸರಿಯಾದ ಪದ ಬರೆಯಿರಿ :,1,ರಾಜಗೊಬ್ಬ ಮಂತ್ರಿಯಂತೆ ಮಂತ್ರಿಯೊಬ್ಬ,,,,
kannada-2ndstd,ಕೊಟ್ಟ ಸಾಲುಗಳನ್ನು ಓದಿ ಖಾಲಿ ಬಿಟ್ಟ ಸ್ಥಳಕ್ಕೆ ಸರಿಯಾದ ಪದ ಬರೆಯಿರಿ :,2,ಮಗಳಿಗೊಂದು ಗೊಂಬೆಯಂತೆ ಗೊಂಬೆಗೊಂದು,,,,
kannada-2ndstd,ಕೊಟ್ಟ ಸಾಲುಗಳನ್ನು ಓದಿ ಖಾಲಿ ಬಿಟ್ಟ ಸ್ಥಳಕ್ಕೆ ಸರಿಯಾದ ಪದ ಬರೆಯಿರಿ :,3,ಗುಂಡಿ ಬಲು ಹಳೆಯದಂತೆ ಬೇರೆ,,,,
kannada-2ndstd,ಈ ಪದ್ಯಭಾಗದ ಮುಂದಿನ ಸಾಲುಗಳನ್ನು ಹೇಳಿರಿ :,1,ಈ ಪದ್ಯಭಾಗದ ಮುಂದಿನ ಸಾಲುಗಳನ್ನು ಹೇಳಿರಿ :: ದರ್ಜಿಯನ್ನು ಕರೆದರಂತೆ,,,,
kannada-2ndstd,ಈ ಪದ್ಯಭಾಗದ ಮುಂದಿನ ಸಾಲುಗಳನ್ನು ಹೇಳಿರಿ :,2,ಈ ಪದ್ಯಭಾಗದ ಮುಂದಿನ ಸಾಲುಗಳನ್ನು ಹೇಳಿರಿ :: ಅಂಗಿಗಿಟ್ಟು ಹೊಲಿದನಂತೆ,,,,
kannada-2ndstd,ಈ ಪದ್ಯಭಾಗದ ಮುಂದಿನ ಸಾಲುಗಳನ್ನು ಹೇಳಿರಿ :,3,ನಾನೂ ನೀನೂ ಹೋಗೋಣಂತೆ,,,,
kannada-2ndstd,ಅ' ಪಟ್ಟಿಯಲ್ಲಿನ ಪದಗಳಿಗೆ ಸರಿಯಾದ ಪದವನ್ನು 'ಆ' ಪಟ್ಟಿಯಿಂದ ಆರಿಸಿ ಹೊಂದಿಸಿ ಬರೆ :,1,ಅ' ಪಟ್ಟಿಯಲ್ಲಿನ ಪದಗಳಿಗೆ ಸರಿಯಾದ ಪದವನ್ನು 'ಆ' ಪಟ್ಟಿಯಿಂದ ಆರಿಸಿ ಹೊಂದಿಸಿ ಬರೆ :: ಊರಿಗೊಬ್ಬ,,,,
kannada-2ndstd,ಅ' ಪಟ್ಟಿಯಲ್ಲಿನ ಪದಗಳಿಗೆ ಸರಿಯಾದ ಪದವನ್ನು 'ಆ' ಪಟ್ಟಿಯಿಂದ ಆರಿಸಿ ಹೊಂದಿಸಿ ಬರೆ :,2,ಅ' ಪಟ್ಟಿಯಲ್ಲಿನ ಪದಗಳಿಗೆ ಸರಿಯಾದ ಪದವನ್ನು 'ಆ' ಪಟ್ಟಿಯಿಂದ ಆರಿಸಿ ಹೊಂದಿಸಿ ಬರೆ :: ಗುಂಡಿ ಬಲು,,,,
kannada-2ndstd,ಅ' ಪಟ್ಟಿಯಲ್ಲಿನ ಪದಗಳಿಗೆ ಸರಿಯಾದ ಪದವನ್ನು 'ಆ' ಪಟ್ಟಿಯಿಂದ ಆರಿಸಿ ಹೊಂದಿಸಿ ಬರೆ :,3,ಅ' ಪಟ್ಟಿಯಲ್ಲಿನ ಪದಗಳಿಗೆ ಸರಿಯಾದ ಪದವನ್ನು 'ಆ' ಪಟ್ಟಿಯಿಂದ ಆರಿಸಿ ಹೊಂದಿಸಿ ಬರೆ :: ಮಂತ್ರಿ ಮಗಳ,,,,
kannada-2ndstd,ಅ' ಪಟ್ಟಿಯಲ್ಲಿನ ಪದಗಳಿಗೆ ಸರಿಯಾದ ಪದವನ್ನು 'ಆ' ಪಟ್ಟಿಯಿಂದ ಆರಿಸಿ ಹೊಂದಿಸಿ ಬರೆ :,4,ಅ' ಪಟ್ಟಿಯಲ್ಲಿನ ಪದಗಳಿಗೆ ಸರಿಯಾದ ಪದವನ್ನು 'ಆ' ಪಟ್ಟಿಯಿಂದ ಆರಿಸಿ ಹೊಂದಿಸಿ ಬರೆ :: ಊರಿನ ರಾಜ,,,,
kannada-2ndstd,ಅ' ಪಟ್ಟಿಯಲ್ಲಿನ ಪದಗಳಿಗೆ ಸರಿಯಾದ ಪದವನ್ನು 'ಆ' ಪಟ್ಟಿಯಿಂದ ಆರಿಸಿ ಹೊಂದಿಸಿ ಬರೆ :,1,ಈ ಅಕ್ಷರಗಳನ್ನು ಸರಿಯಾಗಿ ಉಚ್ಚರಿಸು :,,,,
kannada-2ndstd,ಅ' ಪಟ್ಟಿಯಲ್ಲಿನ ಪದಗಳಿಗೆ ಸರಿಯಾದ ಪದವನ್ನು 'ಆ' ಪಟ್ಟಿಯಿಂದ ಆರಿಸಿ ಹೊಂದಿಸಿ ಬರೆ :,2,ಈ ಪದಗಳನ್ನು ಸರಿಯಾಗಿ ಉಚ್ಚರಿಸು :,,,,
kannada-2ndstd,ಈ ಪ್ರಶ್ನೆಗಳಿಗೆ ಒಂದು ವಾಕ್ಯದಲ್ಲಿ ಉತ್ತರ ಬರೆ :,1,ಯಾರು ಯಾರು ಒಳ್ಳೆಯ ಗೆಳೆಯರಾಗಿದ್ದರು?,,,,
kannada-2ndstd,ಈ ಪ್ರಶ್ನೆಗಳಿಗೆ ಒಂದು ವಾಕ್ಯದಲ್ಲಿ ಉತ್ತರ ಬರೆ :,2,ಓಟದ ಸ್ಪರ್ಧೆಗೆ ಗೆಳೆಯರು ಯಾರನ್ನು ತೀರ್ಪುಗಾರರನ್ನಾಗಿ ನೇಮಿಸಿದವು?,,,,
kannada-2ndstd,ಈ ಪ್ರಶ್ನೆಗಳಿಗೆ ಒಂದು ವಾಕ್ಯದಲ್ಲಿ ಉತ್ತರ ಬರೆ :,3,ಓಟದ ಸ್ಪರ್ಧೆಯಲ್ಲಿ ಮೊದಲ ಸಲ ಯಾರು ಬೇಗ ಗುರಿ ಮುಟ್ಟಿದರು?,,,,
kannada-2ndstd,ಈ ಪ್ರಶ್ನೆಗಳಿಗೆ ಒಂದು ವಾಕ್ಯದಲ್ಲಿ ಉತ್ತರ ಬರೆ :,4,ಆನೆಯು ಎರಡನೆಯ ಸಲ ಓಟದ ಆಟವನ್ನು ಎಲ್ಲಿ ಏರ್ಪಡಿಸಿತು?,,,,
kannada-2ndstd,ಈ ಮಾತನ್ನು ಯಾರು ಯಾರಿಗೆ ಹೇಳಿದರು :,1,“ನಾವಿಬ್ಬರೂ ಸಮಾನರು ಅಲ್ಲವೇ?”,,,,
kannada-2ndstd,ಈ ಮಾತನ್ನು ಯಾರು ಯಾರಿಗೆ ಹೇಳಿದರು :,2,“ಆನೆಯಣ್ಣ ಅಲ್ಲಿದ್ದಾನೆ. ಅವನನ್ನೇ ಕೇಳೋಣ ಬಾ”,,,,
kannada-2ndstd,ಈ ಮಾತನ್ನು ಯಾರು ಯಾರಿಗೆ ಹೇಳಿದರು :,3,“ಪ್ರತಿಯೊಬ್ಬರಲ್ಲಿಯೂ ಅವರದೇ ಆದ ವಿಶೇಷತೆ ಇರುತ್ತದೆ.”,,,,
kannada-2ndstd,ಕೊಟ್ಟಿರುವ ಅಕ್ಷರಗಳನ್ನು ಸರಿಯಾಗಿ ಜೋಡಿಸಿ ಬರೆಯಿರಿ :,1,ಕೊಟ್ಟಿರುವ ಅಕ್ಷರಗಳನ್ನು ಸರಿಯಾಗಿ ಜೋಡಿಸಿ ಬರೆಯಿರಿ :: ರೆಕುದು,,,,
kannada-2ndstd,ಕೊಟ್ಟಿರುವ ಅಕ್ಷರಗಳನ್ನು ಸರಿಯಾಗಿ ಜೋಡಿಸಿ ಬರೆಯಿರಿ :,2,ಕೊಟ್ಟಿರುವ ಅಕ್ಷರಗಳನ್ನು ಸರಿಯಾಗಿ ಜೋಡಿಸಿ ಬರೆಯಿರಿ :: ಲಸಹೆ,,,,
kannada-2ndstd,ಕೊಟ್ಟಿರುವ ಅಕ್ಷರಗಳನ್ನು ಸರಿಯಾಗಿ ಜೋಡಿಸಿ ಬರೆಯಿರಿ :,3,ಕೊಟ್ಟಿರುವ ಅಕ್ಷರಗಳನ್ನು ಸರಿಯಾಗಿ ಜೋಡಿಸಿ ಬರೆಯಿರಿ :: ಕುಹುಡು,,,,
kannada-2ndstd,ಕೊಟ್ಟಿರುವ ಅಕ್ಷರಗಳನ್ನು ಸರಿಯಾಗಿ ಜೋಡಿಸಿ ಬರೆಯಿರಿ :,4,ಕೊಟ್ಟಿರುವ ಅಕ್ಷರಗಳನ್ನು ಸರಿಯಾಗಿ ಜೋಡಿಸಿ ಬರೆಯಿರಿ :: ಯಒಳ್ಳೆ,,,,
kannada-2ndstd,ಈ ಕೆಳಗಿನ ಗಾದೆ ಮಾತುಗಳನ್ನು ಪೂರ್ಣಗೊಳಿಸಿ :,1,"ತಾಯಿಗಿಂತ ಬಂಧುವಿಲ್ಲ, ಉಪ್ಪಿಗಿಂತ",,,,
kannada-2ndstd,ಈ ಕೆಳಗಿನ ಗಾದೆ ಮಾತುಗಳನ್ನು ಪೂರ್ಣಗೊಳಿಸಿ :,2,"ಮೂರ್ತಿ ಚಿಕ್ಕದಾದರೂ, ಕೀರ್ತಿ",,,,
kannada-2ndstd,General Exercise,1,ನಮ್ಮ ರಾಜ್ಯದ ರಾಜಧಾನಿ ಯಾವುದು?,,,,
kannada-2ndstd,General Exercise,2,ಕೆಂಪೇಗೌಡರ ಮೊದಲಿನ ರಾಜಧಾನಿ ಯಾವುದು?,,,,
kannada-2ndstd,General Exercise,3,ಕೆಂಪೇಗೌಡರು ಬೆಂಗಳೂರನ್ನು ಏಕೆ ಕಟ್ಟಿಸಿದರು?,,,,
kannada-2ndstd,General Exercise,4,ಕೆಂಪೇಗೌಡರು ತಾನು ಕಟ್ಟಿಸಿದ ಹೊಸ ನಗರಕ್ಕೆ ಬೆಂಗಳೂರೆಂದು ಏಕೆ ಹೆಸರಿಟ್ಟರು?,,,,
kannada-2ndstd,General Exercise,5,ಅಚ್ಯುತರಾಯರು ಕೆಂಪೇಗೌಡರಿಗೆ ಹತ್ತು ಊರುಗಳನ್ನು ದಾನ ಕೊಡಲು,,,,
kannada-2ndstd,General Exercise,6,ಕೆಂಪೇಗೌಡರು ಗೋಪುರವನ್ನು ಏಕೆ ಕಟ್ಟಿಸಿದರು?,,,,
kannada-2ndstd,ಈ ಕೆಳಗಿನ ವಾಕ್ಯಗಳು ಸರಿ ಅಥವಾ ತಪ್ಪು ಎಂಬುದನ್ನು ಗುರುತಿಸಿ:,1,ವಿಜಯನಗರವು ಕೆಂಪೇಗೌಡರ ರಾಜಧಾನಿಯಾಗಿತ್ತು.,,,,
kannada-2ndstd,ಈ ಕೆಳಗಿನ ವಾಕ್ಯಗಳು ಸರಿ ಅಥವಾ ತಪ್ಪು ಎಂಬುದನ್ನು ಗುರುತಿಸಿ:,2,ಶಿವಸಮುದ್ರದ ಕಾಡಿನಲ್ಲಿ ಹೊಸ ನಗರವನ್ನು ಕೆಂಪೇಗೌಡರು ಕಟ್ಟಿಸಿದರು.,,,,
kannada-2ndstd,ಈ ಕೆಳಗಿನ ವಾಕ್ಯಗಳು ಸರಿ ಅಥವಾ ತಪ್ಪು ಎಂಬುದನ್ನು ಗುರುತಿಸಿ:,3,ಹೊಸ ನಗರವನ್ನು ಕಟ್ಟಲು ಪ್ರೇರಣೆ ಸಿಕ್ಕಿದ್ದು ಒಂದು ಕನಸಿನಿಂದ.,,,,
kannada-2ndstd,ಈ ಕೆಳಗಿನ ವಾಕ್ಯಗಳು ಸರಿ ಅಥವಾ ತಪ್ಪು ಎಂಬುದನ್ನು ಗುರುತಿಸಿ:,4,ಕೆಂಪೇಗೌಡರ ತಾಯಿಯ ಊರು ಬೆಂಗಳೂರೆಂಬ ಹಳ್ಳಿ.,,,,
kannada-2ndstd,ಈ ಕೆಳಗಿನ ವಾಕ್ಯಗಳು ಸರಿ ಅಥವಾ ತಪ್ಪು ಎಂಬುದನ್ನು ಗುರುತಿಸಿ:,5,ಕೆಂಪಾಂಬುಧಿ ಕೆರೆಯನ್ನು ಅಚ್ಯುತರಾಯರು ಕಟ್ಟಿಸಿದರು.,,,,
kannada-2ndstd,ಖಾಲಿ ಬಿಟ್ಟಿರುವ ಜಾಗಗಳಲ್ಲಿ ಸರಿಯಾದ ಪದ ತುಂಬಿ :,1,ಕೆಂಪೇಗೌಡರು ಗಳನ್ನು ತನ್ನ ಮಕ್ಕಳಂತೆ ಪ್ರೀತಿಸುತ್ತಿದ್ದರು.,,,,
kannada-2ndstd,ಖಾಲಿ ಬಿಟ್ಟಿರುವ ಜಾಗಗಳಲ್ಲಿ ಸರಿಯಾದ ಪದ ತುಂಬಿ :,2,ಕನಸಿನಲ್ಲಿ ದೇವಿಯು ಕಾಣಿಸಿಕೊಂಡು ಮರೆಯಾದ ಕಾಡಿನಲ್ಲಿ ಒಂದು,,,,
kannada-2ndstd,ಖಾಲಿ ಬಿಟ್ಟಿರುವ ಜಾಗಗಳಲ್ಲಿ ಸರಿಯಾದ ಪದ ತುಂಬಿ :,3,ಖಾಲಿ ಬಿಟ್ಟಿರುವ ಜಾಗಗಳಲ್ಲಿ ಸರಿಯಾದ ಪದ ತುಂಬಿ :: ಕಸಬುದಾರರಿಂದ,,,,
kannada-2ndstd,ಚೌಕಗಳಲ್ಲಿ ಕೊಟ್ಟಿರುವ ಅಕ್ಷರಗಳನ್ನು ಬಳಸಿ ಅರ್ಥಬರುವ ಒತ್ತಕ್ಷರ ಪದಗಳನ್ನು ರಚಿಸಿ:,1,ಕಾಡಿನ ಉತ್ತರಕ್ಕೆ ತುಸು ದೂರದಲ್ಲಿ ಚಿಕ್ಕ ಹಳ್ಳಿಯಿತ್ತು.,,,,
kannada-2ndstd,ಚೌಕಗಳಲ್ಲಿ ಕೊಟ್ಟಿರುವ ಅಕ್ಷರಗಳನ್ನು ಬಳಸಿ ಅರ್ಥಬರುವ ಒತ್ತಕ್ಷರ ಪದಗಳನ್ನು ರಚಿಸಿ:,2,ಹಳ್ಳಿಗಳ ನಡುವಿದ್ದ ಕಾಡಿನಲ್ಲಿ ಬೆಂಗಳೂರು ಹುಟ್ಟಿತು.,,,,
kannada-2ndstd,ಚೌಕಗಳಲ್ಲಿ ಕೊಟ್ಟಿರುವ ಅಕ್ಷರಗಳನ್ನು ಬಳಸಿ ಅರ್ಥಬರುವ ಒತ್ತಕ್ಷರ ಪದಗಳನ್ನು ರಚಿಸಿ:,3,ಪ್ರಜೆಗಳನ್ನು ತನ್ನ ಮಕ್ಕಳಂತೆ ಪ್ರೀತಿಸುತ್ತಿದ್ದರು.,,,,
kannada-2ndstd,ಚೌಕಗಳಲ್ಲಿ ಕೊಟ್ಟಿರುವ ಅಕ್ಷರಗಳನ್ನು ಬಳಸಿ ಅರ್ಥಬರುವ ಒತ್ತಕ್ಷರ ಪದಗಳನ್ನು ರಚಿಸಿ:,4,ಮತ್ತೆ ಮತ್ತೆ ಅದೇ ಕನಸು ಬಿದ್ದಿತು.,,,,
kannada-2ndstd,ಚೌಕಗಳಲ್ಲಿ ಕೊಟ್ಟಿರುವ ಅಕ್ಷರಗಳನ್ನು ಬಳಸಿ ಅರ್ಥಬರುವ ಒತ್ತಕ್ಷರ ಪದಗಳನ್ನು ರಚಿಸಿ:,5,ಕೆಂಪೇಗೌಡರು ಹೊಸ ನಗರವನ್ನು ಕಟ್ಟಿಸಿದರು.,,,,
kannada-2ndstd,ಚೌಕಗಳಲ್ಲಿ ಕೊಟ್ಟಿರುವ ಅಕ್ಷರಗಳನ್ನು ಬಳಸಿ ಅರ್ಥಬರುವ ಒತ್ತಕ್ಷರ ಪದಗಳನ್ನು ರಚಿಸಿ:,6,"ದೈವಭಕ್ತಿ, ಪ್ರಜಾಪ್ರೇಮ, ಬುದ್ಧಿವಂತಿಕೆ ಇವನ್ನು ಅಚ್ಯುತರಾಯರು ಮೆಚ್ಚಿದರು.",,,,
kannada-2ndstd,ಈ ಪ್ರಶ್ನೆಗಳಿಗೆ ಒಂದು ವಾಕ್ಯದಲ್ಲಿ ಉತ್ತರ ಹೇಳಿ:,1,ಹಳ್ಳಿಯ ದಾರಿಯ ಬದಿಯಲಿ ಏನಿತ್ತು?,,,,
kannada-2ndstd,ಈ ಪ್ರಶ್ನೆಗಳಿಗೆ ಒಂದು ವಾಕ್ಯದಲ್ಲಿ ಉತ್ತರ ಹೇಳಿ:,2,ಹಕ್ಕಿಗಳು ಗೂಡನ್ನು ಎಲ್ಲಿ ಕಟ್ಟಿದ್ದವು?,,,,
kannada-2ndstd,ಈ ಪ್ರಶ್ನೆಗಳಿಗೆ ಒಂದು ವಾಕ್ಯದಲ್ಲಿ ಉತ್ತರ ಹೇಳಿ:,3,ಹಕ್ಕಿಯ ಮರಿಗಳು ಏನೆಂದು ಹಾಡಿದವು?,,,,
kannada-2ndstd,ಈ ಪ್ರಶ್ನೆಗಳಿಗೆ ಒಂದು ವಾಕ್ಯದಲ್ಲಿ ಉತ್ತರ ಹೇಳಿ:,4,ಜನರ ಮನವನ್ನು ಯಾವುದು ಸೆಳೆದಿತ್ತು?,,,,
kannada-2ndstd,ಖಾಲಿ ಬಿಟ್ಟಿರುವ ಜಾಗಗಳಲ್ಲಿ ಸರಿಯಾದ ಪದ ಬರೆಯಿರಿ:,1,ಖಾಲಿ ಬಿಟ್ಟಿರುವ ಜಾಗಗಳಲ್ಲಿ ಸರಿಯಾದ ಪದ ಬರೆಯಿರಿ:: ಹಲವು ಕೊಂಬೆಗಳನು,,,,
kannada-2ndstd,ಖಾಲಿ ಬಿಟ್ಟಿರುವ ಜಾಗಗಳಲ್ಲಿ ಸರಿಯಾದ ಪದ ಬರೆಯಿರಿ:,2,ಖಾಲಿ ಬಿಟ್ಟಿರುವ ಜಾಗಗಳಲ್ಲಿ ಸರಿಯಾದ ಪದ ಬರೆಯಿರಿ:: ಬಾಯಲಿ,,,,
kannada-2ndstd,ಖಾಲಿ ಬಿಟ್ಟಿರುವ ಜಾಗಗಳಲ್ಲಿ ಸರಿಯಾದ ಪದ ಬರೆಯಿರಿ:,3,ಖಾಲಿ ಬಿಟ್ಟಿರುವ ಜಾಗಗಳಲ್ಲಿ ಸರಿಯಾದ ಪದ ಬರೆಯಿರಿ:: ಮರವೊಂದಾದರು,,,,
kannada-2ndstd,ಖಾಲಿ ಬಿಟ್ಟಿರುವ ಜಾಗಗಳಲ್ಲಿ ಸರಿಯಾದ ಪದ ಬರೆಯಿರಿ:,4,ಖಾಲಿ ಬಿಟ್ಟಿರುವ ಜಾಗಗಳಲ್ಲಿ ಸರಿಯಾದ ಪದ ಬರೆಯಿರಿ:: ಶುದ್ಧ,,,,
kannada-2ndstd,ಕೊಟ್ಟಿರುವ ಪದಗಳಿಗೆ ಪ್ರಾಸ ಪದ ಹೇಳಿ ಬರೆಯಿರಿ :,1,ಕೊಟ್ಟಿರುವ ಪದಗಳಿಗೆ ಪ್ರಾಸ ಪದ ಹೇಳಿ ಬರೆಯಿರಿ :: ಮರವಿತ್ತು :,,,,
kannada-2ndstd,ಕೊಟ್ಟಿರುವ ಪದಗಳಿಗೆ ಪ್ರಾಸ ಪದ ಹೇಳಿ ಬರೆಯಿರಿ :,2,ಕೊಟ್ಟಿರುವ ಪದಗಳಿಗೆ ಪ್ರಾಸ ಪದ ಹೇಳಿ ಬರೆಯಿರಿ :: ಹಾಡಿತ್ತು,,,,
kannada-2ndstd,ಕೊಟ್ಟಿರುವ ಪದಗಳಿಗೆ ಪ್ರಾಸ ಪದ ಹೇಳಿ ಬರೆಯಿರಿ :,3,ಕೊಟ್ಟಿರುವ ಪದಗಳಿಗೆ ಪ್ರಾಸ ಪದ ಹೇಳಿ ಬರೆಯಿರಿ :: ಸೆಳೆದಿತ್ತು,,,,
kannada-2ndstd,ಕೊಟ್ಟಿರುವ ಪದಗಳಿಗೆ ಪ್ರಾಸ ಪದ ಹೇಳಿ ಬರೆಯಿರಿ :,4,ಕೊಟ್ಟಿರುವ ಪದಗಳಿಗೆ ಪ್ರಾಸ ಪದ ಹೇಳಿ ಬರೆಯಿರಿ :: ತಾಕತ್ತು,,,,
kannada-2ndstd,General Exercise,1,ಗೆಳೆಯರೆಲ್ಲ ಕೂಡಿ ಎಲ್ಲಿಗೆ ಹೋದರು?,,,,
kannada-2ndstd,General Exercise,2,ಸಂತೆಯಲ್ಲಿ ಏನನ್ನು ರಿಪೇರಿ ಮಾಡುತ್ತಿದ್ದರು?,,,,
kannada-2ndstd,General Exercise,3,ಸಂತೆಯಲ್ಲಿ ಯಾವ ಆಟ ಆಡುತ್ತಿದ್ದರು?,,,,
kannada-2ndstd,General Exercise,4,ಮಕ್ಕಳು ಬಾಳೆಹಣ್ಣಿನ ಸಿಪ್ಪೆಯನ್ನು ಎಲ್ಲಿ ಹಾಕಿದರು?,,,,
kannada-2ndstd,ಈ ಮಾತನ್ನು ಯಾರು ಯಾರಿಗೆ ಹೇಳಿದರು?,1,“ಅವಸರದಿಂದ ಚದುರಿ ಹೋಗಬೇಡಿ”.,,,,
kannada-2ndstd,ಈ ಮಾತನ್ನು ಯಾರು ಯಾರಿಗೆ ಹೇಳಿದರು?,2,"“ಅಲ್ಲಿ ನೋಡಿ, ಘಮಘಮಿಸುವ ಹೂಗಳು”.",,,,
kannada-2ndstd,ಈ ಮಾತನ್ನು ಯಾರು ಯಾರಿಗೆ ಹೇಳಿದರು?,3,“ಇಲ್ಲಿಗೆ ಇವೆಲ್ಲವನ್ನು ಎಲ್ಲಿಂದ ತರುತ್ತಾರೆ?”,,,,
kannada-2ndstd,ಈ ಮಾತನ್ನು ಯಾರು ಯಾರಿಗೆ ಹೇಳಿದರು?,4,“ಸಿಪ್ಪೆಯನ್ನು ದಾರಿಗೆ ಎಸೆಯಬಾರದು.”,,,,
kannada-2ndstd,ಈ ಪ್ರಶ್ನೆಗಳಿಗೆ ಒಂದು ವಾಕ್ಯದಲ್ಲಿ ಉತ್ತರ ಬರೆಯಿರಿ:,1,ಕಾಡಿನಲ್ಲಿ ಆಹಾರ ಹುಡುಕುತ್ತಾ ಯಾರು ಬಂದರು?,,,,
kannada-2ndstd,ಈ ಪ್ರಶ್ನೆಗಳಿಗೆ ಒಂದು ವಾಕ್ಯದಲ್ಲಿ ಉತ್ತರ ಬರೆಯಿರಿ:,2,ನರಿಗೆ ತೋಟದ ಕಡೆಯಿಂದ ಯಾವ ಸದ್ದು ಕೇಳಿತು?,,,,
kannada-2ndstd,ಈ ಪ್ರಶ್ನೆಗಳಿಗೆ ಒಂದು ವಾಕ್ಯದಲ್ಲಿ ಉತ್ತರ ಬರೆಯಿರಿ:,3,ನರಿಯ ಮರಿ ಎಲ್ಲಿ ಸಿಕ್ಕಿಕೊಂಡಿತು?,,,,
kannada-2ndstd,ಈ ಪ್ರಶ್ನೆಗಳಿಗೆ ಒಂದು ವಾಕ್ಯದಲ್ಲಿ ಉತ್ತರ ಬರೆಯಿರಿ:,4,ನರಿಯು ಬಲೆಯಿಂದ ತಪ್ಪಿಸಿಕೊಳ್ಳಲು ಸಹಾಯ ಮಾಡಿದವರು ಯಾರು?,,,,
kannada-2ndstd,ಆವರಣದಲ್ಲಿರುವ ಸೂಕ್ತ ಪದವನ್ನು ಆರಿಸಿ ಬಿಟ್ಟ ಸ್ಥಳದಲ್ಲಿ ಬರೆಯಿರಿ:,1,ನರಿಗೆ ದೂರದಲ್ಲಿ ತೋಟದ.,,,,
kannada-2ndstd,ಆವರಣದಲ್ಲಿರುವ ಸೂಕ್ತ ಪದವನ್ನು ಆರಿಸಿ ಬಿಟ್ಟ ಸ್ಥಳದಲ್ಲಿ ಬರೆಯಿರಿ:,2,ಸಮಯ ಸಾಧಿಸಿ ಸ್ವಲ್ಪ ದೂರದಲ್ಲಿ,,,,
kannada-2ndstd,ಆವರಣದಲ್ಲಿರುವ ಸೂಕ್ತ ಪದವನ್ನು ಆರಿಸಿ ಬಿಟ್ಟ ಸ್ಥಳದಲ್ಲಿ ಬರೆಯಿರಿ:,3,ಕೋಳಿಗಳನ್ನು ಕಂಡು ನರಿಯ ಮರಿಯು ಮನದಲ್ಲೇ,,,,
kannada-2ndstd,ಈ ಮಾತುಗಳನ್ನು ಯಾರು ಯಾರಿಗೆ ಹೇಳಿದರು?,3,“ನಮ್ಮ ಹಲ್ಲುಗಳು ಗಟ್ಟಿಯಾಗಿಯೇ ಇವೆ”.,,,,
kannada-2ndstd,ಒಂದು ವಾಕ್ಯದಲ್ಲಿ ಉತ್ತರ ಹೇಳಿರಿ:,1,ನಮಗೆ ಹಗಲಿನಲ್ಲಿ ಬೆಳಕನ್ನು ಕೊಡುವವನು ಯಾರು?,,,,
kannada-2ndstd,ಒಂದು ವಾಕ್ಯದಲ್ಲಿ ಉತ್ತರ ಹೇಳಿರಿ:,2,ರೈತ ಎಲ್ಲಿ ದುಡಿಯುತ್ತಾನೆ?,,,,
kannada-2ndstd,ಒಂದು ವಾಕ್ಯದಲ್ಲಿ ಉತ್ತರ ಹೇಳಿರಿ:,3,ಯೋಧ ಏತಕ್ಕಾಗಿ ಶ್ರಮಿಸುತ್ತಿದ್ದಾನೆ?,,,,
kannada-2ndstd,ಪ್ರಶ್ನೆಗಳಿಗೆ ಒಂದು ವಾಕ್ಯದಲ್ಲಿ ಉತ್ತರಿಸಿ:,1,ರಾತ್ರಿವೇಳೆ ಬೆಳಕು ಕೊಡುವವನು ಯಾರು?,,,,
kannada-2ndstd,ಪ್ರಶ್ನೆಗಳಿಗೆ ಒಂದು ವಾಕ್ಯದಲ್ಲಿ ಉತ್ತರಿಸಿ:,2,ಭೂಮಿ ಏನನ್ನು ಹೊದ್ದು ನಿಂತಿದೆ?,,,,
kannada-2ndstd,ಪ್ರಶ್ನೆಗಳಿಗೆ ಒಂದು ವಾಕ್ಯದಲ್ಲಿ ಉತ್ತರಿಸಿ:,3,ವಿದ್ಯೆ ಕಲಿಸಿ ಯಾರು ಹಿತವ ನುಡಿವರು?,,,,
kannada-2ndstd,ಗುಂಪಿಗೆ ಸೇರದ ಪದ ಗುರುತಿಸಿ ಬರೆಯಿರಿ :,1,"ಸೂರ್ಯ, ಚಂದ್ರ, ಗುಡ್ಡ, ನಕ್ಷತ್ರ",,,,
kannada-2ndstd,ಗುಂಪಿಗೆ ಸೇರದ ಪದ ಗುರುತಿಸಿ ಬರೆಯಿರಿ :,2,"ಬೆಳಕು, ಗಾಳಿ, ನೀರು, ರೈತ",,,,
kannada-2ndstd,ಈ ಕಥೆಯನ್ನು ಓದಿ ಕೊಟ್ಟಿರುವ ಪ್ರಶ್ನೆಗಳಿಗೆ ಉತ್ತರ ಬರೆಯಿರಿ :,1,ಬೇಟೆಗಾರ ಯಾವುದಕ್ಕಾಗಿ ಬಲೆ ಬೀಸಿದನು?,,,,
kannada-2ndstd,ಈ ಕಥೆಯನ್ನು ಓದಿ ಕೊಟ್ಟಿರುವ ಪ್ರಶ್ನೆಗಳಿಗೆ ಉತ್ತರ ಬರೆಯಿರಿ :,2,ಎಲ್ಲಾ ಹಕ್ಕಿಗಳು ಸೇರಿ ಏನು ಮಾಡಿದವು?,,,,
kannada-3rdstd,General Exercise,1,ಕಸ್ತೂರಿಯು ಏನನ್ನು ಕೊಂಡನು?,,,,
kannada-3rdstd,General Exercise,2,ಕಸ್ತೂರಿ ಎಲ್ಲಿ ತುತ್ತೂರಿ ಊದಿದನು?,,,,
kannada-3rdstd,General Exercise,3,ಕಸ್ತೂರಿಯು ತುತ್ತೂರಿಯನ್ನು ಯಾವಾಗ ಊದಿದನು?,,,,
kannada-3rdstd,General Exercise,4,ಜಂಭದ ಕೋಳಿ ಯಾರು?,,,,
kannada-3rdstd,General Exercise,5,ಜಂಭದ ಕೋಳಿಗೆ ಏಕೆ ಗೋಳಾಯಿತು?,,,,
kannada-3rdstd,General Exercise,6,General Exercise: ತುತ್ತೂರಿ ಏನಾಯಿತು?,,,,
kannada-3rdstd,ಈ ವಾಕ್ಯಗಳಲ್ಲಿ ಬಿಟ್ಟಿರುವ ಸ್ಥಳವನ್ನು ಸೂಕ್ತ ಪದದಿಂದ ತುಂಬು.,2,ಈ ವಾಕ್ಯಗಳಲ್ಲಿ ಬಿಟ್ಟಿರುವ ಸ್ಥಳವನ್ನು ಸೂಕ್ತ ಪದದಿಂದ ತುಂಬು.: ಕಸ್ತೂರಿ ನಡೆದನು,,,,
kannada-3rdstd,ಈ ವಾಕ್ಯಗಳಲ್ಲಿ ಬಿಟ್ಟಿರುವ ಸ್ಥಳವನ್ನು ಸೂಕ್ತ ಪದದಿಂದ ತುಂಬು.,3,ಈ ವಾಕ್ಯಗಳಲ್ಲಿ ಬಿಟ್ಟಿರುವ ಸ್ಥಳವನ್ನು ಸೂಕ್ತ ಪದದಿಂದ ತುಂಬು.: ಜಾರಿತು ನೀರಿಗೆ,,,,
kannada-3rdstd,ಈ ವಾಕ್ಯಗಳಲ್ಲಿ ಬಿಟ್ಟಿರುವ ಸ್ಥಳವನ್ನು ಸೂಕ್ತ ಪದದಿಂದ ತುಂಬು.,4,ಈ ವಾಕ್ಯಗಳಲ್ಲಿ ಬಿಟ್ಟಿರುವ ಸ್ಥಳವನ್ನು ಸೂಕ್ತ ಪದದಿಂದ ತುಂಬು.: ಬಣ್ಣದ ತುತ್ತೂರಿ,,,,
kannada-3rdstd,ಈ ಕಥೆಯನ್ನು ಓದಿ ಕೆಳಗಿನ ಪ್ರಶ್ನೆಗಳಿಗೆ ಉತ್ತರಿಸು.,1,ಈ ಕಥೆಯನ್ನು ಓದಿ ಕೆಳಗಿನ ಪ್ರಶ್ನೆಗಳಿಗೆ ಉತ್ತರಿಸು.: ರಾಮಣ್ಣ ಯಾರು?,,,,
kannada-3rdstd,ಈ ಕಥೆಯನ್ನು ಓದಿ ಕೆಳಗಿನ ಪ್ರಶ್ನೆಗಳಿಗೆ ಉತ್ತರಿಸು.,2,ರಾಮಣ್ಣ ಎಲ್ಲಿ ವಾಸಿಸುತ್ತಿದ್ದನು?,,,,
kannada-3rdstd,ಈ ಕಥೆಯನ್ನು ಓದಿ ಕೆಳಗಿನ ಪ್ರಶ್ನೆಗಳಿಗೆ ಉತ್ತರಿಸು.,3,ರಾಮಣ್ಣ ಯಾವಾಗ ಕಾಡಿಗೆ ಹೋಗುತ್ತಿದ್ದನು?,,,,
kannada-3rdstd,ಈ ಕಥೆಯನ್ನು ಓದಿ ಕೆಳಗಿನ ಪ್ರಶ್ನೆಗಳಿಗೆ ಉತ್ತರಿಸು.,4,ವನದೇವತೆಯು ರಾಮಣ್ಣನಿಗೆ ಅಕ್ಷಯ ಪಾತ್ರೆಯನ್ನು ಏಕೆ ನೀಡಿದಳು?,,,,
kannada-3rdstd,ಈ ಕಥೆಯನ್ನು ಓದಿ ಕೆಳಗಿನ ಪ್ರಶ್ನೆಗಳಿಗೆ ಉತ್ತರಿಸು.,1,ಈ ಕಥೆಯನ್ನು ಓದಿ ಕೆಳಗಿನ ಪ್ರಶ್ನೆಗಳಿಗೆ ಉತ್ತರಿಸು.: ಸ್ವರಾಕ್ಷರಗಳು,,,reading comphrenshion,
kannada-3rdstd,ಈ ಕಥೆಯನ್ನು ಓದಿ ಕೆಳಗಿನ ಪ್ರಶ್ನೆಗಳಿಗೆ ಉತ್ತರಿಸು.,3,ಈ ಕಥೆಯನ್ನು ಓದಿ ಕೆಳಗಿನ ಪ್ರಶ್ನೆಗಳಿಗೆ ಉತ್ತರಿಸು.: ವ್ಯಂಜನಾಕ್ಷರಗಳು,,,,
kannada-3rdstd,ಈ ಕಥೆಯನ್ನು ಓದಿ ಕೆಳಗಿನ ಪ್ರಶ್ನೆಗಳಿಗೆ ಉತ್ತರಿಸು.,13,ಈ ಕಥೆಯನ್ನು ಓದಿ ಕೆಳಗಿನ ಪ್ರಶ್ನೆಗಳಿಗೆ ಉತ್ತರಿಸು.: B 13.,,,,
kannada-3rdstd,General Exercise,1,ಕನ್ನಡ ವರ್ಣಮಾಲೆಯಲ್ಲಿ ಎಷ್ಟು ಅಕ್ಷರಗಳಿವೆ?,,,,
kannada-3rdstd,General Exercise,2,ಕನ್ನಡ ವರ್ಣಮಾಲೆಯ ಅಕ್ಷರಗಳನ್ನು ಎಷ್ಟು ಗುಂಪುಗಳಾಗಿ ವಿಂಗಡಿಸಿದ್ದಾರೆ?,,,,
kannada-3rdstd,General Exercise,3,General Exercise: ವ್ಯಂಜನಾಕ್ಷರಗಳನ್ನು ಬರೆ.,,,,
kannada-3rdstd,ಅ' ಪಟ್ಟಿಯಲ್ಲಿನ ಶಬ್ದಗಳಲ್ಲಿನ ಬಿಡಿಸಿದ ರೂಪವನ್ನು 'ಬ' ಪಟ್ಟಿಯಲ್ಲಿನ ಶಬ್ದಗಳಿಗೆ,1,ಪಾಲು + ಆಯ್ತು,,,,
kannada-3rdstd,ಅ' ಪಟ್ಟಿಯಲ್ಲಿನ ಶಬ್ದಗಳಲ್ಲಿನ ಬಿಡಿಸಿದ ರೂಪವನ್ನು 'ಬ' ಪಟ್ಟಿಯಲ್ಲಿನ ಶಬ್ದಗಳಿಗೆ,2,ಬೋಳು + ಆಯ್ತು,,,,
kannada-3rdstd,ಅ' ಪಟ್ಟಿಯಲ್ಲಿನ ಶಬ್ದಗಳಲ್ಲಿನ ಬಿಡಿಸಿದ ರೂಪವನ್ನು 'ಬ' ಪಟ್ಟಿಯಲ್ಲಿನ ಶಬ್ದಗಳಿಗೆ,3,ಹಾಳು + ಆಯ್ತು,,,,
kannada-3rdstd,ಅ' ಪಟ್ಟಿಯಲ್ಲಿನ ಶಬ್ದಗಳಲ್ಲಿನ ಬಿಡಿಸಿದ ರೂಪವನ್ನು 'ಬ' ಪಟ್ಟಿಯಲ್ಲಿನ ಶಬ್ದಗಳಿಗೆ,4,ಗೋಳು + ಆಯ್ತು,,,,
kannada-3rdstd,General Exercise,1,ಕಾಡಿಗೆ ಮರ ಕಡಿಯಲು ಬಂದವರು ಯಾರು?,,,,
kannada-3rdstd,General Exercise,2,ಮಾನವ ಯಾರನ್ನು ಅಂಜುಬುರುಕ ಪ್ರಾಣಿ ಎಂದು ಹೇಳಿದನು?,,,,
kannada-3rdstd,General Exercise,3,ಕೋತಿ ಮಾನವನನ್ನು ಏನೆಂದು ಪ್ರಶ್ನಿಸಿತು?,,,,
kannada-3rdstd,ಎರಡು-ಮೂರು ವಾಕ್ಯಗಳಲ್ಲಿ ಉತ್ತರಿಸು.,1,ಮೊಲವು ಮಾನವನನ್ನು ಅವಿವೇಕಿ ಎಂದು ಹೇಳಿದ್ದು ಏಕೆ?,,,,
kannada-3rdstd,ಎರಡು-ಮೂರು ವಾಕ್ಯಗಳಲ್ಲಿ ಉತ್ತರಿಸು.,2,ರಾಜು ಕಂಡ ಕನಸೇನು?,,,,
kannada-3rdstd,ಎರಡು-ಮೂರು ವಾಕ್ಯಗಳಲ್ಲಿ ಉತ್ತರಿಸು.,3,ಮಾನವನ ಸವಾಲಿಗೆ ಕಾಗೆಯ ಉತ್ತರವೇನು?,,,,
kannada-3rdstd,ಎರಡು-ಮೂರು ವಾಕ್ಯಗಳಲ್ಲಿ ಉತ್ತರಿಸು.,1,“ಸಾಲುಮರದ ತಿಮ್ಮಕ್ಕನನ್ನು ನೋಡಿ ಕಲಿ”,,,,
kannada-3rdstd,ಎರಡು-ಮೂರು ವಾಕ್ಯಗಳಲ್ಲಿ ಉತ್ತರಿಸು.,2,“ನಾವು ಪ್ರಾಣಿಗಳಿಂದ ಕಲಿಯೋದು ಬಹಳಷ್ಟಿದೆ”,,,,
kannada-3rdstd,ಅ' ಪಟ್ಟಿಯಲ್ಲಿನ ಪ್ರಾಣಿ ಪಕ್ಷಿಗಳನ್ನು 'ಬ' ಪಟ್ಟಿಯಲ್ಲಿನ ಅವುಗಳ ವಿಶೇಷತೆಗಳ ಜೊತೆ,1,ಅ' ಪಟ್ಟಿಯಲ್ಲಿನ ಪ್ರಾಣಿ ಪಕ್ಷಿಗಳನ್ನು 'ಬ' ಪಟ್ಟಿಯಲ್ಲಿನ ಅವುಗಳ ವಿಶೇಷತೆಗಳ ಜೊತೆ: ಕೋಗಿಲೆ,,,,
kannada-3rdstd,ಅ' ಪಟ್ಟಿಯಲ್ಲಿನ ಪ್ರಾಣಿ ಪಕ್ಷಿಗಳನ್ನು 'ಬ' ಪಟ್ಟಿಯಲ್ಲಿನ ಅವುಗಳ ವಿಶೇಷತೆಗಳ ಜೊತೆ,3,ಅ' ಪಟ್ಟಿಯಲ್ಲಿನ ಪ್ರಾಣಿ ಪಕ್ಷಿಗಳನ್ನು 'ಬ' ಪಟ್ಟಿಯಲ್ಲಿನ ಅವುಗಳ ವಿಶೇಷತೆಗಳ ಜೊತೆ: ನವಿಲು,,,,
kannada-3rdstd,ವಿರುದ್ಧಾರ್ಥಕ ಪದ ಬರೆ.,1,ವಿರುದ್ಧಾರ್ಥಕ ಪದ ಬರೆ.: ಅಂಜುಬುರುಕ,,,,
kannada-3rdstd,ವಿರುದ್ಧಾರ್ಥಕ ಪದ ಬರೆ.,2,ವಿರುದ್ಧಾರ್ಥಕ ಪದ ಬರೆ.: ಮೊದಲು,,,,
kannada-3rdstd,ವಿರುದ್ಧಾರ್ಥಕ ಪದ ಬರೆ.,3,ವಿರುದ್ಧಾರ್ಥಕ ಪದ ಬರೆ.: ಉಳಿವು,,,,
kannada-3rdstd,ವಿರುದ್ಧಾರ್ಥಕ ಪದ ಬರೆ.,4,ವಿರುದ್ಧಾರ್ಥಕ ಪದ ಬರೆ.: ಅತಿವೃಷ್ಟಿ,,,,
kannada-3rdstd,ಈ ಕೆಳಗಿನ ಸಾಲುಗಳನ್ನು ಸ್ಪಷ್ಟವಾಗಿ ಹಲವು ಬಾರಿ ಓದು.,1,ಕಪ್ಪು ಕುಂಕುಮ ಕೆಂಪು ಕುಂಕುಮ,,,,
kannada-3rdstd,ಈ ಕೆಳಗಿನ ಸಾಲುಗಳನ್ನು ಸ್ಪಷ್ಟವಾಗಿ ಹಲವು ಬಾರಿ ಓದು.,2,ಸಂಪಂಗಪ್ಪನ ಮಗ ಮರಿ ಸಂಪಂಗಪ್ಪ,,,,
kannada-3rdstd,ಈ ಕೆಳಗಿನ ಸಾಲುಗಳನ್ನು ಸ್ಪಷ್ಟವಾಗಿ ಹಲವು ಬಾರಿ ಓದು.,3,ಕಾಗೆ ಪುಕ್ಕ ಗುಬ್ಬಿ ಪುಕ್ಕ,,,,
kannada-3rdstd,ನಿನಗೆ ಗೊತ್ತಿರುವ ಕಥೆಗಳಲ್ಲಿ ಒಂದನ್ನು ಸರಿಯಾದ ಸ್ವರಭಾರ ಮತ್ತು ಅಭಿನಯದ,1,ಬಾಯಾರಿದ ಕಾಗೆ ಹೂಜಿಯಿಂದ ನೀರು ಕುಡಿದ ಕಥೆ.,,,,
kannada-3rdstd,ನಿನಗೆ ಗೊತ್ತಿರುವ ಕಥೆಗಳಲ್ಲಿ ಒಂದನ್ನು ಸರಿಯಾದ ಸ್ವರಭಾರ ಮತ್ತು ಅಭಿನಯದ,2,ಕೈಗೆಟುಕದ ದ್ರಾಕ್ಷಿಯನ್ನು ನರಿ ಹುಳಿಯೆಂದು ಬಿಟ್ಟು ಹೋದ ಕಥೆ.,,,,
kannada-3rdstd,ನಿನಗೆ ಗೊತ್ತಿರುವ ಕಥೆಗಳಲ್ಲಿ ಒಂದನ್ನು ಸರಿಯಾದ ಸ್ವರಭಾರ ಮತ್ತು ಅಭಿನಯದ,3,ಸಿಂಹವನ್ನು ಕಾಪಾಡಿದ ಇಲಿಯ ಕಥೆ.,,,,
kannada-3rdstd,"ಕೊಟ್ಟಿರುವ ಪದಗಳನ್ನು ಓದಿ, ಧ್ವನಿ ಮತ್ತು ಅರ್ಥ ವ್ಯತ್ಯಾಸ ಗಮನಿಸು.",1,ಅರಸು ಹರಸು ೨. ಅಲ್ಲಿ - ಹಲ್ಲಿ,,,,
kannada-3rdstd,"ಕೊಟ್ಟಿರುವ ಪದಗಳನ್ನು ಓದಿ, ಧ್ವನಿ ಮತ್ತು ಅರ್ಥ ವ್ಯತ್ಯಾಸ ಗಮನಿಸು.",3,"ಕೊಟ್ಟಿರುವ ಪದಗಳನ್ನು ಓದಿ, ಧ್ವನಿ ಮತ್ತು ಅರ್ಥ ವ್ಯತ್ಯಾಸ ಗಮನಿಸು.: ಉಳಿ ಹುಳಿ",,,,
kannada-3rdstd,"ಕೊಟ್ಟಿರುವ ಪದಗಳನ್ನು ಓದಿ, ಧ್ವನಿ ಮತ್ತು ಅರ್ಥ ವ್ಯತ್ಯಾಸ ಗಮನಿಸು.",1,"ಈ ಪಾಠವನ್ನು ಶಿಕ್ಷಕರ ಸಹಾಯ, ಮಾರ್ಗದರ್ಶನದೊಂದಿಗೆ ನಾಟಕ ರೂಪದಲ್ಲಿ ಅಭಿನಯಿಸು.",,,,
kannada-3rdstd,"ಕೊಟ್ಟಿರುವ ಪದಗಳನ್ನು ಓದಿ, ಧ್ವನಿ ಮತ್ತು ಅರ್ಥ ವ್ಯತ್ಯಾಸ ಗಮನಿಸು.",2,ವಿವಿಧ ಪ್ರಾಣಿ ಪಕ್ಷಿಗಳ ಧ್ವನಿಯನ್ನು ಅನುಕರಣೆ ಮಾಡುವುದನ್ನು ಕಲಿ.,,,,
kannada-3rdstd,"ಕೊಟ್ಟಿರುವ ಪದಗಳನ್ನು ಓದಿ, ಧ್ವನಿ ಮತ್ತು ಅರ್ಥ ವ್ಯತ್ಯಾಸ ಗಮನಿಸು.",3,ನಿನಗೆ ತಿಳಿದಿರುವ ಪ್ರಾಣಿ ಪಕ್ಷಿಗಳ ಚಿತ್ರಗಳನ್ನು ಈ ಕೆಳಗೆ ಕೊಟ್ಟಿರುವ ಜಾಗದಲ್ಲಿ ಅಂಟಿಸು.,,,,
kannada-3rdstd,General Exercise,1,ಮುಖ್ಯ ಗುರುಗಳು ಯಾರ ಸಭೆ ಕರೆದರು?,,,,
kannada-3rdstd,General Exercise,2,ಸ್ವಾತಂತ್ರ್ಯ ದಿನವನ್ನು ಎಂದು ಆಚರಿಸುತ್ತೇವೆ?,,,,
kannada-3rdstd,General Exercise,3,ಯಾರು ಕ್ಷಮೆ ಕೋರಿದರು?,,,,
kannada-3rdstd,ಎರಡು/ಮೂರು ವಾಕ್ಯಗಳಲ್ಲಿ ಉತ್ತರಿಸು.,1,ಮಂತ್ರಿಮಂಡಲದ ಸಭೆಯಲ್ಲಿ ಯಾವುದರ ಬಗ್ಗೆ ಚರ್ಚಿಸಿದರು?,,,,
kannada-3rdstd,ಎರಡು/ಮೂರು ವಾಕ್ಯಗಳಲ್ಲಿ ಉತ್ತರಿಸು.,2,ಸ್ವಾತಂತ್ರ್ಯ ದಿನಾಚರಣೆ ಎಂದರೇನು?,,,,
kannada-3rdstd,ಎರಡು/ಮೂರು ವಾಕ್ಯಗಳಲ್ಲಿ ಉತ್ತರಿಸು.,3,ಐಶ್ವರ್ಯ ನೀಡಿದ ಸಲಹೆ ಏನು?,,,,
kannada-3rdstd,ಎರಡು/ಮೂರು ವಾಕ್ಯಗಳಲ್ಲಿ ಉತ್ತರಿಸು.,4,ಕ್ರೀಡಾ ಮಂತ್ರಿ ವಹಿಸಿಕೊಂಡ ಕಾರ್ಯವೇನು?,,,,
kannada-3rdstd,ಎರಡು/ಮೂರು ವಾಕ್ಯಗಳಲ್ಲಿ ಉತ್ತರಿಸು.,5,ಮೂರನೆಯ ತರಗತಿಯವರು ವಹಿಸಿಕೊಂಡ ಕಾರ್ಯ ಯಾವುದು?,,,,
kannada-3rdstd,ಕಾರಣ ಕೊಡು.,1,ಮುಖ್ಯ ಗುರುಗಳು ಮಂತ್ರಿಮಂಡಲದ ಸಭೆ ಕರೆದರು.,,,,
kannada-3rdstd,ಕಾರಣ ಕೊಡು.,2,ಇತರರು ಮಾತನಾಡುವಾಗ ಕೇಳಿಸಿಕೊಳ್ಳಬೇಕು.,,,,
kannada-3rdstd,ಕಾರಣ ಕೊಡು.,3,ಸಭೆಯಲ್ಲಿ ಒಟ್ಟಾಗಿ ಮಾತನಾಡಬಾರದು.,,,,
kannada-3rdstd,ಈ ಮಾತುಗಳನ್ನು ಯಾರು? ಯಾರಿಗೆ ಹೇಳಿದರು? ಎಂದು ಬರೆ.,1,“ನಮ್ಮ ಶಾಲೆಯಲ್ಲೂ ಆಚರಿಸುತ್ತೇವಲ್ಲ ಸರ್?”,,,,
kannada-3rdstd,ಈ ಮಾತುಗಳನ್ನು ಯಾರು? ಯಾರಿಗೆ ಹೇಳಿದರು? ಎಂದು ಬರೆ.,2,"“ಒಳ್ಳೆಯದು, ಮೇರಿಯ ಸಲಹೆ ಎಲ್ಲರಿಗೂ ಒಪ್ಪಿಗೆಯೇ?”",,,,
kannada-3rdstd,ಈ ಮಾತುಗಳನ್ನು ಯಾರು? ಯಾರಿಗೆ ಹೇಳಿದರು? ಎಂದು ಬರೆ.,3,"“ನಮ್ಮ ತೋಟದಿಂದ ಮಾವಿನ ತಳಿರು, ಬಾಳೆಕಂಬ ತರುತ್ತೇನೆ.”",,,,
kannada-3rdstd,ಸರಿ-ತಪ್ಪು ಗುರುತಿಸು.,1,ಕಾರ್ಯಕ್ರಮ ಮಾಡುವಾಗ ಕೆಲಸ ಹಂಚಿಕೊಳ್ಳಬಾರದು.,,,,
kannada-3rdstd,ಸರಿ-ತಪ್ಪು ಗುರುತಿಸು.,2,ಕಾರ್ಯಕ್ರಮ ಮಾಡುವ ಮೊದಲು ಸಭೆಯಲ್ಲಿ ಚರ್ಚೆ ಮಾಡಬೇಕು. ( ),,,,
kannada-3rdstd,ಸರಿ-ತಪ್ಪು ಗುರುತಿಸು.,3,ಚರ್ಚೆಯಲ್ಲಿ ಇತರರು ಮಾತನಾಡುವಾಗ ಕೇಳಿಸಿಕೊಳ್ಳಬೇಕು.,,,,
kannada-3rdstd,ಸರಿ-ತಪ್ಪು ಗುರುತಿಸು.,4,"ಸಭೆಯಲ್ಲಿ ಒಟ್ಟಾಗಿ ಮಾತನಾಡಿದರೆ ತೊಂದರೆ,",,,,
kannada-3rdstd,ಸರಿ-ತಪ್ಪು ಗುರುತಿಸು.,5,ಸಭೆಯಲ್ಲಿ ಒಬ್ಬರ ಅನಂತರ ಒಬ್ಬರು ಮಾತನಾಡಬಾರದು.,,,,
kannada-3rdstd,ಸರಿ-ತಪ್ಪು ಗುರುತಿಸು.,6,ಇತರರ ಒಳ್ಳೆಯ ಮಾತನ್ನು ಕೇಳಬೇಕು.,,,,
kannada-3rdstd,ಉತ್ತರಿಸು.,1,ನೀನು ಶಾಲೆಯಲ್ಲಿ ವಹಿಸಿಕೊಂಡು ಮಾಡಿದ ಒಂದು ಕೆಲಸವನ್ನು ಬರೆ.,,,,
kannada-3rdstd,ಉತ್ತರಿಸು.,2,ನೀನು ಮನೆಯಲ್ಲಿ ವಹಿಸಿಕೊಂಡು ಮಾಡಿದ ಒಂದು ಕೆಲಸವನ್ನು ಬರೆ.,,,,
kannada-3rdstd,ಉತ್ತರಿಸು.,3,ನಿನ್ನ ಮನೆಯಲ್ಲಿ ಎಲ್ಲರೂ ಕುಳಿತು ಚರ್ಚಿಸಿ ಮಾಡಿರುವ ಕೆಲಸ ಯಾವುದು?,,,,
kannada-3rdstd,ಸರಿಯಾದ ಅರ್ಥ ಬರುವಂತೆ ಪದಗಳನ್ನು ಜೋಡಿಸಿ ವಾಕ್ಯಗಳನ್ನು ಸರಿಪಡಿಸಿ ಬರೆ.,1,ಸಮವಸ್ತ್ರ | ಮಕ್ಕಳು | ಧರಿಸಿ | ಬಂದರು | ಶಾಲೆಗೆ,,,,
kannada-3rdstd,ಸರಿಯಾದ ಅರ್ಥ ಬರುವಂತೆ ಪದಗಳನ್ನು ಜೋಡಿಸಿ ವಾಕ್ಯಗಳನ್ನು ಸರಿಪಡಿಸಿ ಬರೆ.,2,ಮಕ್ಕಳು | ಸಾಂಸ್ಕೃತಿಕ | ನಡೆಸಿಕೊಟ್ಟರು | ಕಾರ್ಯಕ್ರಮ,,,,
kannada-3rdstd,ಸರಿಯಾದ ಅರ್ಥ ಬರುವಂತೆ ಪದಗಳನ್ನು ಜೋಡಿಸಿ ವಾಕ್ಯಗಳನ್ನು ಸರಿಪಡಿಸಿ ಬರೆ.,3,ಕೈತೋಟದಲ್ಲಿ | ಶಾಲೆಯ / ಹೂ / ಗಿಡಗಳಿವೆ,,,,
kannada-3rdstd,ಈ ಸಾಲುಗಳನ್ನು ಪದ್ಯದಲ್ಲಿರುವಂತೆ ಪೂರ್ಣಗೊಳಿಸು.,1,ಅಳುವ ಕಂದನ ತುಟಿಯು,,,,
kannada-3rdstd,ಈ ಸಾಲುಗಳನ್ನು ಪದ್ಯದಲ್ಲಿರುವಂತೆ ಪೂರ್ಣಗೊಳಿಸು.,2,ಆಡಿ ಬಾ ನನ ಕಂದ,,,,
kannada-3rdstd,ಈ ಸಾಲುಗಳನ್ನು ಪದ್ಯದಲ್ಲಿರುವಂತೆ ಪೂರ್ಣಗೊಳಿಸು.,3,ಕೂಸು ಇದ್ದ ಮನಿಗೆ,,,,
kannada-3rdstd,ಈ ಸಾಲುಗಳನ್ನು ಪದ್ಯದಲ್ಲಿರುವಂತೆ ಪೂರ್ಣಗೊಳಿಸು.,4,ಈ ಸಾಲುಗಳನ್ನು ಪದ್ಯದಲ್ಲಿರುವಂತೆ ಪೂರ್ಣಗೊಳಿಸು.: ಕಂದಾನ ಕಿರಿಕಿರಿ,,,,
kannada-3rdstd,ಒಂದು ವಾಕ್ಯದಲ್ಲಿ ಉತ್ತರಿಸು.,1,ತಾಯಿಯು ಕಂದನ ಅಂಗಾಲನ್ನು ಯಾವುದರಿಂದ ತೊಳೆಯುವುದಾಗಿ,,,,
kannada-3rdstd,ಒಂದು ವಾಕ್ಯದಲ್ಲಿ ಉತ್ತರಿಸು.,2,ಅಳುವ ಕಂದನ ತುಟಿಯನ್ನು ಯಾವುದಕ್ಕೆ ಹೋಲಿಸಲಾಗಿದೆ?,,,,
kannada-3rdstd,ಒಂದು ವಾಕ್ಯದಲ್ಲಿ ಉತ್ತರಿಸು.,3,ಅಳುವ ಕಂದನ ಕಣೋಟ ಹೇಗಿರುತ್ತದೆ?,,,,
kannada-3rdstd,ಒಂದು ವಾಕ್ಯದಲ್ಲಿ ಉತ್ತರಿಸು.,4,ಮಗು ಏನನ್ನು ತಂದು ನಿಲ್ಲಿಸೆಂದು ಕೇಳುತ್ತದೆ?,,,,
kannada-3rdstd,ಎರಡು ಮೂರು ವಾಕ್ಯಗಳಲ್ಲಿ ಉತ್ತರಿಸು.,1,ಕೂಸು ಇದ್ದ ಮನೆಗೆ ಬೀಸಣಿಗೆ ಬೇಡ. ಏಕೆ?,,,,
kannada-3rdstd,ಎರಡು ಮೂರು ವಾಕ್ಯಗಳಲ್ಲಿ ಉತ್ತರಿಸು.,9,ಆಡಿ ಬರುವ ಕಂದನನ್ನು ತಾಯಿ ಹೇಗೆ ಉಪಚರಿಸುವಳು?,,,,
kannada-3rdstd,ತಪ್ಪುಗಳನ್ನು ಸರಿಪಡಿಸಿ ಬರೆ.,1,ಬೀಸಣಿಗೆ ಗಾಳಿ ಸುಳಿದವ,,,,
kannada-3rdstd,ತಪ್ಪುಗಳನ್ನು ಸರಿಪಡಿಸಿ ಬರೆ.,2,ಕುಡಿಹುಬು ಬೇವಿನೆಸಳಂಗ :,,,,
kannada-3rdstd,ತಪ್ಪುಗಳನ್ನು ಸರಿಪಡಿಸಿ ಬರೆ.,3,ಚಂದ್ರಮನ ತಂದು ನಿಲಿಸೆಂದ:,,,,
kannada-3rdstd,"ಊಹಿಸಿ ಬರೆ,",1,ಮಗು ಏಕೆ ನಗುತ್ತಿರಬಹುದು?,,,,
kannada-3rdstd,ಸಮಾನಾರ್ಥಕ ಪದಗಳನ್ನು ಬರೆ.,1,ಸಮಾನಾರ್ಥಕ ಪದಗಳನ್ನು ಬರೆ.: ಬಂಗಾರ =,,,,
kannada-3rdstd,ಸಮಾನಾರ್ಥಕ ಪದಗಳನ್ನು ಬರೆ.,2,ಸಮಾನಾರ್ಥಕ ಪದಗಳನ್ನು ಬರೆ.: ಕೂಸು,,,,
kannada-3rdstd,ಸಮಾನಾರ್ಥಕ ಪದಗಳನ್ನು ಬರೆ.,3,ಸಮಾನಾರ್ಥಕ ಪದಗಳನ್ನು ಬರೆ.: ತಾಯಿ,,,,
kannada-3rdstd,ಈ ವಾಕ್ಯಗಳಲ್ಲಿ ಅಡಿ ಗೆರೆ ಹಾಕಿದ ಪದಗಳಿಗೆ ಗ್ರಾಂಥಿಕ ರೂಪ ಬರೆ.,1,ಕೂಸು ಇದ್ದ ಮನಿಗೆ ಬೀಸಣಿಗೆ ಯಾತಕ?,,,,
kannada-3rdstd,ಈ ವಾಕ್ಯಗಳಲ್ಲಿ ಅಡಿ ಗೆರೆ ಹಾಕಿದ ಪದಗಳಿಗೆ ಗ್ರಾಂಥಿಕ ರೂಪ ಬರೆ.,2,ಬಂಗಾರ ಮಾರಿ ತೊಳೆದೇನ,,,,
kannada-3rdstd,ಈ ವಾಕ್ಯಗಳಲ್ಲಿ ಅಡಿ ಗೆರೆ ಹಾಕಿದ ಪದಗಳಿಗೆ ಗ್ರಾಂಥಿಕ ರೂಪ ಬರೆ.,3,ಬೀಸಣಿಗೆ ಗಾಳಿ ಸುಳಿದಾವ,,,,
kannada-3rdstd,ಈ ವಾಕ್ಯಗಳಲ್ಲಿ ಅಡಿ ಗೆರೆ ಹಾಕಿದ ಪದಗಳಿಗೆ ಗ್ರಾಂಥಿಕ ರೂಪ ಬರೆ.,4,ಚಂಜೀಯ ಚಂದ್ರಮನ ನಿಲಿಸೆಂದಾ,,,,
kannada-3rdstd,ಈ ಪದಗಳನ್ನು ಗ್ರಾಂಥಿಕ ರೂಪದಲ್ಲಿ ಬರೆ.,1,ಈ ಪದಗಳನ್ನು ಗ್ರಾಂಥಿಕ ರೂಪದಲ್ಲಿ ಬರೆ.: ಕುಡಿಹಂಗ =,,,,
kannada-3rdstd,ಈ ಪದಗಳನ್ನು ಗ್ರಾಂಥಿಕ ರೂಪದಲ್ಲಿ ಬರೆ.,2,ಈ ಪದಗಳನ್ನು ಗ್ರಾಂಥಿಕ ರೂಪದಲ್ಲಿ ಬರೆ.: ಎಸಳಂಗ,,,,
kannada-3rdstd,ಈ ಪದಗಳನ್ನು ಗ್ರಾಂಥಿಕ ರೂಪದಲ್ಲಿ ಬರೆ.,3,ಈ ಪದಗಳನ್ನು ಗ್ರಾಂಥಿಕ ರೂಪದಲ್ಲಿ ಬರೆ.: ನೆನೆದ್ದಂಗ,,,,
kannada-3rdstd,ಈ ಪದಗಳನ್ನು ಗ್ರಾಂಥಿಕ ರೂಪದಲ್ಲಿ ಬರೆ.,4,ಈ ಪದಗಳನ್ನು ಗ್ರಾಂಥಿಕ ರೂಪದಲ್ಲಿ ಬರೆ.: ಬಂದಂಗ,,,,
kannada-3rdstd,ಈ ಪದಗಳನ್ನು ಗ್ರಾಂಥಿಕ ರೂಪದಲ್ಲಿ ಬರೆ.,5,ಈ ಪದಗಳನ್ನು ಗ್ರಾಂಥಿಕ ರೂಪದಲ್ಲಿ ಬರೆ.: ಕುಳಿತಂಗ,,,,
kannada-3rdstd,ಒಂದು ವಾಕ್ಯದಲ್ಲಿ ಉತ್ತರಿಸು.,1,ಶಾಲಾ ಪತ್ರಿಕೆಯ ಹೆಸರೇನು?,,,,
kannada-3rdstd,General Exercise,2,ನಮ್ಮ ನಾಡ ಹಬ್ಬ ಯಾವುದು?,,,,
kannada-3rdstd,General Exercise,3,ಹಣ್ಣುಗಳ ರಾಜ ಯಾರು?,,,,
kannada-3rdstd,General Exercise,4,ವಿವೇಕಾನಂದರ ಬಾಲ್ಯದ ಹೆಸರೇನು?,,,,
kannada-3rdstd,General Exercise,5,ಜೋಗ ಜಲಪಾತ ಎಲ್ಲಿದೆ?,,,,
kannada-3rdstd,General Exercise,6,ಈ ಪತ್ರಿಕೆಯಲ್ಲಿ ಸತೀಶ ಬರೆದಿರುವ ಲೇಖನದ ಹೆಸರೇನು?,,,,
kannada-3rdstd,General Exercise,7,ಚಿಗುರು ಪತ್ರಿಕೆಯಲ್ಲಿ ನಿನಗೆ ಇಷ್ಟವಾದ ಬರೆಹ ಯಾವುದು?,,,,
kannada-3rdstd,ಹೊಂದಿಸಿ ಬರೆ.,1,ಹೊಂದಿಸಿ ಬರೆ.: ಮಾಲ,,,,
kannada-3rdstd,ಹೊಂದಿಸಿ ಬರೆ.,2,ಹೊಂದಿಸಿ ಬರೆ.: ಥಾಮಸ್,,,,
kannada-3rdstd,ಹೊಂದಿಸಿ ಬರೆ.,3,ಹೊಂದಿಸಿ ಬರೆ.: ಬೇಗಂ,,,,
kannada-3rdstd,ಹೊಂದಿಸಿ ಬರೆ.,4,ಹೊಂದಿಸಿ ಬರೆ.: ವಿನಾಯಕ,,,,
kannada-3rdstd,ಹೊಂದಿಸಿ ಬರೆ.,1,ಹೊಂದಿಸಿ ಬರೆ.: ಸ್ವಾಮಿ ವಿವೇಕಾನಂದ,,,,
kannada-3rdstd,ಹೊಂದಿಸಿ ಬರೆ.,2,ಹೊಂದಿಸಿ ಬರೆ.: ನಿಮಗಿದು ತಿಳಿದಿರಲಿ,,,,
kannada-3rdstd,ಹೊಂದಿಸಿ ಬರೆ.,3,ಹೊಂದಿಸಿ ಬರೆ.: ನಾಡ ಹಬ್ಬ,,,,
kannada-3rdstd,ಹೊಂದಿಸಿ ಬರೆ.,4,ಹೊಂದಿಸಿ ಬರೆ.: ಗಾದೆ,,,,
kannada-3rdstd,ಹೊಂದಿಸಿ ಬರೆ.,1,ತಪ್ಪಿಲ್ಲದೆ ಚೆನ್ನಾಗಿ ಕಾಣುವ ರೀತಿಯಲ್ಲಿ ಬರೆಯಬೇಕು.,,,,
kannada-3rdstd,ಹೊಂದಿಸಿ ಬರೆ.,2,ಸುಲಭವಾಗಿ ಓದಲು ಮತ್ತು ಓದಿದ್ದು ಅರ್ಥವಾಗುವಂತೆ,,,,
kannada-3rdstd,ಹೊಂದಿಸಿ ಬರೆ.,3,ಪದಗಳಲ್ಲಿನ ಅಕ್ಷರಗಳನ್ನು ಒಂದೇ ಗಾತ್ರದಲ್ಲಿ ಬರೆಯಬಾರದು.,,,,
kannada-3rdstd,ಹೊಂದಿಸಿ ಬರೆ.,4,ಪದದಲ್ಲಿನ ಅಕ್ಷರಗಳು ಒಂದಕ್ಕೊಂದು ತಾಕದಂತೆ ಹಾಗೂ ನಡುವೆ,,,,
kannada-3rdstd,ಹೊಂದಿಸಿ ಬರೆ.,5,ಪದಗಳ ನಡುವೆ ಸ್ಥಳವನ್ನು ಬಿಡದೆ ಬರೆಯಬೇಕು.,,,,
kannada-3rdstd,ಹೊಂದಿಸಿ ಬರೆ.,6,ಅಕ್ಷರ ಹಾಗು ಸಾಲುಗಳು ಓರೆಯಾಗಿರಬಾರದು.,,,,
kannada-3rdstd,ಹೊಂದಿಸಿ ಬರೆ.,1,ನಾಡ ನಮ್ಮ ಹಬ್ಬ ದಸರಾ,,,,
kannada-3rdstd,ಹೊಂದಿಸಿ ಬರೆ.,2,ಮಾತು ಜಗಳವಿಲ್ಲ ಬಲ್ಲವನಿಗೆ :,,,,
kannada-3rdstd,ಹೊಂದಿಸಿ ಬರೆ.,3,ರಾಜ್ಯ ನಮ್ಮ ಕರ್ನಾಟಕ,,,,
kannada-3rdstd,ಹೊಂದಿಸಿ ಬರೆ.,4,ಹಣ್ಣುಗಳ ಮಾವು ರಾಜ,,,,
kannada-3rdstd,ಹೊಂದಿಸಿ ಬರೆ.,1,ಯಾರ ಬರೆಹ ಚೆನ್ನಾಗಿದೆ?,,,,
kannada-3rdstd,ಹೊಂದಿಸಿ ಬರೆ.,2,ಬರೆಹ ಚೆನ್ನಾಗಿದೆ ಎನ್ನಲು ಒಂದು ಕಾರಣ ಕೊಡು.,,,,
kannada-3rdstd,ಹೊಂದಿಸಿ ಬರೆ.,3,ಬರಹ ಚೆನ್ನಾಗಿಲ್ಲ ಎನ್ನಲು ಒಂದು ಕಾರಣ ಕೊಡು.,,,,
kannada-3rdstd,ಗಾದೆಗಳನ್ನು ಓದಿ ತಿಳಿ.,1,ಗಾದೆಗಳನ್ನು ಓದಿ ತಿಳಿ.: ಆಪತ್ತಿಗಾದವನೇ ನೆಂಟ,,,,
kannada-3rdstd,ಗಾದೆಗಳನ್ನು ಓದಿ ತಿಳಿ.,2,ಮಾತು ಬೆಳ್ಳಿ ಮೌನ ಬಂಗಾರ,,,,
kannada-3rdstd,ಗಾದೆಗಳನ್ನು ಓದಿ ತಿಳಿ.,4,ಆಳಾಗಿ ದುಡಿ ಅರಸಾಗಿ ಉಣ್ಣು,,,,
kannada-3rdstd,ಸರಿಯಾದ ಪದವನ್ನು ಆರಿಸಿ ಗಾದೆಯನ್ನು ಪೂರ್ಣಮಾಡು.,1,ಸರಿಯಾದ ಪದವನ್ನು ಆರಿಸಿ ಗಾದೆಯನ್ನು ಪೂರ್ಣಮಾಡು.: ಮಾಡಿದ್ದುಣ್ಣೆ,,,,
kannada-3rdstd,ಸರಿಯಾದ ಪದವನ್ನು ಆರಿಸಿ ಗಾದೆಯನ್ನು ಪೂರ್ಣಮಾಡು.,2,ಎತ್ತು ಏರಿಗೆ ಎಳೆದರೆ,,,,
kannada-3rdstd,ಸರಿಯಾದ ಪದವನ್ನು ಆರಿಸಿ ಗಾದೆಯನ್ನು ಪೂರ್ಣಮಾಡು.,3,ಸರಿಯಾದ ಪದವನ್ನು ಆರಿಸಿ ಗಾದೆಯನ್ನು ಪೂರ್ಣಮಾಡು.: ಹೊಟ್ಟೆಗೆ ಹಿಟ್ಟಿಲ್ಲ,,,,
kannada-3rdstd,ಸರಿಯಾದ ಪದವನ್ನು ಆರಿಸಿ ಗಾದೆಯನ್ನು ಪೂರ್ಣಮಾಡು.,4,ಸರಿಯಾದ ಪದವನ್ನು ಆರಿಸಿ ಗಾದೆಯನ್ನು ಪೂರ್ಣಮಾಡು.: ಶಕ್ತಿಗಿಂತ,,,,
kannada-3rdstd,General Exercise,1,ಈಸೂರು ಯಾವ ಜಿಲ್ಲೆಯಲ್ಲಿದೆ?,,,,
kannada-3rdstd,General Exercise,2,ಗಾಂಧೀಜಿಯವರು ಆರಂಭಿಸಿದ ಚಳುವಳಿ ಯಾವುದು?,,,,
kannada-3rdstd,General Exercise,3,ಈಸೂರಿನ ಜನತೆ ಯಾರ ಅಧಿಕಾರವನ್ನು ಧಿಕ್ಕರಿಸಿದರು?,,,,
kannada-3rdstd,General Exercise,4,ಈಸೂರಿನ ಜನತೆ ತಮ್ಮ ಹಳ್ಳಿಯನ್ನು ಏನೆಂದು ಘೋಷಿಸಿದರು?,,,,
kannada-3rdstd,General Exercise,5,ಈಸೂರು ಜನರ ಘೋಷಣೆ ಏನು?,,,,
kannada-3rdstd,General Exercise,6,ಸ್ಥಳೀಯ ಸರ್ಕಾರದ ಅಮಲ್ದಾರ ಮತ್ತು ಪೊಲೀಸ್ ಅಧಿಕಾರಿಯ ಹೆಸರೇನು?,,,,
kannada-3rdstd,General Exercise,7,ಅಗಸೆ ಬಾಗಿಲಿನಲ್ಲಿ ಹಾಕಿದ್ದ ಫಲಕದಲ್ಲಿ ಏನೆಂದು ಬರೆದಿತ್ತು?,,,,
kannada-3rdstd,General Exercise,8,ಹೊಸ ಸರ್ಕಾರದ ಅಧಿಕಾರಿಗಳು ಬ್ರಿಟಿಷ್ ಅಧಿಕಾರಿಗಳಿಗೆ ನೀಡಿದ ಆಜ್ಞೆ ಏನು?,,,,
kannada-3rdstd,General Exercise,9,General Exercise: ಸ್ವಗತ ಎಂದರೇನು?,,,,
kannada-3rdstd,ಕಾರಣ ಕೊಡು.,1,ಈಸೂರು ಶಿವಮೊಗ್ಗ ಜಿಲ್ಲೆಗೆ ಹೆಸರು ತಂದಿತು.,,,,
kannada-3rdstd,ಕಾರಣ ಕೊಡು.,2,ಹೊಸ ಸರ್ಕಾರದಲ್ಲಿ ಮಕ್ಕಳನ್ನು ಅಧಿಕಾರಿಗಳನ್ನಾಗಿ ಮಾಡಿದರು.,,,,
kannada-3rdstd,ಬಿಟ್ಟ ಸ್ಥಳವನ್ನು ಸರಿಯಾದ ಪದದಿಂದ ತುಂಬು.,1,ಅಧಿಕಾರಿಗಳು ಕಂದಾಯ ವಸೂಲಿಗೆ,,,,
kannada-3rdstd,ಬಿಟ್ಟ ಸ್ಥಳವನ್ನು ಸರಿಯಾದ ಪದದಿಂದ ತುಂಬು.,2,ಬಿಟ್ಟ ಸ್ಥಳವನ್ನು ಸರಿಯಾದ ಪದದಿಂದ ತುಂಬು.: ದೇವಸ್ಥಾನದ ಮುಂದೆ,,,,
kannada-3rdstd,ಬಿಟ್ಟ ಸ್ಥಳವನ್ನು ಸರಿಯಾದ ಪದದಿಂದ ತುಂಬು.,3,ಅವರಿಗೆ ಐವತ್ತು ರೂಪಾಯಿ,,,,
kannada-3rdstd,ಸರಿ ತಪ್ಪು ಗುರುತಿಸು.,1,ಪಟೇಲ್ ಚನ್ನಬಸವಯ್ಯ ಮತ್ತು ಶಾನುಭೋಗ ರಂಗನಾಥರಾವ್‌ ಸ್ವತಂತ್ರ,,,,
kannada-3rdstd,ಸರಿ ತಪ್ಪು ಗುರುತಿಸು.,2,ಬ್ರಿಟಿಷ್ ಅಧಿಕಾರಿಗಳು ಗ್ರಾಮ ಪ್ರವೇಶಿಸದಂತೆ ಜನರು ಪ್ರತಿಭಟಿಸಿದರು. ( ),,,,
kannada-3rdstd,ಸರಿ ತಪ್ಪು ಗುರುತಿಸು.,3,ಈಸೂರಿನ ಸ್ವತಂತ್ರ ಸರ್ಕಾರದ ರಚನೆಯನ್ನು ತಿಳಿದ ಬ್ರಿಟಿಷ್ ಅಧಿಕಾರಿಗಳು,,,,
kannada-3rdstd,ವಾಕ್ಯದಲ್ಲಿನ ಬಿಟ್ಟ ಸ್ಥಳವನ್ನು ಹಿಂದೆ ಕೊಟ್ಟಿರುವ ನುಡಿಗಟ್ಟುಗಳಲ್ಲಿ ಸೂಕ್ತವಾದುದನ್ನು,1,ರಾಜು ಕೆಲಸ ಮಾಡುವುದರಲ್ಲಿ,,,,
kannada-3rdstd,ವಾಕ್ಯದಲ್ಲಿನ ಬಿಟ್ಟ ಸ್ಥಳವನ್ನು ಹಿಂದೆ ಕೊಟ್ಟಿರುವ ನುಡಿಗಟ್ಟುಗಳಲ್ಲಿ ಸೂಕ್ತವಾದುದನ್ನು,2,ಅವರು ಮಾತನಾಡುವಾಗ ನಾನು ಅನವಶ್ಯಕವಾಗಿ,,,,
kannada-3rdstd,ವಾಕ್ಯದಲ್ಲಿನ ಬಿಟ್ಟ ಸ್ಥಳವನ್ನು ಹಿಂದೆ ಕೊಟ್ಟಿರುವ ನುಡಿಗಟ್ಟುಗಳಲ್ಲಿ ಸೂಕ್ತವಾದುದನ್ನು,3,ಕೆಲವರು ತಮಗೆ ಗೊತ್ತಿಲ್ಲದಿದ್ದರೂ ಸುಮ್ಮನೆ,,,,
kannada-3rdstd,ವಾಕ್ಯದಲ್ಲಿನ ಬಿಟ್ಟ ಸ್ಥಳವನ್ನು ಹಿಂದೆ ಕೊಟ್ಟಿರುವ ನುಡಿಗಟ್ಟುಗಳಲ್ಲಿ ಸೂಕ್ತವಾದುದನ್ನು,4,ಅಮ್ಮ ಕೆಲಸ ಹೇಳಿದರೆ ನನ್ನ ತಮ್ಮ,,,,
kannada-3rdstd,ಬಿಟ್ಟಿರುವ ಸ್ಥಳವನ್ನು ಸೂಕ್ತ ಪದಗಳಿಂದ ತುಂಬಿ ಬರೆ.,1,ಬಿಟ್ಟಿರುವ ಸ್ಥಳವನ್ನು ಸೂಕ್ತ ಪದಗಳಿಂದ ತುಂಬಿ ಬರೆ.: ದಾರಿ ಬದಿಯ,,,,
kannada-3rdstd,ಬಿಟ್ಟಿರುವ ಸ್ಥಳವನ್ನು ಸೂಕ್ತ ಪದಗಳಿಂದ ತುಂಬಿ ಬರೆ.,2,ಬಿಟ್ಟಿರುವ ಸ್ಥಳವನ್ನು ಸೂಕ್ತ ಪದಗಳಿಂದ ತುಂಬಿ ಬರೆ.: ಶಾಸ್ತ್ರಿಯವರಲ್ಲಿ,,,,
kannada-3rdstd,ಬಿಟ್ಟಿರುವ ಸ್ಥಳವನ್ನು ಸೂಕ್ತ ಪದಗಳಿಂದ ತುಂಬಿ ಬರೆ.,3,"ಶಾಸ್ತ್ರಿಯವರು, ಗಾಂಧೀಜಿಯವರ ಒಡನಾಟದಲ್ಲಿ ಅನೇಕ",,,,
kannada-3rdstd,ಬಿಟ್ಟಿರುವ ಸ್ಥಳವನ್ನು ಸೂಕ್ತ ಪದಗಳಿಂದ ತುಂಬಿ ಬರೆ.,4,ನಮ್ಮ ದೇಶವು ೧೯೪೭ ಆಗಸ್ಟ್,,,,
kannada-3rdstd,ಬಿಟ್ಟಿರುವ ಸ್ಥಳವನ್ನು ಸೂಕ್ತ ಪದಗಳಿಂದ ತುಂಬಿ ಬರೆ.,5,ಭಾರತ ದೇಶದ ಪ್ರಥಮ ಪ್ರಧಾನಿ,,,,
kannada-3rdstd,ಬಿಟ್ಟಿರುವ ಸ್ಥಳವನ್ನು ಸೂಕ್ತ ಪದಗಳಿಂದ ತುಂಬಿ ಬರೆ.,6,ಶಾಸ್ತ್ರಿಯವರು ಜನತೆಗೆ ನೀಡಿದ ಘೋಷವಾಕ್ಯ,,,,
kannada-3rdstd,ಒಂದು ವಾಕ್ಯದಲ್ಲಿ ಉತ್ತರಿಸು.,1,ಮಕ್ಕಳು ತೋಪನ್ನು ಏಕೆ ಪ್ರವೇಶಿಸಿದರು?,,,,
kannada-3rdstd,ಒಂದು ವಾಕ್ಯದಲ್ಲಿ ಉತ್ತರಿಸು.,2,ಮಕ್ಕಳು ಏಕೆ ಗಲಿಬಿಲಿಗೊಂಡರು?,,,,
kannada-3rdstd,ಒಂದು ವಾಕ್ಯದಲ್ಲಿ ಉತ್ತರಿಸು.,3,ಮಾಲೀಕನ ಮನಸ್ಸು ಏಕೆ ಕರಗಿತು?,,,,
kannada-3rdstd,ಒಂದು ವಾಕ್ಯದಲ್ಲಿ ಉತ್ತರಿಸು.,4,ಶಾಸ್ತ್ರಿಯವರಿಗೆ ಸರ್ಕಾರ ಯಾವ ಪ್ರಶಸ್ತಿ ನೀಡಿ ಗೌರವಿಸಿತು?,,,,
kannada-3rdstd,ಎರಡು-ಮೂರು ವಾಕ್ಯಗಳಲ್ಲಿ ಉತ್ತರಿಸು.,1,ಬಾಲಕ ಮಾಲೀಕನಿಗೆ ಏನೆಂದು ಹೇಳಿದನು?,,,,
kannada-3rdstd,ಎರಡು-ಮೂರು ವಾಕ್ಯಗಳಲ್ಲಿ ಉತ್ತರಿಸು.,2,ಮಾಲೀಕ ಬಾಲಕನನ್ನು ಹೇಗೆ ಸಮಾಧಾನಪಡಿಸಿದನು?,,,,
kannada-3rdstd,ಎರಡು-ಮೂರು ವಾಕ್ಯಗಳಲ್ಲಿ ಉತ್ತರಿಸು.,3,ಶಾಸ್ತ್ರಿಯವರು ಮಂತ್ರಿ ಪದವಿಗೆ ಏಕೆ ರಾಜೀನಾಮೆ ನೀಡಿದರು?,,,,
kannada-3rdstd,ಈ ಕೆಳಗಿನ ಹೇಳಿಕೆಗಳಿಗೆ ಕಾರಣ ಕೊಡು.,1,ಮಾಲೀಕ ಹೊಡೆಯದಿದ್ದರೂ ಬಾಲಕ ಅತ್ತನು.,,,,
kannada-3rdstd,ಈ ಕೆಳಗಿನ ಹೇಳಿಕೆಗಳಿಗೆ ಕಾರಣ ಕೊಡು.,2,ಶಾಸ್ತ್ರಿಯವರು ದೇಶದೆಲ್ಲೆಡೆ ಮನೆಮಾತಾದರು.,,,,
kannada-3rdstd,ಇಲ್ಲಿ ಕೊಟ್ಟಿರುವ ಮಾತುಗಳನ್ನು ಯಾರು? ಯಾರಿಗೆ ಹೇಳಿದರು? ಎಂದು ಬರೆಯಿರಿ.,1,"“ನಿನ್ನ ಅಪ್ಪ, ಅಮ್ಮ, ಗುರುಗಳು ಇದನ್ನೇ ಏನು ಕಲಿಸಿದ್ದು?”",,,,
kannada-3rdstd,ಇಲ್ಲಿ ಕೊಟ್ಟಿರುವ ಮಾತುಗಳನ್ನು ಯಾರು? ಯಾರಿಗೆ ಹೇಳಿದರು? ಎಂದು ಬರೆಯಿರಿ.,2,“ಇನ್ನೆಂದೂ ಇಂತಹ ತಪ್ಪು ಮಾಡುವುದಿಲ್ಲ.”,,,,
kannada-3rdstd,ಇಲ್ಲಿ ಕೊಟ್ಟಿರುವ ಮಾತುಗಳನ್ನು ಯಾರು? ಯಾರಿಗೆ ಹೇಳಿದರು? ಎಂದು ಬರೆಯಿರಿ.,3,“ನಿನ್ನ ಈ ಗುಣ ನಿನ್ನನ್ನು ದೊಡ್ಡ ವ್ಯಕ್ತಿಯನ್ನಾಗಿ ಮಾಡುತ್ತದೆ.”,,,,
kannada-3rdstd,"ಕೊಟ್ಟಿರುವ ಪದಗಳನ್ನು ಓದಿ, ಅನಂತರ ಸ್ವಂತವಾಕ್ಯ ರಚಿಸು.",0,"ಕೊಟ್ಟಿರುವ ಪದಗಳನ್ನು ಓದಿ, ಅನಂತರ ಸ್ವಂತವಾಕ್ಯ ರಚಿಸು.: ಮನೆಮಾತಾಗು :",,,,
kannada-3rdstd,"ಕೊಟ್ಟಿರುವ ಪದಗಳನ್ನು ಓದಿ, ಅನಂತರ ಸ್ವಂತವಾಕ್ಯ ರಚಿಸು.",2,"ಕೊಟ್ಟಿರುವ ಪದಗಳನ್ನು ಓದಿ, ಅನಂತರ ಸ್ವಂತವಾಕ್ಯ ರಚಿಸು.: ಹೊಣೆಹೊತ್ತು :",,,,
kannada-3rdstd,"ಕೊಟ್ಟಿರುವ ಪದಗಳನ್ನು ಓದಿ, ಅನಂತರ ಸ್ವಂತವಾಕ್ಯ ರಚಿಸು.",3,"ಕೊಟ್ಟಿರುವ ಪದಗಳನ್ನು ಓದಿ, ಅನಂತರ ಸ್ವಂತವಾಕ್ಯ ರಚಿಸು.: ಪುಟಿದೇಳು",,,,
kannada-3rdstd,"ಕೊಟ್ಟಿರುವ ಚಿತ್ರವನ್ನು ಗಮನಿಸಿ, ಪ್ರಶ್ನೆಗಳಿಗೆ ಉತ್ತರಿಸು.",1,ನೀರು ಏಕೆ ಸುರಿಯುತ್ತಿದೆ?,,,,
kannada-3rdstd,"ಕೊಟ್ಟಿರುವ ಚಿತ್ರವನ್ನು ಗಮನಿಸಿ, ಪ್ರಶ್ನೆಗಳಿಗೆ ಉತ್ತರಿಸು.",2,ನೀರು ಸುರಿಯುವುದನ್ನು ನಿಲ್ಲಿಸಬೇಕು ಏಕೆ?,,,,
kannada-3rdstd,ಮಾದರಿಯಂತೆ ವಾಕ್ಯ ರಚಿಸು.,3,"ಚಿತ್ರವನ್ನು ಗಮನಿಸಿ, ಅರ್ಥಪೂರ್ಣ ವಾಕ್ಯಗಳನ್ನು ರಚಿಸಿರಿ.",,,,
kannada-3rdstd,General Exercise,1,ತಂಗಿಯು ಯಾವ ಲಂಗ ಹಾಕಿಕೊಂಡಿದ್ದಳು?,,,,
kannada-3rdstd,General Exercise,2,ಗೆಳತಿಯ ಜೊತೆ ತಂಗಿ ಕೇರಿಗೆ ಹೊರಟಿದ್ದು ಏಕೆ?,,,,
kannada-3rdstd,General Exercise,3,ಅಪ್ಪ ದನಕರುಗಳಿಗೆ ಏನು ಕೊಟ್ಟರು?,,,,
kannada-3rdstd,General Exercise,4,ಮಕ್ಕಳನ್ನು ಹಸೆಯಲ್ಲಿ ಕೂರಿಸಿ ಏನು ಮಾಡುವರು?,,,,
kannada-3rdstd,General Exercise,5,ಸಂಕ್ರಾಂತಿ' ಪದ್ಯವನ್ನು ಬರೆದ ಕವಿಯ ಹೆಸರೇನು?,,,,
kannada-3rdstd,General Exercise,1,General Exercise: ಗರಿಮುರಿ ಜರತಾರಿ,,,,
kannada-3rdstd,General Exercise,2,General Exercise: ಬೀರೋಕಂತ ಹೊರಟಿದ್ದಾಳೆ,,,,
kannada-3rdstd,General Exercise,3,ರಂಗೇನಳ್ಳಿ ರಂಗಿನ ಗೊಂಬೆ,,,,
kannada-3rdstd,General Exercise,4,ಕಿಚ್ಚನು ಹಾಯಿಸಿ ಕೊಡುವರು ಅಪ್ಪ,,,,
kannada-3rdstd,General Exercise,5,ಸುರಿಯುವಾಗ ಅಮ್ಮ ಅಜ್ಜಿ,,,,
kannada-3rdstd,General Exercise,1,General Exercise: ತಂಗಿ ಕೇರಿಗೆಲ್ಲ,,,,
kannada-3rdstd,General Exercise,2,General Exercise: ಅಕ್ಕಿ-ಬೆಲ್ಲ-ಹಣ್ಣು,,,,
kannada-3rdstd,General Exercise,3,General Exercise: ಮಕ್ಕಳಿಗಚ್ಚು ಮೆಚ್ಚು,,,,
kannada-3rdstd,General Exercise,4,General Exercise: ಲಂಗ ಹಾಕಿಕೊಂಡು,,,,
kannada-3rdstd,General Exercise,5,ಕಣ್ಣ ತುಂಬ ನೋಡಿ,,,,
kannada-3rdstd,ಪಠ್ಯವನ್ನು ಆಧರಿಸಿ ಈ ಘಟನೆಗಳನ್ನು ಅನುಕ್ರಮವಾಗಿ ಗುರುತಿಸಿ ಬರೆ.,1,"ಮಕ್ಕಳನ್ನು ಹಸೆಯಲ್ಲಿ ಕೂರಿಸಿ, ಎಳ್ಳು-ಎಲಚಿ-ಅಚ್ಚುಗಳನ್ನು ಅಮ್ಮ ಅಜ್ಜಿ",,,,
kannada-3rdstd,ಪಠ್ಯವನ್ನು ಆಧರಿಸಿ ಈ ಘಟನೆಗಳನ್ನು ಅನುಕ್ರಮವಾಗಿ ಗುರುತಿಸಿ ಬರೆ.,2,"ಪುಟಾಣಿ ತಂಗಿ ತನ್ನ ಗೆಳತಿ ಜೊತೆ ಎಳ್ಳು, ಬೆಲ್ಲ ಬೀರಲು ಹೊರಟಳು.",,,,
kannada-3rdstd,ಪಠ್ಯವನ್ನು ಆಧರಿಸಿ ಈ ಘಟನೆಗಳನ್ನು ಅನುಕ್ರಮವಾಗಿ ಗುರುತಿಸಿ ಬರೆ.,3,ತಂಗಿಯು ಗರಿಮುರಿ ಜರತಾರಿ ಲಂಗ ಹಾಕಿಕೊಂಡಳು.,,,,
kannada-3rdstd,ಪಠ್ಯವನ್ನು ಆಧರಿಸಿ ಈ ಘಟನೆಗಳನ್ನು ಅನುಕ್ರಮವಾಗಿ ಗುರುತಿಸಿ ಬರೆ.,4,ಎತ್ತು ಹಸು ಕರುಗಳನ್ನು ಕೊಂಬು ಹೆರೆದು ಬಣ್ಣವ ಬಳಿದು ಶೃಂಗಾರ ಮಾಡಿದರು.,,,,
kannada-3rdstd,ನಿಮ್ಮ ಮನೆಯಲ್ಲಿ ನೀನು ಬೆಳಗ್ಗೆ ಎದ್ದ ನಂತರ ಶಾಲೆಗೆ ಹೋಗುವವರೆಗಿನ ನಾಲ್ಕು ಘಟನೆಗಳನ್ನು,1,ಹುಡುಗಿಯು ತರಕಾರಿಯನ್ನು ತಂದಳು. (ಇದನ್ನು ಪುಲ್ಲಿಂಗ ರೂಪದಲ್ಲಿ ಬರೆ),,,,
kannada-3rdstd,ನಿಮ್ಮ ಮನೆಯಲ್ಲಿ ನೀನು ಬೆಳಗ್ಗೆ ಎದ್ದ ನಂತರ ಶಾಲೆಗೆ ಹೋಗುವವರೆಗಿನ ನಾಲ್ಕು ಘಟನೆಗಳನ್ನು,2,ರಾಜು ಗಾಡಿಯನ್ನು ಎಳೆದನು. ('ರಾಜು' ಎಂಬ ಪದದ ಬದಲಿಗೆ 'ಎತ್ತು',,,,
kannada-3rdstd,ನಿಮ್ಮ ಮನೆಯಲ್ಲಿ ನೀನು ಬೆಳಗ್ಗೆ ಎದ್ದ ನಂತರ ಶಾಲೆಗೆ ಹೋಗುವವರೆಗಿನ ನಾಲ್ಕು ಘಟನೆಗಳನ್ನು,3,ಅಣ್ಣ ತಮ್ಮಂದಿರು ಸ್ನೇಹಿತರಂತೆ ಇದ್ದರು. (ಇದನ್ನು ಸ್ತ್ರೀಲಿಂಗ ರೂಪದಲ್ಲಿ ಬರೆ.),,,,
kannada-4thstd,General Exercise,1,"ರಾಷ್ಟ್ರೀಯ ಹಾಗೂ ರಾಜ್ಯ ಪಠ್ಯಕ್ರಮ ಚೌಕಟ್ಟುಗಳು ಮತ್ತು ಸಂವಿಧಾನದ ಆಶಯಗಳಿಗೆ ವ್ಯತಿರಿಕ್ತವಾಗದಂತೆ,",,,,
kannada-4thstd,General Exercise,2,ಪ್ರಸ್ತುತ ಪರಿಷ್ಕರಣ ಸಮಿತಿಗೆ ಪೂರ್ವದಲ್ಲಿಯೇ ಶಾಲಾ ಶಿಕ್ಷಣ ಇಲಾಖೆಯು ಹೊರಡಿಸಿದ್ದ “೨೦೨೩-೨೪ನೇ ಸಾಲಿನ,,,,
kannada-4thstd,General Exercise,5,ನಿರ್ದಿಷ್ಟ ಪಠ್ಯಗಳನ್ನು ಬೋಧಿಸುವ ಶಿಕ್ಷಕರಿಂದ ಪಡೆದುಕೊಂಡ ಅಭಿಪ್ರಾಯಗಳು ಸಹ ಪ್ರಸ್ತುತ ಪರಿಷ್ಕರಣೆಯಲ್ಲಿ ಅಪಾರ,,,,
kannada-4thstd,ಒಂದೊಂದು ವಾಕ್ಯದಲ್ಲಿ ಉತ್ತರ ಬರೆಯಿರಿ,1,ಕನ್ನಡದ ಕಂದ ಯಾವುದಕ್ಕಾಗಿ ಹೋರಾಡಬೇಕು?,,,,
kannada-4thstd,ಒಂದೊಂದು ವಾಕ್ಯದಲ್ಲಿ ಉತ್ತರ ಬರೆಯಿರಿ,2,ಕನ್ನಡವನ್ನು ಮರೆತರೆ ಯಾರನ್ನು ಮರೆತಂತೆ?,,,,
kannada-4thstd,ಒಂದೊಂದು ವಾಕ್ಯದಲ್ಲಿ ಉತ್ತರ ಬರೆಯಿರಿ,3,ಕನ್ನಡದ ಕಂದ ಯಾವುದನ್ನು ಮರೆಯಬಾರದು?,,,,
kannada-4thstd,ಒಂದೊಂದು ವಾಕ್ಯದಲ್ಲಿ ಉತ್ತರ ಬರೆಯಿರಿ,4,ಕನ್ನಡ ನುಡಿಯ ಸೊಗಸನ್ನು ಯಾವುದಕ್ಕೆ ಹೋಲಿಸಲಾಗಿದೆ?,,,,
kannada-4thstd,ಕೊಟ್ಟಿರುವ ಪದಗಳಲ್ಲಿ ಸರಿಯಾದ ಪದ ಆರಿಸಿ ಖಾಲಿ ಸ್ಥಳದಲ್ಲಿ ಬರೆಯಿರಿ.,1,ಕನ್ನಡಕೆ ಹೋರಾಡು ಕನ್ನಡದ,,,,
kannada-4thstd,ಕೊಟ್ಟಿರುವ ಪದಗಳಲ್ಲಿ ಸರಿಯಾದ ಪದ ಆರಿಸಿ ಖಾಲಿ ಸ್ಥಳದಲ್ಲಿ ಬರೆಯಿರಿ.,2,ಕೊಟ್ಟಿರುವ ಪದಗಳಲ್ಲಿ ಸರಿಯಾದ ಪದ ಆರಿಸಿ ಖಾಲಿ ಸ್ಥಳದಲ್ಲಿ ಬರೆಯಿರಿ.: ಮರೆತೆಯಾದರೆ,,,,
kannada-4thstd,ಕೊಟ್ಟಿರುವ ಪದಗಳಲ್ಲಿ ಸರಿಯಾದ ಪದ ಆರಿಸಿ ಖಾಲಿ ಸ್ಥಳದಲ್ಲಿ ಬರೆಯಿರಿ.,3,ಕೊಟ್ಟಿರುವ ಪದಗಳಲ್ಲಿ ಸರಿಯಾದ ಪದ ಆರಿಸಿ ಖಾಲಿ ಸ್ಥಳದಲ್ಲಿ ಬರೆಯಿರಿ.: ಮೊಲೆಯ ಹಾಲೆಂತಂತೆ,,,,
kannada-4thstd,ಕೊಟ್ಟಿರುವ ಪದಗಳಲ್ಲಿ ಸರಿಯಾದ ಪದ ಆರಿಸಿ ಖಾಲಿ ಸ್ಥಳದಲ್ಲಿ ಬರೆಯಿರಿ.,4,ಕೊಟ್ಟಿರುವ ಪದಗಳಲ್ಲಿ ಸರಿಯಾದ ಪದ ಆರಿಸಿ ಖಾಲಿ ಸ್ಥಳದಲ್ಲಿ ಬರೆಯಿರಿ.: ಹೋರಾಡು ಕನ್ನಡಕೆ,,,,
kannada-4thstd,ಕೊಟ್ಟಿರುವ ಸಾಲುಗಳನ್ನು ವೇಗವಾಗಿ ಉಚ್ಚರಿಸಿ,1,ಟಗರಿಗೆ ತರಗು ತಂದು ಹಾಕು.,,,,
kannada-4thstd,ಕೊಟ್ಟಿರುವ ಸಾಲುಗಳನ್ನು ವೇಗವಾಗಿ ಉಚ್ಚರಿಸಿ,2,"ತರಿಕೆರೆ ಏರಿ ಮೇಲೆ ಮೂರು ಕರಿ ಕುರಿಮರಿ,",,,,
kannada-4thstd,ಕೊಟ್ಟಿರುವ ಸಾಲುಗಳನ್ನು ವೇಗವಾಗಿ ಉಚ್ಚರಿಸಿ,3,ಕಪ್ಪು ಕುಂಕುಮ ಕೆಂಪು ಕುಂಕುಮ.,,,,
kannada-4thstd,ಕೊಟ್ಟಿರುವ ಸಾಲುಗಳನ್ನು ವೇಗವಾಗಿ ಉಚ್ಚರಿಸಿ,4,ಕಾಗೆ ಪುಕ್ಕ ಗೂಬೆ ಪುಕ್ಕ.,,,,
kannada-4thstd,ಒಂದೊಂದು ವಾಕ್ಯದಲ್ಲಿ ಉತ್ತರ ಬರೆಯಿರಿ,1,ಕೃಷ್ಣದೇವರಾಯನ ಆಸ್ಥಾನಕ್ಕೆ ಬಂದವರು ಯಾರು?,,,,
kannada-4thstd,ಒಂದೊಂದು ವಾಕ್ಯದಲ್ಲಿ ಉತ್ತರ ಬರೆಯಿರಿ,2,ವಿದ್ಯಾಸಾಗರನು ಕೃಷ್ಣದೇವರಾಯನಿಗೆ ಹಾಕಿದ ಸವಾಲು ಯಾವುದು?,,,,
kannada-4thstd,ಒಂದೊಂದು ವಾಕ್ಯದಲ್ಲಿ ಉತ್ತರ ಬರೆಯಿರಿ,3,ವಿದ್ಯಾಸಾಗರನೊಂದಿಗೆ ವಾದ ಮಾಡಲು ಒಪ್ಪಿಕೊಂಡವರು ಯಾರು?,,,,
kannada-4thstd,ಒಂದೊಂದು ವಾಕ್ಯದಲ್ಲಿ ಉತ್ತರ ಬರೆಯಿರಿ,4,ತೆನಾಲಿ ರಾಮಕೃಷ್ಣನು ವಾದಕ್ಕೆ ಯಾವ ಗ್ರಂಥವನ್ನು ಆರಿಸಿಕೊಂಡನು?,,,,
kannada-4thstd,ಎರಡು/ಮೂರು ವಾಕ್ಯಗಳಲ್ಲಿ ಉತ್ತರ ಬರೆಯಿರಿ,1,ವಿದ್ಯಾಸಾಗರನು ಕೃಷ್ಣದೇವರಾಯನ ಆಸ್ಥಾನಕ್ಕೆ ಏಕೆ ಬಂದನು?,,,,
kannada-4thstd,ಎರಡು/ಮೂರು ವಾಕ್ಯಗಳಲ್ಲಿ ಉತ್ತರ ಬರೆಯಿರಿ,2,ವಿದ್ಯಾಸಾಗರನ ಮುಖ ಏಕೆ ಅರಳಿತು?,,,,
kannada-4thstd,ಎರಡು/ಮೂರು ವಾಕ್ಯಗಳಲ್ಲಿ ಉತ್ತರ ಬರೆಯಿರಿ,3,ಎರಡು/ಮೂರು ವಾಕ್ಯಗಳಲ್ಲಿ ಉತ್ತರ ಬರೆಯಿರಿ: ತಿಲಕಾಷ್ಠಮಹಿಷಬಂಧನ ಎಂದರೇನು?,,,,
kannada-4thstd,ಕೊಟ್ಟಿರುವ ಮಾತನ್ನು ಯಾರು? ಯಾರಿಗೆ ಹೇಳಿದರು?,1,ಈ ವಿಷಯ ಮೊದಲೇ ತಿಳಿದಿದ್ದರೆ ನಾನು ಇಲ್ಲಿಗೆ ಬರುತ್ತಲೇ ಇರಲಿಲ್ಲ.',,,,
kannada-4thstd,ಕೊಟ್ಟಿರುವ ಮಾತನ್ನು ಯಾರು? ಯಾರಿಗೆ ಹೇಳಿದರು?,2,ಯಾವುದನ್ನು ಬೇಕಾದರೂ ಆರಿಸಿಕೊಳ್ಳಿ,,,,
kannada-4thstd,ಕೊಟ್ಟಿರುವ ಮಾತನ್ನು ಯಾರು? ಯಾರಿಗೆ ಹೇಳಿದರು?,3,ಇದು ನಮ್ಮೂರಿನ ದನಕಾಯುವ ಹುಡುಗರಿಗೂ ಗೊತ್ತು.,,,,
kannada-4thstd,ಕೊಟ್ಟಿರುವ ಮಾತನ್ನು ಯಾರು? ಯಾರಿಗೆ ಹೇಳಿದರು?,4,ಮಹಾಪ್ರಭು ಏಕೋ ನನ್ನ ದೇಹಾರೋಗ್ಯ ಸರಿಯಿಲ್ಲ.',,,,
kannada-4thstd,ಮಾದರಿಯಂತೆ ಕೂಡಿಸಿ ರಚಿಸಿ - ಬರೆಯಿರಿ.,1,ಕಟ್ಟಿಗೆ + ಗಳು,,,,
kannada-4thstd,ಮಾದರಿಯಂತೆ ಕೂಡಿಸಿ ರಚಿಸಿ - ಬರೆಯಿರಿ.,2,ಮುಖ + ಗಳು,,,,
kannada-4thstd,ಮಾದರಿಯಂತೆ ಕೂಡಿಸಿ ರಚಿಸಿ - ಬರೆಯಿರಿ.,3,ಮಾದರಿಯಂತೆ ಕೂಡಿಸಿ ರಚಿಸಿ - ಬರೆಯಿರಿ.: ಗ್ರಂಥ +,,,,
kannada-4thstd,ಮಾದರಿಯಂತೆ ಕೂಡಿಸಿ ರಚಿಸಿ - ಬರೆಯಿರಿ.,4,ಮಾದರಿಯಂತೆ ಕೂಡಿಸಿ ರಚಿಸಿ - ಬರೆಯಿರಿ.: ಕಣ್ಣು,,,,
kannada-4thstd,ಈ ಕೆಳಗಿನ ವಾಕ್ಯಗಳನ್ನು ಸರಿಪಡಿಸಿ ಬರೆಯಿರಿ.,1,ನಾವು ಶಾಲೆಗೆ ಹೋಗುತ್ತೇನೆ.,,,,
kannada-4thstd,ಈ ಕೆಳಗಿನ ವಾಕ್ಯಗಳನ್ನು ಸರಿಪಡಿಸಿ ಬರೆಯಿರಿ.,2,ಶೀಲಾ ಕಥೆ ಬರೆಯುತ್ತಾನೆ.,,,,
kannada-4thstd,ಈ ಕೆಳಗಿನ ವಾಕ್ಯಗಳನ್ನು ಸರಿಪಡಿಸಿ ಬರೆಯಿರಿ.,3,ಇಂದು ಮಳೆ ಬರುವ ಸಾಧ್ಯತೆ ಇವೆ.,,,,
kannada-4thstd,ಈ ಕೆಳಗಿನ ವಾಕ್ಯಗಳನ್ನು ಸರಿಪಡಿಸಿ ಬರೆಯಿರಿ.,4,ನಮ್ಮ ತರಗತಿಯಲ್ಲಿ ಹುಡುಗ ಇದ್ದಾರೆ.,,,,
kannada-4thstd,ಈ ಕೆಳಗಿನ ವಾಕ್ಯಗಳನ್ನು ಸರಿಪಡಿಸಿ ಬರೆಯಿರಿ.,5,ಕಾಡಿನಲ್ಲಿ ಮರಗಳು ಇದೆ.,,,,
kannada-4thstd,ಒಂದೊಂದು ವಾಕ್ಯದಲ್ಲಿ ಉತ್ತರ ಬರೆಯಿರಿ.,1,ತಾಯಿಗೆ ಮಗನು ಏನೆಂದು ಕೇಳಿದನು?,,,,
kannada-4thstd,ಒಂದೊಂದು ವಾಕ್ಯದಲ್ಲಿ ಉತ್ತರ ಬರೆಯಿರಿ.,2,ಕೊಂಡಾಣದುರ್ಗವು ಯಾರ ವಶದಲ್ಲಿತ್ತು?,,,,
kannada-4thstd,ಒಂದೊಂದು ವಾಕ್ಯದಲ್ಲಿ ಉತ್ತರ ಬರೆಯಿರಿ.,3,ಜೀಜಾಬಾಯಿಯ ತಂದೆಯ ಹೆಸರೇನು?,,,,
kannada-4thstd,ಒಂದೊಂದು ವಾಕ್ಯದಲ್ಲಿ ಉತ್ತರ ಬರೆಯಿರಿ.,4,ಶಿವಾಜಿಯ ಗುರುವಿನ ಹೆಸರೇನು?,,,,
kannada-4thstd,ಕೊಟ್ಟಿರುವ ಪದಗಳಲ್ಲಿ ಸರಿಯಾದ ಪದ ಆರಿಸಿ ಬಿಟ್ಟ ಸ್ಥಳದಲ್ಲಿ ಬರೆಯಿರಿ.,1,ಛತ್ರಪತಿ ಶಿವಾಜಿ ತಾಯಿಯ ಹೆಸರು,,,,
kannada-4thstd,ಕೊಟ್ಟಿರುವ ಪದಗಳಲ್ಲಿ ಸರಿಯಾದ ಪದ ಆರಿಸಿ ಬಿಟ್ಟ ಸ್ಥಳದಲ್ಲಿ ಬರೆಯಿರಿ.,2,ಕೊಟ್ಟಿರುವ ಪದಗಳಲ್ಲಿ ಸರಿಯಾದ ಪದ ಆರಿಸಿ ಬಿಟ್ಟ ಸ್ಥಳದಲ್ಲಿ ಬರೆಯಿರಿ.: ಜೀಜಾಬಾಯಿ,,,,
kannada-4thstd,ಕೊಟ್ಟಿರುವ ಪದಗಳಲ್ಲಿ ಸರಿಯಾದ ಪದ ಆರಿಸಿ ಬಿಟ್ಟ ಸ್ಥಳದಲ್ಲಿ ಬರೆಯಿರಿ.,3,ಜೀಜಾಬಾಯಿ ಶಿವಾಜಿಗೆ ಪ್ರತಿನಿತ್ಯ,,,,
kannada-4thstd,ಕೊಟ್ಟಿರುವ ಪದಗಳಲ್ಲಿ ಸರಿಯಾದ ಪದ ಆರಿಸಿ ಬಿಟ್ಟ ಸ್ಥಳದಲ್ಲಿ ಬರೆಯಿರಿ.,4,ಕೊಟ್ಟಿರುವ ಪದಗಳಲ್ಲಿ ಸರಿಯಾದ ಪದ ಆರಿಸಿ ಬಿಟ್ಟ ಸ್ಥಳದಲ್ಲಿ ಬರೆಯಿರಿ.: ಶಿವಾಜಿ ಪಟ್ಟಾಭಿಷೇಕವು,,,,
kannada-4thstd,ಕೊಟ್ಟಿರುವ ಮಾತನ್ನು ಯಾರು? ಯಾರಿಗೆ ಹೇಳಿದರು?,1,ಮಾತಾಜಿಯವರಿಗೆ ನನ್ನ ಪ್ರಣಾಮಗಳು',,,,
kannada-4thstd,ಕೊಟ್ಟಿರುವ ಮಾತನ್ನು ಯಾರು? ಯಾರಿಗೆ ಹೇಳಿದರು?,2,ನೀನು ಗೆದ್ದು ನನಗೆ ಬಹುಮಾನವಾಗಿ ಕೊಡಬೇಕು'.,,,,
kannada-4thstd,ಪದಗಳನ್ನು ಸರಿಯಾಗಿ ಜೋಡಿಸಿ ವಾಕ್ಯ ರಚಿಸಿ ಬರೆಯಿರಿ.,1,ತಾಯಿ ನೀಡುತ್ತೇನೆ ಕೇಳು ಅಗತ್ಯವಾಗಿ,,,,
kannada-4thstd,ಪದಗಳನ್ನು ಸರಿಯಾಗಿ ಜೋಡಿಸಿ ವಾಕ್ಯ ರಚಿಸಿ ಬರೆಯಿರಿ.,2,ಚಾಣಾಕ್ಷ ಜೀಜಾಬಾಯಿ ಹೆಣ್ಣುಮಗಳು.,,,,
kannada-4thstd,ಪದಗಳನ್ನು ಸರಿಯಾಗಿ ಜೋಡಿಸಿ ವಾಕ್ಯ ರಚಿಸಿ ಬರೆಯಿರಿ.,3,ಪಟ್ಟಾಭಿಷೇಕವು ಅತಿ ಶಿವಾಜಿಯ ನಡೆಯಿತು ವೈಭವದಿಂದ.,,,,
kannada-4thstd,ಮಾದರಿಯಲ್ಲಿ ಸೂಚಿಸಿರುವಂತೆ ಸೂಕ್ತ ಪದ ರಚಿಸಿ ಬರೆಯಿರಿ.,1,ಮಾದರಿ : ಬರು + ಅಂತೆ,,,,
kannada-4thstd,ಮಾದರಿಯಲ್ಲಿ ಸೂಚಿಸಿರುವಂತೆ ಸೂಕ್ತ ಪದ ರಚಿಸಿ ಬರೆಯಿರಿ.,1,ಮಾದರಿಯಲ್ಲಿ ಸೂಚಿಸಿರುವಂತೆ ಸೂಕ್ತ ಪದ ರಚಿಸಿ ಬರೆಯಿರಿ.: ಹೋಗು +,,,,
kannada-4thstd,ಮಾದರಿಯಲ್ಲಿ ಸೂಚಿಸಿರುವಂತೆ ಸೂಕ್ತ ಪದ ರಚಿಸಿ ಬರೆಯಿರಿ.,2,ಮಾದರಿಯಲ್ಲಿ ಸೂಚಿಸಿರುವಂತೆ ಸೂಕ್ತ ಪದ ರಚಿಸಿ ಬರೆಯಿರಿ.: ನೋಡು +,,,,
kannada-4thstd,ಮಾದರಿಯಲ್ಲಿ ಸೂಚಿಸಿರುವಂತೆ ಸೂಕ್ತ ಪದ ರಚಿಸಿ ಬರೆಯಿರಿ.,3,ಮಾದರಿಯಲ್ಲಿ ಸೂಚಿಸಿರುವಂತೆ ಸೂಕ್ತ ಪದ ರಚಿಸಿ ಬರೆಯಿರಿ.: ಮಗು +,,,,
kannada-4thstd,ಮಾದರಿಯಲ್ಲಿ ಸೂಚಿಸಿರುವಂತೆ ಸೂಕ್ತ ಪದ ರಚಿಸಿ ಬರೆಯಿರಿ.,2,ಮಾದರಿ : ಹುಡುಗ + ಆಟ = ಹುಡುಗಾಟ,,,,
kannada-4thstd,ಮಾದರಿಯಲ್ಲಿ ಸೂಚಿಸಿರುವಂತೆ ಸೂಕ್ತ ಪದ ರಚಿಸಿ ಬರೆಯಿರಿ.,1,ಬಂದು + ಆಗ =,,,,
kannada-4thstd,ಮಾದರಿಯಲ್ಲಿ ಸೂಚಿಸಿರುವಂತೆ ಸೂಕ್ತ ಪದ ರಚಿಸಿ ಬರೆಯಿರಿ.,2,ಕಾಡು + ಆನೆ,,,,
kannada-4thstd,ಮಾದರಿಯಲ್ಲಿ ಸೂಚಿಸಿರುವಂತೆ ಸೂಕ್ತ ಪದ ರಚಿಸಿ ಬರೆಯಿರಿ.,3,ಬಾಯಿ + ಆರಿಕೆ =,,,,
kannada-4thstd,"ಆವರಣದಲ್ಲಿರುವ ಪದಗಳನ್ನು ಗಮನಿಸಿ, ಅವುಗಳ ಸಹಾಯದಿಂದ ಗಾದೆಗಳನ್ನು ಪೂರ್ಣ",1,"ಆವರಣದಲ್ಲಿರುವ ಪದಗಳನ್ನು ಗಮನಿಸಿ, ಅವುಗಳ ಸಹಾಯದಿಂದ ಗಾದೆಗಳನ್ನು ಪೂರ್ಣ: ತಾಳಿದವರು",,,,
kannada-4thstd,"ಆವರಣದಲ್ಲಿರುವ ಪದಗಳನ್ನು ಗಮನಿಸಿ, ಅವುಗಳ ಸಹಾಯದಿಂದ ಗಾದೆಗಳನ್ನು ಪೂರ್ಣ",2,"ಆವರಣದಲ್ಲಿರುವ ಪದಗಳನ್ನು ಗಮನಿಸಿ, ಅವುಗಳ ಸಹಾಯದಿಂದ ಗಾದೆಗಳನ್ನು ಪೂರ್ಣ: ಕೈ ಕೆಸರಾದರೆ",,,,
kannada-4thstd,"ಆವರಣದಲ್ಲಿರುವ ಪದಗಳನ್ನು ಗಮನಿಸಿ, ಅವುಗಳ ಸಹಾಯದಿಂದ ಗಾದೆಗಳನ್ನು ಪೂರ್ಣ",3,"ಆವರಣದಲ್ಲಿರುವ ಪದಗಳನ್ನು ಗಮನಿಸಿ, ಅವುಗಳ ಸಹಾಯದಿಂದ ಗಾದೆಗಳನ್ನು ಪೂರ್ಣ: ಮಾತು ಬೆಳ್ಳಿ",,,,
kannada-4thstd,"ಆವರಣದಲ್ಲಿರುವ ಪದಗಳನ್ನು ಗಮನಿಸಿ, ಅವುಗಳ ಸಹಾಯದಿಂದ ಗಾದೆಗಳನ್ನು ಪೂರ್ಣ",4,"ಆವರಣದಲ್ಲಿರುವ ಪದಗಳನ್ನು ಗಮನಿಸಿ, ಅವುಗಳ ಸಹಾಯದಿಂದ ಗಾದೆಗಳನ್ನು ಪೂರ್ಣ: ಮನೆಗೆ ಮಾರಿ",,,,
kannada-4thstd,"ಆವರಣದಲ್ಲಿರುವ ಪದಗಳನ್ನು ಗಮನಿಸಿ, ಅವುಗಳ ಸಹಾಯದಿಂದ ಗಾದೆಗಳನ್ನು ಪೂರ್ಣ",1,ನೀನು ಜೀಜಾಬಾಯಿಯ ಯಾವ ಗುಣವನ್ನು ಇಷ್ಟಪಡುವೆ? ಏಕೆ?,,,,
kannada-4thstd,"ಆವರಣದಲ್ಲಿರುವ ಪದಗಳನ್ನು ಗಮನಿಸಿ, ಅವುಗಳ ಸಹಾಯದಿಂದ ಗಾದೆಗಳನ್ನು ಪೂರ್ಣ",2,"ನಿನಗೆ ಗೊತ್ತಿರುವ ವೀರಮಹಿಳೆಯರ ಹೆಸರುಗಳನ್ನು ಸಂಗ್ರಹಿಸಿ, ಪಟ್ಟಿ ಮಾಡಿ.",,,,
kannada-4thstd,"ಆವರಣದಲ್ಲಿರುವ ಪದಗಳನ್ನು ಗಮನಿಸಿ, ಅವುಗಳ ಸಹಾಯದಿಂದ ಗಾದೆಗಳನ್ನು ಪೂರ್ಣ",3,ನಿನ್ನ ಮತ್ತು ತಾಯಿಯ ನಡುವೆ ಬೆಳಗ್ಗೆ ಶಾಲೆಗೆ ಹೊರಡುವ ಸಮಯದಲ್ಲಿ ನಡೆಯುವ,,,,
kannada-4thstd,"ಆವರಣದಲ್ಲಿರುವ ಪದಗಳನ್ನು ಗಮನಿಸಿ, ಅವುಗಳ ಸಹಾಯದಿಂದ ಗಾದೆಗಳನ್ನು ಪೂರ್ಣ",4,ಈ ಗದ್ಯದಲ್ಲಿ ಬರುವ ಶಿವಾಜಿ ಮತ್ತು ಜೀಜಾಬಾಯಿ ಅವರ ಸಂಭಾಷಣೆಗಳನ್ನು,,,,
kannada-4thstd,ಒಂದೊಂದು ವಾಕ್ಯದಲ್ಲಿ ಉತ್ತರ ಬರೆಯಿರಿ.,1,ಬಿಸಿಲ ಝಳಕೆ ನೀರು ಏನಾಯಿತು?,,,,
kannada-4thstd,ಒಂದೊಂದು ವಾಕ್ಯದಲ್ಲಿ ಉತ್ತರ ಬರೆಯಿರಿ.,2,ಮಳೆ ಸುರಿದಿದ್ದರಿಂದ ಏನೇನು ತುಂಬಿ ಹರಿಯಿತು?,,,,
kannada-4thstd,ಒಂದೊಂದು ವಾಕ್ಯದಲ್ಲಿ ಉತ್ತರ ಬರೆಯಿರಿ.,3,ಮೋಡ ಯಾವಾಗ ಭಾರವಾಯಿತು?,,,,
kannada-4thstd,ಕೊಟ್ಟಿರುವ ಪದಗಳಲ್ಲಿ ಸರಿಯಾದುದನ್ನು ಆಯ್ದು ಬಿಟ್ಟ ಸ್ಥಳದಲ್ಲಿ ಬರೆಯಿರಿ.,1,ಕೊಟ್ಟಿರುವ ಪದಗಳಲ್ಲಿ ಸರಿಯಾದುದನ್ನು ಆಯ್ದು ಬಿಟ್ಟ ಸ್ಥಳದಲ್ಲಿ ಬರೆಯಿರಿ.: ಮುತ್ತಿನಂಥ,,,,
kannada-4thstd,ಕೊಟ್ಟಿರುವ ಪದಗಳಲ್ಲಿ ಸರಿಯಾದುದನ್ನು ಆಯ್ದು ಬಿಟ್ಟ ಸ್ಥಳದಲ್ಲಿ ಬರೆಯಿರಿ.,2,ಕೊಟ್ಟಿರುವ ಪದಗಳಲ್ಲಿ ಸರಿಯಾದುದನ್ನು ಆಯ್ದು ಬಿಟ್ಟ ಸ್ಥಳದಲ್ಲಿ ಬರೆಯಿರಿ.: ನೆಲದ ಮೇಲೆ,,,,
kannada-4thstd,ಕೊಟ್ಟಿರುವ ಪದಗಳಲ್ಲಿ ಸರಿಯಾದುದನ್ನು ಆಯ್ದು ಬಿಟ್ಟ ಸ್ಥಳದಲ್ಲಿ ಬರೆಯಿರಿ.,3,ಘಳಿಗೆಯೊಳಗೆ ಬಾನು ತುಂಬ,,,,
kannada-4thstd,ಕೊಟ್ಟಿರುವ ಪದಗಳಲ್ಲಿ ಸರಿಯಾದುದನ್ನು ಆಯ್ದು ಬಿಟ್ಟ ಸ್ಥಳದಲ್ಲಿ ಬರೆಯಿರಿ.,4,ಕೊಟ್ಟಿರುವ ಪದಗಳಲ್ಲಿ ಸರಿಯಾದುದನ್ನು ಆಯ್ದು ಬಿಟ್ಟ ಸ್ಥಳದಲ್ಲಿ ಬರೆಯಿರಿ.: ಮೋಡ ಮೇಲಕೇರಿದಾಗ,,,,
kannada-4thstd,ಗುಂಪಿಗೆ ಸೇರದ ಪದ ಗುರುತಿಸಿ ಬರೆಯಿರಿ.,1,"ಕೆರೆ, ಕಟ್ಟೆ, ಸಮುದ್ರ, ಸೂರ್ಯ",,,,
kannada-4thstd,ಗುಂಪಿಗೆ ಸೇರದ ಪದ ಗುರುತಿಸಿ ಬರೆಯಿರಿ.,2,"ಮಿಂಚು, ಭೂಮಿ, ಮಳೆ, ಗುಡುಗು :",,,,
kannada-4thstd,ಗುಂಪಿಗೆ ಸೇರದ ಪದ ಗುರುತಿಸಿ ಬರೆಯಿರಿ.,3,"ಸರೋವರ, ಪರ್ವತ, ಬೆಟ್ಟ, ಗುಡ್ಡ :",,,,
kannada-4thstd,ಗುಂಪಿಗೆ ಸೇರದ ಪದ ಗುರುತಿಸಿ ಬರೆಯಿರಿ.,4,"ನೊಗ, ಕುಂಟೆ, ನೇಗಿಲು, ಮಂಚ :",,,,
kannada-4thstd,ಗುಂಪಿಗೆ ಸೇರದ ಪದ ಗುರುತಿಸಿ ಬರೆಯಿರಿ.,1,ಗುಂಪಿಗೆ ಸೇರದ ಪದ ಗುರುತಿಸಿ ಬರೆಯಿರಿ.: ಕಾಡು,,,,
kannada-4thstd,ಗುಂಪಿಗೆ ಸೇರದ ಪದ ಗುರುತಿಸಿ ಬರೆಯಿರಿ.,2,ಗುಂಪಿಗೆ ಸೇರದ ಪದ ಗುರುತಿಸಿ ಬರೆಯಿರಿ.: ಸೂರ್ಯ :,,,,
kannada-4thstd,ಗುಂಪಿಗೆ ಸೇರದ ಪದ ಗುರುತಿಸಿ ಬರೆಯಿರಿ.,3,ಗುಂಪಿಗೆ ಸೇರದ ಪದ ಗುರುತಿಸಿ ಬರೆಯಿರಿ.: ಭೂಮಿ,,,,
kannada-4thstd,"ಅಕ್ಷರ ಬಳಸಿ ಪದ ರಚಿಸು, ತಿರುಗಿಸಿ ಓದಿ ಆನಂದಿಸಿ.",1,"ಅಕ್ಷರ ಬಳಸಿ ಪದ ರಚಿಸು, ತಿರುಗಿಸಿ ಓದಿ ಆನಂದಿಸಿ.: ಕಕನ ;",,,,
kannada-4thstd,"ಅಕ್ಷರ ಬಳಸಿ ಪದ ರಚಿಸು, ತಿರುಗಿಸಿ ಓದಿ ಆನಂದಿಸಿ.",2,"ಅಕ್ಷರ ಬಳಸಿ ಪದ ರಚಿಸು, ತಿರುಗಿಸಿ ಓದಿ ಆನಂದಿಸಿ.: ಮನನ;",,,,
kannada-4thstd,"ಅಕ್ಷರ ಬಳಸಿ ಪದ ರಚಿಸು, ತಿರುಗಿಸಿ ಓದಿ ಆನಂದಿಸಿ.",3,"ಅಕ್ಷರ ಬಳಸಿ ಪದ ರಚಿಸು, ತಿರುಗಿಸಿ ಓದಿ ಆನಂದಿಸಿ.: ರಸುರಸುರ;",,,,
kannada-4thstd,"ಅಕ್ಷರ ಬಳಸಿ ಪದ ರಚಿಸು, ತಿರುಗಿಸಿ ಓದಿ ಆನಂದಿಸಿ.",4,"ಅಕ್ಷರ ಬಳಸಿ ಪದ ರಚಿಸು, ತಿರುಗಿಸಿ ಓದಿ ಆನಂದಿಸಿ.: ಜೀವವನನ;",,,,
kannada-4thstd,"ಅಕ್ಷರ ಬಳಸಿ ಪದ ರಚಿಸು, ತಿರುಗಿಸಿ ಓದಿ ಆನಂದಿಸಿ.",5,"ಅಕ್ಷರ ಬಳಸಿ ಪದ ರಚಿಸು, ತಿರುಗಿಸಿ ಓದಿ ಆನಂದಿಸಿ.: ದ್ರಾಮನಸಿಮಸಿದಾ;",,,,
kannada-4thstd,ಸೂಚನೆಗಳನ್ನು ಅರ್ಥೈಸಿಕೊಂಡು ಪದಬಂಧ ಪೂರ್ಣಗೊಳಿಸಿ. ಪದಗಳನ್ನು ಓದಿ,1,೨೪ ನಿಮಿಷಗಳನ್ನು ಹೀಗೆ ಹೇಳುತ್ತಾರೆ. (೩ ಅಕ್ಷರ),,,,
kannada-4thstd,ಸೂಚನೆಗಳನ್ನು ಅರ್ಥೈಸಿಕೊಂಡು ಪದಬಂಧ ಪೂರ್ಣಗೊಳಿಸಿ. ಪದಗಳನ್ನು ಓದಿ,2,ಜೀವ ರಾಶಿ ನೆಲೆಸಿರುವ ಪ್ರಪಂಚ. (೩ ಅಕ್ಷರ),,,,
kannada-4thstd,ಸೂಚನೆಗಳನ್ನು ಅರ್ಥೈಸಿಕೊಂಡು ಪದಬಂಧ ಪೂರ್ಣಗೊಳಿಸಿ. ಪದಗಳನ್ನು ಓದಿ,3,ಕೆರೆ ಜೊತೆಯಲ್ಲಿರುವ ಜೋಡಿ ಪದ. (೨ ಅಕ್ಷರ),,,,
kannada-4thstd,ಸೂಚನೆಗಳನ್ನು ಅರ್ಥೈಸಿಕೊಂಡು ಪದಬಂಧ ಪೂರ್ಣಗೊಳಿಸಿ. ಪದಗಳನ್ನು ಓದಿ,4,ನಾವು ನಿಂತಿರುವ ಸ್ಥಳ. (೨ ಅಕ್ಷರ),,,,
kannada-4thstd,ಸೂಚನೆಗಳನ್ನು ಅರ್ಥೈಸಿಕೊಂಡು ಪದಬಂಧ ಪೂರ್ಣಗೊಳಿಸಿ. ಪದಗಳನ್ನು ಓದಿ,6,ಬೇಸಿಗೆ ಕಾಲದ ಪ್ರಭಾವವಿದು. (೩ ಅಕ್ಷರ),,,,
kannada-4thstd,ಸೂಚನೆಗಳನ್ನು ಅರ್ಥೈಸಿಕೊಂಡು ಪದಬಂಧ ಪೂರ್ಣಗೊಳಿಸಿ. ಪದಗಳನ್ನು ಓದಿ,7,ಮೋಡ ಕರಗಿ ಬೀಳುವುದು. (೨ ಅಕ್ಷರ),,,,
kannada-4thstd,ಸೂಚನೆಗಳನ್ನು ಅರ್ಥೈಸಿಕೊಂಡು ಪದಬಂಧ ಪೂರ್ಣಗೊಳಿಸಿ. ಪದಗಳನ್ನು ಓದಿ,8,ಮೇಲೆ ನೋಡಿದಾಗ ಕಾಣುವುದು. (೩ ಅಕ್ಷರ),,,,
kannada-4thstd,ಸೂಚನೆಗಳನ್ನು ಅರ್ಥೈಸಿಕೊಂಡು ಪದಬಂಧ ಪೂರ್ಣಗೊಳಿಸಿ. ಪದಗಳನ್ನು ಓದಿ,9,ಈ ಸಮಯ ಮುತ್ತಿನಂಥದು. (೨ ಅಕ್ಷರ),,,,
kannada-4thstd,ಸೂಚನೆಗಳನ್ನು ಅರ್ಥೈಸಿಕೊಂಡು ಪದಬಂಧ ಪೂರ್ಣಗೊಳಿಸಿ. ಪದಗಳನ್ನು ಓದಿ,1,ಗಟ್ಟಿಯಾದ ಪದಾರ್ಥ ಇದು (೨ ಅಕ್ಷರ),,,,
kannada-4thstd,ಸೂಚನೆಗಳನ್ನು ಅರ್ಥೈಸಿಕೊಂಡು ಪದಬಂಧ ಪೂರ್ಣಗೊಳಿಸಿ. ಪದಗಳನ್ನು ಓದಿ,2,ನೀರಿಗೆ ಮತ್ತೊಂದು ಹೆಸರು. (೨ ಅಕ್ಷರ),,,,
kannada-4thstd,ಸೂಚನೆಗಳನ್ನು ಅರ್ಥೈಸಿಕೊಂಡು ಪದಬಂಧ ಪೂರ್ಣಗೊಳಿಸಿ. ಪದಗಳನ್ನು ಓದಿ,3,ಇದರೊಳಗಿರುವುದು ಉಪ್ಪಿನ ನೀರು. (೩ ಅಕ್ಷರ),,,,
kannada-4thstd,ಸೂಚನೆಗಳನ್ನು ಅರ್ಥೈಸಿಕೊಂಡು ಪದಬಂಧ ಪೂರ್ಣಗೊಳಿಸಿ. ಪದಗಳನ್ನು ಓದಿ,5,ಭೂಮಿಗೆ ಇರುವ ಇನ್ನೊಂದು ಹೆಸರು. (೨ ಅಕ್ಷರ),,,,
kannada-4thstd,ಸೂಚನೆಗಳನ್ನು ಅರ್ಥೈಸಿಕೊಂಡು ಪದಬಂಧ ಪೂರ್ಣಗೊಳಿಸಿ. ಪದಗಳನ್ನು ಓದಿ,6,ಮಲ್ಲಿಗೆಯ ಬಣ್ಣ. (೨ ಅಕ್ಷರ),,,,
kannada-4thstd,ಸೂಚನೆಗಳನ್ನು ಅರ್ಥೈಸಿಕೊಂಡು ಪದಬಂಧ ಪೂರ್ಣಗೊಳಿಸಿ. ಪದಗಳನ್ನು ಓದಿ,7,ವಾಸ ಮಾಡಲು ಇದು ಬೇಕು. (೨ ಅಕ್ಷರ),,,,
kannada-4thstd,ಸೂಚನೆಗಳನ್ನು ಅರ್ಥೈಸಿಕೊಂಡು ಪದಬಂಧ ಪೂರ್ಣಗೊಳಿಸಿ. ಪದಗಳನ್ನು ಓದಿ,8,ಕಪ್ಪೆ ಚಿಪ್ಪಿನಲ್ಲಿರುವುದು. (೨ ಅಕ್ಷರ),,,,
kannada-4thstd,ಯೋಚಿಸಿ ಬರೆಯಿರಿ.,1,ಮಳೆ ಹೆಚ್ಚಾಗುವುದರಿಂದ ಆಗುವ ಪರಿಣಾಮಗಳಾವುವು?,,,,
kannada-4thstd,ಯೋಚಿಸಿ ಬರೆಯಿರಿ.,2,ಯಾವ ಕಾಲದಲ್ಲಿ ಮರಗಿಡಗಳು ಚಿಗುರುತ್ತವೆ ?,,,,
kannada-4thstd,ಯೋಚಿಸಿ ಬರೆಯಿರಿ.,3,ಮಳೆ ಬರುವ ಮುನ್ನ ಆಕಾಶದಲ್ಲಿ ಉಂಟಾಗುವ ಬದಲಾವಣೆಗಳನ್ನು ಗಮನಿಸಿ ಬರೆ.,,,,
kannada-4thstd,ಯೋಚಿಸಿ ಬರೆಯಿರಿ.,4,ಮಳೆಯೇ ಬರದಿದ್ದರೆ ಏನಾಗುತ್ತಿತ್ತು? ಯೋಚಿಸಿ ಬರೆಯಿರಿ.,,,,
kannada-4thstd,ಒಂದೊಂದು ವಾಕ್ಯದಲ್ಲಿ ಉತ್ತರ ಬರೆಯಿರಿ.,1,ಮಕ್ಕಳು ಎಲ್ಲಿಗೆ ಹೊರ ಸಂಚಾರ ಹೊರಟರು?,,,,
kannada-4thstd,ಒಂದೊಂದು ವಾಕ್ಯದಲ್ಲಿ ಉತ್ತರ ಬರೆಯಿರಿ.,2,ಸಾಮಾನ್ಯವಾಗಿ ಹೊಲವನ್ನು ಯಾವುದರಿಂದ ಉಳುತ್ತಾರೆ?,,,,
kannada-4thstd,ಒಂದೊಂದು ವಾಕ್ಯದಲ್ಲಿ ಉತ್ತರ ಬರೆಯಿರಿ.,3,ಎರೆಗೊಬ್ಬರವನ್ನು ಯಾವುದರಿಂದ ತಯಾರಿಸುತ್ತಾರೆ?,,,,
kannada-4thstd,ಒಂದೊಂದು ವಾಕ್ಯದಲ್ಲಿ ಉತ್ತರ ಬರೆಯಿರಿ.,4,ತೋಟದಲ್ಲಿ ಹೆಚ್ಚಾಗಿ ಯಾವ ಗೊಬ್ಬರವನ್ನು ಬಳಸುತ್ತಿದ್ದರು?,,,,
kannada-4thstd,ಒಂದೊಂದು ವಾಕ್ಯದಲ್ಲಿ ಉತ್ತರ ಬರೆಯಿರಿ.,5,ಶೀಲಾ ಅಜ್ಜಿಯ ಮನೆಯ ಅಂಗಳದಲ್ಲಿ ಯಾವ ಯಂತ್ರವನ್ನು ನೋಡಿದಳು?,,,,
kannada-4thstd,ಎರಡು-ಮೂರು ವಾಕ್ಯಗಳಲ್ಲಿ ಉತ್ತರ ಬರೆಯಿರಿ.,1,ಅಜ್ಜಿಯ ತೋಟದಲ್ಲಿ ಯಾವ ಯಾವ ಗಿಡಗಳಿದ್ದವು?,,,,
kannada-4thstd,ಎರಡು-ಮೂರು ವಾಕ್ಯಗಳಲ್ಲಿ ಉತ್ತರ ಬರೆಯಿರಿ.,2,ಉಳುಮೆಯ ಬಗ್ಗೆ ಗುರುಗಳು ನೀಡಿದ ವಿವರಣೆ ಏನು?,,,,
kannada-4thstd,ಎರಡು-ಮೂರು ವಾಕ್ಯಗಳಲ್ಲಿ ಉತ್ತರ ಬರೆಯಿರಿ.,3,ಇಂಗು ಗುಂಡಿಯ ಪ್ರಯೋಜನಗಳೇನು?,,,,
kannada-4thstd,ವಾಕ್ಯದಲ್ಲಿ ಬಿಟ್ಟಿರುವ ಸ್ಥಳಕ್ಕೆ ಸರಿಯಾದ ಪದ ತುಂಬಿ.,1,ಕಿಶೋರನ ಅಜ್ಜಿಯ ಮನೆ,,,,
kannada-4thstd,ವಾಕ್ಯದಲ್ಲಿ ಬಿಟ್ಟಿರುವ ಸ್ಥಳಕ್ಕೆ ಸರಿಯಾದ ಪದ ತುಂಬಿ.,2,ಮನೆಯ ಹಿಂದಿನ ಗುಡ್ಡದಲ್ಲಿ,,,,
kannada-4thstd,ವಾಕ್ಯದಲ್ಲಿ ಬಿಟ್ಟಿರುವ ಸ್ಥಳಕ್ಕೆ ಸರಿಯಾದ ಪದ ತುಂಬಿ.,3,ವಾಕ್ಯದಲ್ಲಿ ಬಿಟ್ಟಿರುವ ಸ್ಥಳಕ್ಕೆ ಸರಿಯಾದ ಪದ ತುಂಬಿ.: ಮಳೆಯ ನೀರನ್ನು,,,,
kannada-4thstd,ವಾಕ್ಯದಲ್ಲಿ ಬಿಟ್ಟಿರುವ ಸ್ಥಳಕ್ಕೆ ಸರಿಯಾದ ಪದ ತುಂಬಿ.,4,ವಾಕ್ಯದಲ್ಲಿ ಬಿಟ್ಟಿರುವ ಸ್ಥಳಕ್ಕೆ ಸರಿಯಾದ ಪದ ತುಂಬಿ.: ಅಜ್ಜಿ ಎಲ್ಲರಿಗೂ,,,,
kannada-4thstd,ವಾಕ್ಯದಲ್ಲಿ ಬಿಟ್ಟಿರುವ ಸ್ಥಳಕ್ಕೆ ಸರಿಯಾದ ಪದ ತುಂಬಿ.,1,ವಾಕ್ಯದಲ್ಲಿ ಬಿಟ್ಟಿರುವ ಸ್ಥಳಕ್ಕೆ ಸರಿಯಾದ ಪದ ತುಂಬಿ.: ಎರೆಹುಳ,,,,
kannada-4thstd,ವಾಕ್ಯದಲ್ಲಿ ಬಿಟ್ಟಿರುವ ಸ್ಥಳಕ್ಕೆ ಸರಿಯಾದ ಪದ ತುಂಬಿ.,2,ವಾಕ್ಯದಲ್ಲಿ ಬಿಟ್ಟಿರುವ ಸ್ಥಳಕ್ಕೆ ಸರಿಯಾದ ಪದ ತುಂಬಿ.: ಕೊಕೊ,,,,
kannada-4thstd,ವಾಕ್ಯದಲ್ಲಿ ಬಿಟ್ಟಿರುವ ಸ್ಥಳಕ್ಕೆ ಸರಿಯಾದ ಪದ ತುಂಬಿ.,3,ವಾಕ್ಯದಲ್ಲಿ ಬಿಟ್ಟಿರುವ ಸ್ಥಳಕ್ಕೆ ಸರಿಯಾದ ಪದ ತುಂಬಿ.: ತೆನೆ,,,,
kannada-4thstd,ವಾಕ್ಯದಲ್ಲಿ ಬಿಟ್ಟಿರುವ ಸ್ಥಳಕ್ಕೆ ಸರಿಯಾದ ಪದ ತುಂಬಿ.,4,ವಾಕ್ಯದಲ್ಲಿ ಬಿಟ್ಟಿರುವ ಸ್ಥಳಕ್ಕೆ ಸರಿಯಾದ ಪದ ತುಂಬಿ.: ಮಳೆಕೊಯ್ದು,,,,
kannada-4thstd,ವಾಕ್ಯದಲ್ಲಿ ಬಿಟ್ಟಿರುವ ಸ್ಥಳಕ್ಕೆ ಸರಿಯಾದ ಪದ ತುಂಬಿ.,5,ವಾಕ್ಯದಲ್ಲಿ ಬಿಟ್ಟಿರುವ ಸ್ಥಳಕ್ಕೆ ಸರಿಯಾದ ಪದ ತುಂಬಿ.: ಹಟ್ಟಿಗೊಬ್ಬರ,,,,
kannada-4thstd,ವಾಕ್ಯದಲ್ಲಿ ಬಿಟ್ಟಿರುವ ಸ್ಥಳಕ್ಕೆ ಸರಿಯಾದ ಪದ ತುಂಬಿ.,1,ವಾಕ್ಯದಲ್ಲಿ ಬಿಟ್ಟಿರುವ ಸ್ಥಳಕ್ಕೆ ಸರಿಯಾದ ಪದ ತುಂಬಿ.: ಕಿರುಚು,,,,
kannada-4thstd,ವಾಕ್ಯದಲ್ಲಿ ಬಿಟ್ಟಿರುವ ಸ್ಥಳಕ್ಕೆ ಸರಿಯಾದ ಪದ ತುಂಬಿ.,2,ವಾಕ್ಯದಲ್ಲಿ ಬಿಟ್ಟಿರುವ ಸ್ಥಳಕ್ಕೆ ಸರಿಯಾದ ಪದ ತುಂಬಿ.: ಹೊರಸಂಚಾರ :,,,,
kannada-4thstd,ವಾಕ್ಯದಲ್ಲಿ ಬಿಟ್ಟಿರುವ ಸ್ಥಳಕ್ಕೆ ಸರಿಯಾದ ಪದ ತುಂಬಿ.,3,ವಾಕ್ಯದಲ್ಲಿ ಬಿಟ್ಟಿರುವ ಸ್ಥಳಕ್ಕೆ ಸರಿಯಾದ ಪದ ತುಂಬಿ.: ಆರೈಕೆ,,,,
kannada-4thstd,ವಾಕ್ಯದಲ್ಲಿ ಬಿಟ್ಟಿರುವ ಸ್ಥಳಕ್ಕೆ ಸರಿಯಾದ ಪದ ತುಂಬಿ.,4,ವಾಕ್ಯದಲ್ಲಿ ಬಿಟ್ಟಿರುವ ಸ್ಥಳಕ್ಕೆ ಸರಿಯಾದ ಪದ ತುಂಬಿ.: ಹುಲುಸಾಗಿ,,,,
kannada-4thstd,ಗುಂಪಿಗೆ ಸೇರದ ಪದ ಆರಿಸಿ ಬರೆಯಿರಿ.,1,"ತೆಂಗು, ಅಡಿಕೆ, ಬಾಳೆ, ಭತ್ತ",,,,
kannada-4thstd,ಗುಂಪಿಗೆ ಸೇರದ ಪದ ಆರಿಸಿ ಬರೆಯಿರಿ.,2,"ಮೊಲ, ಹಂದಿ, ಮುಂಗುಸಿ, ಚಿಟ್ಟೆ",,,,
kannada-4thstd,ಗುಂಪಿಗೆ ಸೇರದ ಪದ ಆರಿಸಿ ಬರೆಯಿರಿ.,3,"ಸೀಬೆಕಾಯಿ, ಸಪೋಟ, ಅನಾನಸು. ಕೊಕೊ",,,,
kannada-4thstd,ನಿಮ್ಮ ಶಾಲೆಯಲ್ಲಿ ರೈತನೊಬ್ಬನನ್ನು ಸನ್ಮಾನಿಸುವ ಸಮಾರಂಭದ ಮುಖ್ಯ ಅತಿಥಿಯಾಗಿ,1,ನಿನ್ನ ಶಾಲೆಗೆ ಜಮೀನು ಕೊಟ್ಟರೆ ನೀನೇನು ಮಾಡುವಿ?,,,,
kannada-4thstd,ನಿಮ್ಮ ಶಾಲೆಯಲ್ಲಿ ರೈತನೊಬ್ಬನನ್ನು ಸನ್ಮಾನಿಸುವ ಸಮಾರಂಭದ ಮುಖ್ಯ ಅತಿಥಿಯಾಗಿ,2,ರೈತರು ಕೈ ಕೆಸರಾಗುತ್ತದೆ ಎಂದು ಸುಮ್ಮನೆ ಕುಳಿತರೆ ಏನಾಗಬಹುದು?,,,,
kannada-4thstd,ಒಗಟು ಓದಿ ಆನಂದಿಸಿ:,1,"ಅಕ್ಕ ಅಕ್ಕ ಗಿಡ ನೋಡು, ಗಿಡದ ಮೇಲೆ ಕಾಯಿ ನೋಡು. ಕಾಯಿ ತಿಂದೋರ ಬಾಯಿ",,,,
kannada-4thstd,ಒಗಟು ಓದಿ ಆನಂದಿಸಿ:,2,ಅಡ್ಡ ಮರದಲ್ಲಿ ಬೊಡ್ಡ ಕುಳಿತಿದ್ದಾನೆ.,,,,
kannada-4thstd,ಒಗಟು ಓದಿ ಆನಂದಿಸಿ:,3,ಹಸಿರು ಗಿಡದಲ್ಲಿ ಮೊಸರು ಚೆಲ್ಲಿದೆ.,,,,
kannada-4thstd,ಒಗಟು ಓದಿ ಆನಂದಿಸಿ:,4,"ಮಣ್ಣು ಕೊರೆದೆ ಕಲ್ಲು ಸಿಕ್ಕಿತು, ಕಲ್ಲು ಕೊರೆದೆ ಬೆಳ್ಳಿ ಸಿಕ್ಕಿತು, ಬೆಳ್ಳಿ ಕೊರೆದೆ ನೀರು",,,,
kannada-4thstd,General Exercise,1,ಇಲಿಗಳ ಸಂಸಾರ ಎಲ್ಲಿ ವಾಸವಾಗಿತ್ತು?,,,,
kannada-4thstd,General Exercise,2,ತಂದೆ-ತಾಯಿ ಇಲಿಗಳು ಏನೆಂದು ಯೋಚಿಸಿದವು?,,,,
kannada-4thstd,General Exercise,3,ತಾಯಿ ಇಲಿ ಏನೆಂದು ಹೇಳಿತು?,,,,
kannada-4thstd,General Exercise,4,ಜಗತ್ತನ್ನು ಬೆಳಗುವವರು ಯಾರು?,,,,
kannada-4thstd,General Exercise,5,ಸೂರ್ಯನಿಗೆ ಇಲಿಗಳು ಯಾವ ವಿಚಾರ ತಿಳಿಸಿದವು?,,,,
kannada-4thstd,General Exercise,6,ಯಾರ ಜೊತೆಯಲ್ಲಿ ಇಲಿಯ ಮದುವೆಯಾಯಿತು?,,,,
kannada-4thstd,ಕೊಟ್ಟಿರುವ ಮಾತನ್ನು ಯಾರು? ಯಾರಿಗೆ ಹೇಳಿದರು?,1,“ಜಗತ್ತನ್ನೇ ಬೆಳಗುವ ಸೂರ್ಯ ಬಹಳ ದೊಡ್ಡವನು.”,,,,
kannada-4thstd,ಕೊಟ್ಟಿರುವ ಮಾತನ್ನು ಯಾರು? ಯಾರಿಗೆ ಹೇಳಿದರು?,2,“ಇಲ್ಲಾ! ಇಲ್ಲಾ! ನನಗಿಂತಲೂ ದೊಡ್ಡವನು ಬೆಟ್ಟದ ರಾಜನಿದ್ದಾನೆ.”,,,,
kannada-4thstd,ಕೊಟ್ಟಿರುವ ಮಾತನ್ನು ಯಾರು? ಯಾರಿಗೆ ಹೇಳಿದರು?,3,“ನಮ್ಮ ಮಗಳಿಗೆ ಇಲಿರಾಯನೇ ತಕ್ಕ ವರ.,,,,
kannada-4thstd,"ವಾಕ್ಯಗಳನ್ನು ಗಮನಿಸಿ. ಸರಿ/ತಪ್ಪುಗಳನ್ನು ಗುರುತಿಸು, ತಪ್ಪಿದ್ದರೆ ಸರಿಪಡಿಸಿ ಬರೆಯಿರಿ.",1,"ಒಂದು ಊರು, ಅಲ್ಲೊಂದು ಹುಲಿಗಳ ಸಂಸಾರ ಇತ್ತು.",,,,
kannada-4thstd,"ವಾಕ್ಯಗಳನ್ನು ಗಮನಿಸಿ. ಸರಿ/ತಪ್ಪುಗಳನ್ನು ಗುರುತಿಸು, ತಪ್ಪಿದ್ದರೆ ಸರಿಪಡಿಸಿ ಬರೆಯಿರಿ.",2,ಮಗನಿಗೆ ಸರಿಯಾದ ವರ ಬೇಕೆಂದು ಇಲಿಗಳು ಯೋಚಿಸಿದವು.,,,,
kannada-4thstd,"ವಾಕ್ಯಗಳನ್ನು ಗಮನಿಸಿ. ಸರಿ/ತಪ್ಪುಗಳನ್ನು ಗುರುತಿಸು, ತಪ್ಪಿದ್ದರೆ ಸರಿಪಡಿಸಿ ಬರೆಯಿರಿ.",3,ಬೆಟ್ಟದ ರಾಜನ ಬಳಿಗೆ ಇರುವೆಗಳು ಹೋದವು.,,,,
kannada-4thstd,ಕೊಟ್ಟಿರುವ ಪದಗಳನ್ನು ಸರಿಯಾಗಿ ಜೋಡಿಸಿ ವಾಕ್ಯ ರಚಿಸಿ.,1,ತಂದೆ ಇಲಿಗಳು ಯೋಚಿಸಿದವು ತಾಯಿ,,,,
kannada-4thstd,ಕೊಟ್ಟಿರುವ ಪದಗಳನ್ನು ಸರಿಯಾಗಿ ಜೋಡಿಸಿ ವಾಕ್ಯ ರಚಿಸಿ.,2,ಬೆಳಗುವ ಬಹಳ ಸೂರ್ಯ ದೊಡ್ಡವನು ಜಗತ್ತನ್ನೇ,,,,
kannada-4thstd,ಕೊಟ್ಟಿರುವ ಪದಗಳನ್ನು ಸರಿಯಾಗಿ ಜೋಡಿಸಿ ವಾಕ್ಯ ರಚಿಸಿ.,3,ಇಲಿಗಳು ಬೆಟ್ಟದ ಹೋದವು ಬಳಿಗೆ ರಾಜನ,,,,
kannada-4thstd,ಈ ಕೆಳಗಿನ ಪದಗಳನ್ನು ಬಳಸಿ ಸ್ವಂತವಾಕ್ಯ ರಚಿಸಿ.,1,ಈ ಕೆಳಗಿನ ಪದಗಳನ್ನು ಬಳಸಿ ಸ್ವಂತವಾಕ್ಯ ರಚಿಸಿ.: ಯೋಚಿಸು :,,,,
kannada-4thstd,ಈ ಕೆಳಗಿನ ಪದಗಳನ್ನು ಬಳಸಿ ಸ್ವಂತವಾಕ್ಯ ರಚಿಸಿ.,2,ಈ ಕೆಳಗಿನ ಪದಗಳನ್ನು ಬಳಸಿ ಸ್ವಂತವಾಕ್ಯ ರಚಿಸಿ.: ತೀರ್ಮಾನಿಸು :,,,,
kannada-4thstd,ಈ ಕೆಳಗಿನ ಪದಗಳನ್ನು ಬಳಸಿ ಸ್ವಂತವಾಕ್ಯ ರಚಿಸಿ.,3,ಈ ಕೆಳಗಿನ ಪದಗಳನ್ನು ಬಳಸಿ ಸ್ವಂತವಾಕ್ಯ ರಚಿಸಿ.: ಸಮರ್ಥ :,,,,
kannada-4thstd,ಈ ಕೆಳಗಿನ ಪದಗಳನ್ನು ಬಳಸಿ ಸ್ವಂತವಾಕ್ಯ ರಚಿಸಿ.,4,ಈ ಕೆಳಗಿನ ಪದಗಳನ್ನು ಬಳಸಿ ಸ್ವಂತವಾಕ್ಯ ರಚಿಸಿ.: ಮದುವೆ :,,,,
kannada-4thstd,ಕೊಟ್ಟಿರುವ ಪದಗಳಲ್ಲಿ ಸರಿಯಾದ ಪದ ಆರಿಸಿ ಬಿಟ್ಟ ಸ್ಥಳದಲ್ಲಿ ಬರೆಯಿರಿ,1,ಕೊಟ್ಟಿರುವ ಪದಗಳಲ್ಲಿ ಸರಿಯಾದ ಪದ ಆರಿಸಿ ಬಿಟ್ಟ ಸ್ಥಳದಲ್ಲಿ ಬರೆಯಿರಿ: ನವಿಲು,,,,
kannada-4thstd,ಕೊಟ್ಟಿರುವ ಪದಗಳಲ್ಲಿ ಸರಿಯಾದ ಪದ ಆರಿಸಿ ಬಿಟ್ಟ ಸ್ಥಳದಲ್ಲಿ ಬರೆಯಿರಿ,2,ಕೊಟ್ಟಿರುವ ಪದಗಳಲ್ಲಿ ಸರಿಯಾದ ಪದ ಆರಿಸಿ ಬಿಟ್ಟ ಸ್ಥಳದಲ್ಲಿ ಬರೆಯಿರಿ: ಪಲ್ಲವಿ ಬಹಳ,,,,
kannada-4thstd,ಕೊಟ್ಟಿರುವ ಪದಗಳಲ್ಲಿ ಸರಿಯಾದ ಪದ ಆರಿಸಿ ಬಿಟ್ಟ ಸ್ಥಳದಲ್ಲಿ ಬರೆಯಿರಿ,3,ಕೊಟ್ಟಿರುವ ಪದಗಳಲ್ಲಿ ಸರಿಯಾದ ಪದ ಆರಿಸಿ ಬಿಟ್ಟ ಸ್ಥಳದಲ್ಲಿ ಬರೆಯಿರಿ: ಕೋಗಿಲೆ,,,,
kannada-4thstd,ಕೊಟ್ಟಿರುವ ಪದಗಳಲ್ಲಿ ಸರಿಯಾದ ಪದ ಆರಿಸಿ ಬಿಟ್ಟ ಸ್ಥಳದಲ್ಲಿ ಬರೆಯಿರಿ,4,ಕೊಟ್ಟಿರುವ ಪದಗಳಲ್ಲಿ ಸರಿಯಾದ ಪದ ಆರಿಸಿ ಬಿಟ್ಟ ಸ್ಥಳದಲ್ಲಿ ಬರೆಯಿರಿ: ಮೋಹನ,,,,
kannada-4thstd,ಪ್ರಾಣಿ-ಪಕ್ಷಿಗಳ ಕೂಗನ್ನು ಅನುಸರಿಸಿ ಸೂಕ್ತವಾದುದಕ್ಕೆ ಗೆರೆ ಎಳೆದು ಹೊಂದಿಸಿ.,1,ಪ್ರಾಣಿ-ಪಕ್ಷಿಗಳ ಕೂಗನ್ನು ಅನುಸರಿಸಿ ಸೂಕ್ತವಾದುದಕ್ಕೆ ಗೆರೆ ಎಳೆದು ಹೊಂದಿಸಿ.: ಕೋಳಿ,,,,
kannada-4thstd,ಪ್ರಾಣಿ-ಪಕ್ಷಿಗಳ ಕೂಗನ್ನು ಅನುಸರಿಸಿ ಸೂಕ್ತವಾದುದಕ್ಕೆ ಗೆರೆ ಎಳೆದು ಹೊಂದಿಸಿ.,2,ಪ್ರಾಣಿ-ಪಕ್ಷಿಗಳ ಕೂಗನ್ನು ಅನುಸರಿಸಿ ಸೂಕ್ತವಾದುದಕ್ಕೆ ಗೆರೆ ಎಳೆದು ಹೊಂದಿಸಿ.: ಕಾಗೆ,,,,
kannada-4thstd,ಪ್ರಾಣಿ-ಪಕ್ಷಿಗಳ ಕೂಗನ್ನು ಅನುಸರಿಸಿ ಸೂಕ್ತವಾದುದಕ್ಕೆ ಗೆರೆ ಎಳೆದು ಹೊಂದಿಸಿ.,3,ಪ್ರಾಣಿ-ಪಕ್ಷಿಗಳ ಕೂಗನ್ನು ಅನುಸರಿಸಿ ಸೂಕ್ತವಾದುದಕ್ಕೆ ಗೆರೆ ಎಳೆದು ಹೊಂದಿಸಿ.: ಬೆಕ್ಕು,,,,
kannada-4thstd,ಪ್ರಾಣಿ-ಪಕ್ಷಿಗಳ ಕೂಗನ್ನು ಅನುಸರಿಸಿ ಸೂಕ್ತವಾದುದಕ್ಕೆ ಗೆರೆ ಎಳೆದು ಹೊಂದಿಸಿ.,4,ಪ್ರಾಣಿ-ಪಕ್ಷಿಗಳ ಕೂಗನ್ನು ಅನುಸರಿಸಿ ಸೂಕ್ತವಾದುದಕ್ಕೆ ಗೆರೆ ಎಳೆದು ಹೊಂದಿಸಿ.: ನಾಯಿ,,,,
kannada-4thstd,ಪ್ರಾಣಿ-ಪಕ್ಷಿಗಳ ಕೂಗನ್ನು ಅನುಸರಿಸಿ ಸೂಕ್ತವಾದುದಕ್ಕೆ ಗೆರೆ ಎಳೆದು ಹೊಂದಿಸಿ.,5,ಪ್ರಾಣಿ-ಪಕ್ಷಿಗಳ ಕೂಗನ್ನು ಅನುಸರಿಸಿ ಸೂಕ್ತವಾದುದಕ್ಕೆ ಗೆರೆ ಎಳೆದು ಹೊಂದಿಸಿ.: ಕೋಗಿಲೆ,,,,
kannada-4thstd,ಒಂದೊಂದು ವಾಕ್ಯದಲ್ಲಿ ಉತ್ತರ ಬರೆಯಿರಿ.,1,ರಾಗಿ ಹೇಗೆ ಉದುರುತ್ತದೆ?,,,,
kannada-4thstd,ಒಂದೊಂದು ವಾಕ್ಯದಲ್ಲಿ ಉತ್ತರ ಬರೆಯಿರಿ.,2,ಬೀಸುವ ಕಲ್ಲಿನ ಹಿಡಿಗೂಟ ಹಿಡಿದು ಯಾರನ್ನು ನೆನೆಯುತ್ತಾರೆ?,,,,
kannada-4thstd,ಒಂದೊಂದು ವಾಕ್ಯದಲ್ಲಿ ಉತ್ತರ ಬರೆಯಿರಿ.,3,ಸರಸತಿಗೆ ಸಿಟ್ಟು ಬಂತು ಏಕೆ?,,,,
kannada-4thstd,ಎರಡು-ಮೂರು ವಾಕ್ಯಗಳಲ್ಲಿ ಉತ್ತರ ಬರೆಯಿರಿ.,1,ಕಲ್ಲು ಕೊಟ್ಟಮ್ಮನನ್ನು ಏನೆಂದು ಹರಸುವಳು?,,,,
kannada-4thstd,ಎರಡು-ಮೂರು ವಾಕ್ಯಗಳಲ್ಲಿ ಉತ್ತರ ಬರೆಯಿರಿ.,2,ಸಿಟ್ಟುಗೊಂಡ ಸರಸತಿಯನ್ನು ಸಮಾಧಾನ ಮಾಡಿದ ಬಗೆ ಹೇಗೆ?,,,,
kannada-4thstd,ಪದ್ಯದ ಮೊದಲರ್ಧ ಸಾಲಿಗೆ ಎರಡನೆಯ ಅರ್ಧ ಸಾಲನ್ನು ಹೊಂದಿಸಿ ಬರೆಯಿರಿ.,1,ಪದ್ಯದ ಮೊದಲರ್ಧ ಸಾಲಿಗೆ ಎರಡನೆಯ ಅರ್ಧ ಸಾಲನ್ನು ಹೊಂದಿಸಿ ಬರೆಯಿರಿ.: ಬೆಲ್ಲಾದಾರತಿಯಾ,,,,
kannada-4thstd,ಪದ್ಯದ ಮೊದಲರ್ಧ ಸಾಲಿಗೆ ಎರಡನೆಯ ಅರ್ಧ ಸಾಲನ್ನು ಹೊಂದಿಸಿ ಬರೆಯಿರಿ.,2,ಪದ್ಯದ ಮೊದಲರ್ಧ ಸಾಲಿಗೆ ಎರಡನೆಯ ಅರ್ಧ ಸಾಲನ್ನು ಹೊಂದಿಸಿ ಬರೆಯಿರಿ.: ಮತ್ತೆ ರಾತ್ರಿಗೆ,,,,
kannada-4thstd,ಪದ್ಯದ ಮೊದಲರ್ಧ ಸಾಲಿಗೆ ಎರಡನೆಯ ಅರ್ಧ ಸಾಲನ್ನು ಹೊಂದಿಸಿ ಬರೆಯಿರಿ.,3,ರಾಗಿಯು ಮುಗಿದಾವು ನಡಿಸೇನು,,,,
kannada-4thstd,ಪದ್ಯದ ಮೊದಲರ್ಧ ಸಾಲಿಗೆ ಎರಡನೆಯ ಅರ್ಧ ಸಾಲನ್ನು ಹೊಂದಿಸಿ ಬರೆಯಿರಿ.,4,ಪದ್ಯದ ಮೊದಲರ್ಧ ಸಾಲಿಗೆ ಎರಡನೆಯ ಅರ್ಧ ಸಾಲನ್ನು ಹೊಂದಿಸಿ ಬರೆಯಿರಿ.: ಅಂದುಳ್ಳ ಅಡಿಗಲ್ಲು,,,,
kannada-4thstd,ಪದ್ಯದ ಮೊದಲರ್ಧ ಸಾಲಿಗೆ ಎರಡನೆಯ ಅರ್ಧ ಸಾಲನ್ನು ಹೊಂದಿಸಿ ಬರೆಯಿರಿ.,1,ಪದ್ಯದ ಮೊದಲರ್ಧ ಸಾಲಿಗೆ ಎರಡನೆಯ ಅರ್ಧ ಸಾಲನ್ನು ಹೊಂದಿಸಿ ಬರೆಯಿರಿ.: ತಂದೆ :,,,,
kannada-4thstd,ಪದ್ಯದ ಮೊದಲರ್ಧ ಸಾಲಿಗೆ ಎರಡನೆಯ ಅರ್ಧ ಸಾಲನ್ನು ಹೊಂದಿಸಿ ಬರೆಯಿರಿ.,2,ಪದ್ಯದ ಮೊದಲರ್ಧ ಸಾಲಿಗೆ ಎರಡನೆಯ ಅರ್ಧ ಸಾಲನ್ನು ಹೊಂದಿಸಿ ಬರೆಯಿರಿ.: ಕಳೆ,,,,
kannada-4thstd,ಪದ್ಯದ ಮೊದಲರ್ಧ ಸಾಲಿಗೆ ಎರಡನೆಯ ಅರ್ಧ ಸಾಲನ್ನು ಹೊಂದಿಸಿ ಬರೆಯಿರಿ.,3,ಪದ್ಯದ ಮೊದಲರ್ಧ ಸಾಲಿಗೆ ಎರಡನೆಯ ಅರ್ಧ ಸಾಲನ್ನು ಹೊಂದಿಸಿ ಬರೆಯಿರಿ.: ಆಡು :,,,,
kannada-4thstd,ಒಗಟು ಬಿಡಿಸಿ.,1,"ಅವ್ವನ ಹಾಸಿಗೆ ಸುತ್ತಾಕಾಗೋಲ್ಲ, ಅಪ್ಪನ ದುಡ್ಡು ಎಣಿಸಾಕಾಗೋಲ್ಲ.",,,,
kannada-4thstd,ಒಗಟು ಬಿಡಿಸಿ.,2,"ಕರಿ ಸೀರಿ ಉಟ್ಟಾಳ, ಕಾಲುಂಗುರ ಇಟ್ಟಾಳ, ಮೇಲೆ ಹೋಗತಾಳ, ಕೆಳಗೆ ಬರತಾಳ",,,,
kannada-4thstd,ಒಗಟು ಬಿಡಿಸಿ.,3,"ಅಪ್ಪಾ ಎಂದರೆ ಮುಚ್ಚುತಾವ, ಅವ್ವ ಎಂದರೆ ತೆರಿತಾವ.",,,,
kannada-4thstd,ಒಂದೊಂದು ವಾಕ್ಯದಲ್ಲಿ ಉತ್ತರ ಬರೆಯಿರಿ.,1,ಅಜ್ಜ ಮಕ್ಕಳನ್ನು ಎಲ್ಲಿಗೆ ಕರೆದುಕೊಂಡು ಹೋಗಿದ್ದರು?,,,,
kannada-4thstd,ಒಂದೊಂದು ವಾಕ್ಯದಲ್ಲಿ ಉತ್ತರ ಬರೆಯಿರಿ.,2,ಅಜ್ಜಿ ಮಕ್ಕಳಿಗೆ ಏನೇನು ಕೊಡಿಸಿದರು?,,,,
kannada-4thstd,ಒಂದೊಂದು ವಾಕ್ಯದಲ್ಲಿ ಉತ್ತರ ಬರೆಯಿರಿ.,3,ಮಕ್ಕಳು ಏನು ನೋಡಿ ಆಶ್ಚರ್ಯಪಟ್ಟರು?,,,,
kannada-4thstd,ಒಂದೊಂದು ವಾಕ್ಯದಲ್ಲಿ ಉತ್ತರ ಬರೆಯಿರಿ.,4,ಅಮ್ಮನಿಗೆ ಕಾಗದ ಬರೆದವರು ಯಾರು?,,,,
kannada-4thstd,ಎರಡು,1,ಮೈಸೂರು ದಸರೆಯಲ್ಲಿ ಉಲ್ಲಾಸನು ಏನೇನು ನೋಡಿದನು?,,,,
kannada-4thstd,ಎರಡು,2,ಪ್ರಾಣಿ ಸಂಗ್ರಹಾಲಯದಲ್ಲಿ ಯಾವ ಯಾವ ಪ್ರಾಣಿಗಳು ಇದ್ದವು?,,,,
kannada-4thstd,ಎರಡು,3,ಉಲ್ಲಾಸನಿಗೆ ಸಂತೋಷವಾಗಲು ಕಾರಣವೇನು?,,,,
kannada-4thstd,ಖಾಲಿ ಬಿಟ್ಟಿರುವ ಜಾಗದಲ್ಲಿ ಸರಿಯಾದ ಪದ ತುಂಬಿ,1,ಅಜ್ಜ ನಮ್ಮನ್ನು ಮೈಸೂರು,,,,
kannada-4thstd,ಖಾಲಿ ಬಿಟ್ಟಿರುವ ಜಾಗದಲ್ಲಿ ಸರಿಯಾದ ಪದ ತುಂಬಿ,2,ಆನೆಯ ಮೇಲಿನ ಅಂಬಾರಿಯಲ್ಲಿ,,,,
kannada-4thstd,ಖಾಲಿ ಬಿಟ್ಟಿರುವ ಜಾಗದಲ್ಲಿ ಸರಿಯಾದ ಪದ ತುಂಬಿ,3,ಖಾಲಿ ಬಿಟ್ಟಿರುವ ಜಾಗದಲ್ಲಿ ಸರಿಯಾದ ಪದ ತುಂಬಿ: ಮೈಸೂರಿನಲ್ಲಿ,,,,
kannada-4thstd,ಖಾಲಿ ಬಿಟ್ಟಿರುವ ಜಾಗದಲ್ಲಿ ಸರಿಯಾದ ಪದ ತುಂಬಿ,4,ಖಾಲಿ ಬಿಟ್ಟಿರುವ ಜಾಗದಲ್ಲಿ ಸರಿಯಾದ ಪದ ತುಂಬಿ: ಸಿಂಹದ,,,,
kannada-4thstd,ಖಾಲಿ ಬಿಟ್ಟಿರುವ ಜಾಗದಲ್ಲಿ ಸರಿಯಾದ ಪದ ತುಂಬಿ,5,ಖಾಲಿ ಬಿಟ್ಟಿರುವ ಜಾಗದಲ್ಲಿ ಸರಿಯಾದ ಪದ ತುಂಬಿ: ಕೊಂಬೆಯ ಮೇಲೆ,,,,
kannada-4thstd,ಖಾಲಿ ಬಿಟ್ಟಿರುವ ಜಾಗದಲ್ಲಿ ಸರಿಯಾದ ಪದ ತುಂಬಿ,1,ಉಲ್ಲಾಸನು ತನ್ನ ತಂದೆಗೆ ಕಾಗದ ಬರೆದನು.,,,,
kannada-4thstd,ಖಾಲಿ ಬಿಟ್ಟಿರುವ ಜಾಗದಲ್ಲಿ ಸರಿಯಾದ ಪದ ತುಂಬಿ,2,ಕೆಂಪು ಮತ್ತು ಕಪ್ಪು ಬಣ್ಣದ ಕೋತಿಗಳು 'ಚಿಂವ್ ಚಿಂವ್' ಎಂದು ಶಬ್ದ ಮಾಡುತ್ತಿದ್ದವು.,,,,
kannada-4thstd,ಖಾಲಿ ಬಿಟ್ಟಿರುವ ಜಾಗದಲ್ಲಿ ಸರಿಯಾದ ಪದ ತುಂಬಿ,3,ದಸರೆ ಮುಗಿದ ಮರುದಿನ ಚಾಮುಂಡಿಬೆಟ್ಟಕ್ಕೆ ಹೋದೆವು.,,,,
kannada-4thstd,ಖಾಲಿ ಬಿಟ್ಟಿರುವ ಜಾಗದಲ್ಲಿ ಸರಿಯಾದ ಪದ ತುಂಬಿ,4,ಜಿರಾಫೆ ತನ್ನ ಮರಿಗೆ ಹಾಲು ಉಣಿಸುತ್ತಿತ್ತು.,,,,
kannada-4thstd,ಖಾಲಿ ಬಿಟ್ಟಿರುವ ಜಾಗದಲ್ಲಿ ಸರಿಯಾದ ಪದ ತುಂಬಿ,5,ಮೃಗಾಲಯದಲ್ಲಿದ್ದ ಹಾವುಗಳನ್ನು ಬಂಡೀಪುರದ ಕಾಡಿನಿಂದ ತರಲಾಗಿದೆ.,,,,
kannada-4thstd,ಖಾಲಿ ಬಿಟ್ಟಿರುವ ಜಾಗದಲ್ಲಿ ಸರಿಯಾದ ಪದ ತುಂಬಿ,6,ದಸರೆ ಹಬ್ಬ ಆರು ದಿನ ನಡೆಯುತ್ತದೆ.,,,,
kannada-4thstd,ಗುಂಪಿಗೆ ಸೇರದ ಪದ ಆರಿಸಿ ಬರೆ.,1,"ಶೇಂಗಾ, ಮಾವು, ಗೆಣಸು, ಆಲೂಗಡ್ಡೆ",,,,
kannada-4thstd,ಗುಂಪಿಗೆ ಸೇರದ ಪದ ಆರಿಸಿ ಬರೆ.,2,"ಕಾಗೆ, ಗೂಬೆ, ಕೋಗಿಲೆ, ಫೇಂಡಾಮೃಗ",,,,
kannada-4thstd,ಗುಂಪಿಗೆ ಸೇರದ ಪದ ಆರಿಸಿ ಬರೆ.,3,"ಬಾಳೆಹಣ್ಣು, ಇಡ್ಲಿ, ವಡೆ, ದೋಸೆ",,,,
kannada-4thstd,ಗುಂಪಿಗೆ ಸೇರದ ಪದ ಆರಿಸಿ ಬರೆ.,1,ಗುಂಪಿಗೆ ಸೇರದ ಪದ ಆರಿಸಿ ಬರೆ.: ಕ್ಷೇಮ :,,,,
kannada-4thstd,ಗುಂಪಿಗೆ ಸೇರದ ಪದ ಆರಿಸಿ ಬರೆ.,2,ಪ್ರಾಣಿ ಸಂಗ್ರಹಾಲಯ :,,,,
kannada-4thstd,ಗುಂಪಿಗೆ ಸೇರದ ಪದ ಆರಿಸಿ ಬರೆ.,3,ಗುಂಪಿಗೆ ಸೇರದ ಪದ ಆರಿಸಿ ಬರೆ.: ಉದ್ಯಾನವನ :,,,,
kannada-4thstd,ಗುಂಪಿಗೆ ಸೇರದ ಪದ ಆರಿಸಿ ಬರೆ.,4,ಸೂಚನಾ ಫಲಕ :,,,,
kannada-5thstd,General Exercise,0,"ರಾಷ್ಟ್ರೀಯ ಹಾಗೂ ರಾಜ್ಯ ಪಠ್ಯಕ್ರಮ ಚೌಕಟ್ಟುಗಳು ಮತ್ತು ಸಂವಿಧಾನದ ಆಶಯಗಳಿಗೆ ವ್ಯತಿರಿಕ್ತವಾಗದಂತೆ,",,,,
kannada-5thstd,General Exercise,1,ಒಟ್ಟಿಗೆ ಬಾಳುವ ಆನಂದ,,,,
kannada-5thstd,General Exercise,2,General Exercise: ನದಿಯ ಅಳಲು,,,,
kannada-5thstd,General Exercise,3,ನಮ್ಮ ಮಾತು ಕೇಳಿ,,,,
kannada-5thstd,General Exercise,4,General Exercise: ಜೀವದ ಮೌಲ್ಯ,,,,
kannada-5thstd,General Exercise,1,General Exercise: ಗಿಡಮರ,,,,
kannada-5thstd,General Exercise,2,General Exercise: ಸ್ವಾತಂತ್ರ್ಯದ ಹಣತೆ,,,,
kannada-5thstd,General Exercise,3,General Exercise: ವಚನಗಳು,,,,
kannada-5thstd,General Exercise,1,ಕಾಮನ ಬಿಲ್ಲು (ಪದ್ಯ),,,,
kannada-5thstd,General Exercise,1,ಒಟ್ಟಿಗೆ ಬಾಳುವ ಆನಂದ,,,,
kannada-5thstd,General Exercise,1,ಗುಂಡನೆಯ ಕಲ್ಲು ಎಲ್ಲಿತ್ತು?,,,,
kannada-5thstd,General Exercise,2,ಬೇವಿನ ಮರವನ್ನು ಜನ ಏನೆಂದು ಕರೆಯುತ್ತಿದ್ದರು?,,,,
kannada-5thstd,General Exercise,3,ಕಲ್ಲು ಕೋಪದಿಂದ ಏನು ಮಾಡಿತು?,,,,
kannada-5thstd,General Exercise,4,ಮರ ಕಡಿಯುವವರು ಏನೆಂದು ಹೇಳಿ ಹೊರಟು ಹೋದರು?,,,,
kannada-5thstd,General Exercise,5,ಕಲ್ಲು ಹೊಡೆಯುವವರು ಏನೆಂದು ಹೇಳಿ ಹೊರಟು ಹೋದರು?,,,,
kannada-5thstd,General Exercise,1,ಜಂಬದಿಂದ ಬೇವಿನ ಮರ ಅಮ್ಮನ ಕಲ್ಲಿಗೆ ಏನೆಂದು ಹೇಳಿತು?,,,,
kannada-5thstd,General Exercise,2,ಜಂಬದಿಂದ ಅಮ್ಮನ ಕಲ್ಲು ಬೇವಿನ ಮರಕ್ಕೆ ಏನೆಂದು ಹೇಳಿತು?,,,,
kannada-5thstd,General Exercise,3,ಬೇರೆ ಬೇರೆಯಾಗಿದ್ದ ಬೇವಿನ ಮರ ಮತ್ತು ಕಲ್ಲನ್ನು ನೋಡಿ ರೈತನು ತನ್ನ ಮಕ್ಕಳಿಗೆ,,,,
kannada-5thstd,General Exercise,4,ಬೇವಿನ ಮರ ಮತ್ತು ಅಮ್ಮನ ಕಲ್ಲು ಮತ್ತೆ ಹೇಗೆ ಸ್ನೇಹಿತರಾದವು?,,,,
kannada-5thstd,General Exercise,1,ಬೇವಿನ ಮರವನ್ನು ಜನ,,,,
kannada-5thstd,General Exercise,2,ನಾವಿಬ್ಬರೂ ಒಬ್ಬರಿಂದ ಒಬ್ಬರು,,,,
kannada-5thstd,General Exercise,3,"""ಇದು ಅಮ್ಮನ ಮರ",,,,
kannada-5thstd,General Exercise,4,"ಕಲ್ಲು ಒಡೆಯುವವರು ಬಂದು ""ಇದು ಅಮ್ಮನ ಕಲ್ಲು,",,,,
kannada-5thstd,General Exercise,5,"ಎಲ್ಲರೂ ಒಟ್ಟಾಗಿ ಬಾಳಿದರೆ, ಎಲ್ಲರೂ",,,,
kannada-5thstd,ಯೋಗವಾಹಗಳು,1,ಯೋಗವಾಹಗಳು: ಪ್ರಸ್ವಸ್ವರ,,,,
kannada-5thstd,ಯೋಗವಾಹಗಳು,2,ಯೋಗವಾಹಗಳು: ದೀರ್ಘಸ್ವರಗಳು,,,,
kannada-5thstd,ಯೋಗವಾಹಗಳು,2,"ದೀರ್ಘಸ್ವರ - ಎರಡು ಮಾತ್ರಾ ಕಾಲದಲ್ಲಿ ಉಚ್ಚರಿಸಲಾಗುವ (ಆ, ಈ, ಊ, ಏ,",,,,
kannada-5thstd,ಯೋಗವಾಹಗಳು,1,ವರ್ಗೀಯ ವ್ಯಂಜನಗಳು ೨) ಅವರ್ಗೀಯ ವ್ಯಂಜನಗಳು,,,,
kannada-5thstd,ಯೋಗವಾಹಗಳು,1,ವರ್ಗೀಯ ವ್ಯಂಜನ ಕೋಷ್ಟಕ,,,,
kannada-5thstd,ಯೋಗವಾಹಗಳು,2,ಯೋಗವಾಹಗಳು: ಅವರ್ಗೀಯ ವ್ಯಂಜನಗಳು,,,,
kannada-5thstd,ಯೋಗವಾಹಗಳು,2,ಯೋಗವಾಹಗಳು: ವಿಸರ್ಗ (8),,,,
kannada-5thstd,ಯೋಗವಾಹಗಳು,1,ಯೋಗವಾಹಗಳು: ಪ್ರಸ್ವ ಸ್ವರಾಕ್ಷರಗಳು,,,,
kannada-5thstd,ಯೋಗವಾಹಗಳು,2,ಯೋಗವಾಹಗಳು: ದೀರ್ಘ ಸ್ವರಾಕ್ಷರಗಳು,,,,
kannada-5thstd,General Exercise,1,ಯಾರಿಗೆ ಮಾಲಿನ್ಯದ ಸೋಂಕು ತಗುಲಿತು?,,,,
kannada-5thstd,General Exercise,2,ಗೆಳೆಯ ಗೆಳತಿಯರು ಎಲ್ಲಿ ಸ್ನಾನ ಮಾಡಿದರು?,,,,
kannada-5thstd,General Exercise,3,ಸ್ನಾನ ಮಾಡಿದವರನ್ನು ಆಸ್ಪತ್ರೆಗೆ ಸೇರಿಸಿದವರು ಯಾರು?,,,,
kannada-5thstd,General Exercise,4,ನದಿ ಮಧ್ಯದಿಂದ ಯಾರು ಧುತ್ತನೆ ಪ್ರತ್ಯಕ್ಷಳಾದಳು?,,,,
kannada-5thstd,General Exercise,5,ಮಕ್ಕಳು ಯಾರ ಸಹಕಾರದೊಂದಿಗೆ ನದಿ ಸ್ವಚ್ಛತೆಯ ಜವಾಬ್ದಾರಿಯನ್ನು ವಹಿಸಿಕೊಂಡರು?,,,,
kannada-5thstd,General Exercise,1,ಮಕ್ಕಳು ಏಕೆ ನದಿಯಲ್ಲಿ ಸ್ನಾನ ಮಾಡಿದರು?,,,,
kannada-5thstd,General Exercise,2,ಸ್ನಾನದ ಬಳಿಕ ಮಕ್ಕಳು ಸ್ಥಿತಿ ಏನಾಗಿತ್ತು ?,,,,
kannada-5thstd,General Exercise,5,"ಜಲದೇವತೆ, 'ನನಗಾಗಿ ನೀವೇನು ಮಾಡಬಲ್ಲಿರಿ?' ಎಂದು ನಿಮ್ಮ ಬಳಿ ಕೇಳಿದರೆ ನಿಮ್ಮ",,,,
kannada-5thstd,General Exercise,1,ಮಕ್ಕಳ ಮೈಮೇಲೆಲ್ಲಾ ದಪ್ಪದಪ್ಪ ಗುಳ್ಳೆಗಳು ಎದ್ದು,,,,
kannada-5thstd,General Exercise,2,General Exercise: ಮಕ್ಕಳು ಬೆಳಗ್ಗೆ,,,,
kannada-5thstd,General Exercise,4,General Exercise: ಆಸಕ್ತಿ),,,,
kannada-5thstd,General Exercise,2,ಮಲಿನ ನದಿಯು ಮನುಷ್ಯರ ಜೀವಕ್ಕೆ,,,,
kannada-5thstd,General Exercise,4,ನನ್ನ ಮೇಲಾಗುತ್ತಿರುವ ಮನುಷ್ಯರ,,,,
kannada-5thstd,General Exercise,3,ಅಪಾಯಕಾರಿ ೪. ಆರೋಗ್ಯಕಾರಿ),,,,
kannada-5thstd,General Exercise,3,ಪ್ರೀತಿ ೪. ದೌರ್ಜನ್ಯ),,,,
kannada-5thstd,General Exercise,1,General Exercise: ಸಜಾತೀಯ ಸಂಯುಕ್ತಾಕ್ಷರಗಳು,,,,
kannada-5thstd,General Exercise,2,General Exercise: ವಿಜಾತೀಯ ಸಂಯುಕ್ತಾಕ್ಷರಗಳು,,,,
kannada-5thstd,General Exercise,1,ಸಂಯುಕ್ತಾಕ್ಷರಗಳು ಎಂದರೇನು ?,,,,
kannada-5thstd,General Exercise,3,ಐದು ಸಜಾತೀಯ ಹಾಗೂ ಐದು ವಿಜಾತೀಯ ಸಂಯುಕ್ತಾಕ್ಷರಗಳನ್ನು ಹೊಂದಿರುವ,,,,
kannada-5thstd,General Exercise,2,ಆನೆಯು ಯಾವುದರಲ್ಲಿ ವಿವರ ಬರೆದು ತರಲು ಸೂಚನೆ ನೀಡಿತ್ತು?,,,,
kannada-5thstd,General Exercise,3,ಮನುಷ್ಯರು ಕಡಿಮೆ ಆಹಾರ ನೀಡುತ್ತಾರೆ' ಎಂದು ದೂರು ಬರೆದವರು ಯಾರು?,,,,
kannada-5thstd,General Exercise,4,ಕಾಡು ನಿಮಗೂ ಬೇಕು' ಎಂದು ಎಚ್ಚರಿಸಿದವರು ಯಾರು?,,,,
kannada-5thstd,General Exercise,5,ಮದ್ದು ಗುಂಡು ಸಿಡಿಸಬೇಡಿ' ಎಂದು ಹೇಳಿದವರು ಯಾರು?,,,,
kannada-5thstd,General Exercise,1,ಎತ್ತು ಹಿಡಿದ ಫಲಕದಲ್ಲಿ ಏನೆಂದು ಬರೆದಿತ್ತು?,,,,
kannada-5thstd,General Exercise,2,ಜಿಂಕೆ ಹಿಡಿದ ಫಲಕದಲ್ಲಿ ಏನೆಂದು ಬರೆದಿತ್ತು?,,,,
kannada-5thstd,General Exercise,3,ಆಮೆ ಹಿಡಿದ ಫಲಕದಲ್ಲಿ ಏನೆಂದು ಬರೆದಿತ್ತು?,,,,
kannada-5thstd,General Exercise,4,ಕರಡಿ ಹಿಡಿದ ಫಲಕದಲ್ಲಿ ಏನೆಂದು ಬರೆದಿತ್ತು?,,,,
kannada-5thstd,General Exercise,5,ನಾಯಿ ಹಿಡಿದ ಫಲಕದಲ್ಲಿ ಏನೆಂದು ಬರೆದಿತ್ತು?,,,,
kannada-5thstd,General Exercise,0,ಆನೆಯು ಎಲ್ಲ ಪ್ರಾಣಿಗಳಿಂದಲೂ,,,,
kannada-5thstd,General Exercise,2,ಪ್ರಾಣಿಗಳು ಈ ದಿನದ,,,,
kannada-5thstd,General Exercise,3,ಎಲ್ಲರ ಕುರಿತಾಗಿಯೂ ಈ ರೀತಿಯ,,,,
kannada-5thstd,General Exercise,4,General Exercise: ಇವುಗಳನ್ನು ಇನ್ನೊಮ್ಮೆ-,,,,
kannada-5thstd,General Exercise,5,ನಮ್ಮನ್ನು ಹೆಚ್ಚು ಹೆಚ್ಚು ದುಡಿಸಿಕೊಳ್ಳುತ್ತೀರಿ ಎಂದು,,,,
kannada-5thstd,General Exercise,1,General Exercise: ಎತ್ತು,,,,
kannada-5thstd,General Exercise,3,General Exercise: ಅಣ್ಣಂದಿರು :,,,,
kannada-5thstd,General Exercise,4,General Exercise: ಪತ್ರಿಕೆಗಳು :,,,,
kannada-5thstd,General Exercise,5,General Exercise: ಪತ್ರಗಳು,,,,
kannada-5thstd,General Exercise,6,General Exercise: ಮಿತ್ರರು,,,,
kannada-5thstd,General Exercise,8,General Exercise: ನೀವು,,,,
kannada-5thstd,General Exercise,1,ಡಾಕ್ಟರ್ ತೇಡಿಯಸ್ ಮಾರ್ಲಿನನು ವೈದ್ಯಕೀಯ ವಿದ್ಯಾರ್ಥಿಯಾಗಿದ್ದಾಗ ಯಾವುದನ್ನು,,,,
kannada-5thstd,General Exercise,2,ಜರ್ಮನಿಯಿಂದ ವಲಸೆ ಬಂದ ಹೆಂಗಸಿಗೆ ಡಾ. ತೇಡಿಯಸ್ ಹೇಗೆ ಸಹಾಯ,,,,
kannada-5thstd,General Exercise,3,ಬಾರ್ಬರಾ ಯಾವ ಸಮಸ್ಯೆಯಿಂದ ನರಳುತ್ತಿದ್ದಳು?,,,,
kannada-5thstd,General Exercise,4,ಡಾಕ್ಟರ್ ತೇಡಿಯಸ್ ತನ್ನೊಳಗೆ ಏನನ್ನು ಜ್ಞಾಪಿಸಿಕೊಂಡನು?,,,,
kannada-5thstd,General Exercise,5,ಡಾಕ್ಟರ್ ಮಾರ್ಲಿನನು ಬಾರ್ಬರಾಳನ್ನು ಉಪಚರಿಸಿದ ವೈದ್ಯನಿಗೆ ಏನೆಂದು ಹೇಳಿದನು?,,,,
kannada-5thstd,General Exercise,1,ಮಗುವಿಗೆ ಉಸಿರಾಡುವಂತೆ ಸಹಕರಿಸುವಾಗ ಮಾರ್ಲಿನನ ಮನಸ್ಸಿನಲ್ಲಿ ಬಂದ,,,,
kannada-5thstd,General Exercise,2,ಮಾರ್ಲಿನನನ್ನು ಭೇಟಿಯಾದ ಪ್ರವೀಣರಲ್ಲೊಬ್ಬ ಯಾವ ಸಲಹೆಯನ್ನು ಕೊಟ್ಟನು?,,,,
kannada-5thstd,General Exercise,3,"ಡಾಕ್ಟರ್ ಮಿಲ್ಲರ್, ಮಾರ್ಲಿನನನ್ನು ಭೇಟಿಯಾದಾಗ ವೈದ್ಯಕೀಯ ವೃತ್ತಿಯ ಬಗ್ಗೆ",,,,
kannada-5thstd,General Exercise,4,ಮಾರ್ಲಿನನ ಕಂಠ ಬಿಗಿದು ಬರಲು ಕಾರಣವೇನು?,,,,
kannada-5thstd,General Exercise,1,ಕಂಠವು ಬಿಗಿದು ಬಂತು,,,,
kannada-5thstd,General Exercise,2,General Exercise: ಕಣ್ಣನ್ನು ತೆರೆಸು,,,,
kannada-5thstd,General Exercise,1,General Exercise: ಇತರ ಮಕ್ಕಳು,,,,
kannada-5thstd,General Exercise,2,ತನ್ನ ದೀರ್ಘಕಾಲದ ವೃತ್ತಿಯಲ್ಲಿ ಇಂತಹ,,,,
kannada-5thstd,General Exercise,3,ಮಕ್ಕಳನ್ನು ಭೂಮಿಗಿಳಿಸಿದ ವೈದ್ಯರ ಹೆಸರನ್ನು ಆ ಮಕ್ಕಳ,,,,
kannada-5thstd,General Exercise,1,ಪೋಲಿಯೊ ತರಹವೇ ಮಕ್ಕಳನ್ನು ಬಾಧಿಸುವ ಇತರೆ ಕಾಯಿಲೆಗಳು ಯಾವುವು,,,,
kannada-5thstd,General Exercise,2,ಪೋಲಿಯೋಗೆ ಇಂದಿನ ದಿನಗಳಲ್ಲಿ ಯಾವ ರೀತಿಯ ಚಿಕಿತ್ಸೆ ನೀಡಲಾಗುತ್ತದೆ ಎಂದು,,,,
kannada-5thstd,General Exercise,3,"ಪ್ರತಿಯೊಂದು ಜೀವಿಯನ್ನೂ ಕರುಣೆಯಿಂದ ನೋಡಬೇಕು"" - ಈ ವಿಚಾರದ ಕುರಿತು",,,,
kannada-5thstd,General Exercise,1,ಮಾಡಿದ ತಪ್ಪಿಗೆ ಪಶ್ಚಾತ್ತಾಪ ಪಡುವುದು ಒಳ್ಳೆಯದು.,,,,
kannada-5thstd,General Exercise,2,ಯಾರನ್ನೂ ಕೀಳಾಗಿ ಕಾಣಬಾರದು.,,,,
kannada-5thstd,General Exercise,3,ನಮ್ಮ ವಿಕಲತೆಗಳ ಬಗ್ಗೆ ಗೊಣಗುತ್ತ ಕೂರಬಾರದು.,,,,
kannada-5thstd,General Exercise,4,ಎಲ್ಲ ಪರಿಸ್ಥಿತಿಗಳನ್ನೂ ಛಲದಿಂದ ಎದುರಿಸಬೇಕು.,,,,
kannada-5thstd,General Exercise,5,ಗೇಲಿಗಳಿಗೆ ತಲೆ ಕೆಡಿಸಿಕೊಳ್ಳಬಾರದು.,,,,
kannada-5thstd,General Exercise,6,ನಮ್ಮ ನ್ಯೂನತೆಗಳನ್ನು ಮೀರಿ ಸಾಧನೆ ಮಾಡಬೇಕು.,,,,
kannada-5thstd,ಅಂಕಿತ ನಾಮ,3,ಅಂಕಿತ ನಾಮ: ಅನ್ವರ್ಥ ನಾಮ,,,,
kannada-5thstd,General Exercise,1,ಯಾರೇ ಏನೇ ಮಾಡಿದರೂ ಗಿಡಮರ ಏನು ಮಾಡುತ್ತವೆ?,,,,
kannada-5thstd,General Exercise,2,ಕಡಲುಕ್ಕುವ ಚೇತನ ಎಲ್ಲಿ ಕಾಣಬರುತ್ತದೆ?,,,,
kannada-5thstd,General Exercise,3,ಅದು ಇದು ಎಣಿಸದಿರುವುದು ಯಾವುದು?,,,,
kannada-5thstd,General Exercise,4,ಗಿಡ ಮರಗಳು ಹೇಗೆ ಬೆಳೆದು ಅರಳುತ್ತಿವೆ?,,,,
kannada-5thstd,ಕೆಳಗಿನ ಪ್ರಶ್ನೆಗಳಿಗೆ ಎರಡು-ಮೂರು ವಾಕ್ಯಗಳಲ್ಲಿ ಉತ್ತರಿಸಿ.,1,ಬೆಳೆದು ನಿಂತ ಗಿಡಮರ ಹೇಗಿವೆ?,,,,
kannada-5thstd,ಕೆಳಗಿನ ಪ್ರಶ್ನೆಗಳಿಗೆ ಎರಡು-ಮೂರು ವಾಕ್ಯಗಳಲ್ಲಿ ಉತ್ತರಿಸಿ.,2,ಯಾರ ಮಾತಿನಂತೆ ಮನ ಇಲ್ಲ? ಏಕೆ?,,,,
kannada-5thstd,ಕೆಳಗಿನ ಪ್ರಶ್ನೆಗಳಿಗೆ ಎರಡು-ಮೂರು ವಾಕ್ಯಗಳಲ್ಲಿ ಉತ್ತರಿಸಿ.,3,ಗಿಡ ಮರಗಳು ಯಾವುದನ್ನು ಮೀರಿ ಬೆಳೆದಿವೆ?,,,,
kannada-5thstd,"ನಿಮಗೆ ಗೊತ್ತಿರುವ, ಸ್ನೇಹಿತರಿಗೆ ಗೊತ್ತಿರುವ, ಮನೆಯಲ್ಲಿನ ಹಿರಿಯರಿಗೆ ಗೊತ್ತಿರುವ, ಮರಗಳ",1,ಶಿವಪುರದಲ್ಲಿ ಒಬ್ಬ ಶಿವಭಕ್ತನಿದ್ದನು.,,,,
kannada-5thstd,"ನಿಮಗೆ ಗೊತ್ತಿರುವ, ಸ್ನೇಹಿತರಿಗೆ ಗೊತ್ತಿರುವ, ಮನೆಯಲ್ಲಿನ ಹಿರಿಯರಿಗೆ ಗೊತ್ತಿರುವ, ಮರಗಳ",2,ಭಜನೆಯ ಮಂದಿರಕ್ಕೆ ಒಬ್ಬ ಶರಣೆ ಬಂದಿದ್ದಳು.,,,,
kannada-5thstd,"ನಿಮಗೆ ಗೊತ್ತಿರುವ, ಸ್ನೇಹಿತರಿಗೆ ಗೊತ್ತಿರುವ, ಮನೆಯಲ್ಲಿನ ಹಿರಿಯರಿಗೆ ಗೊತ್ತಿರುವ, ಮರಗಳ",3,ನದಿಯ ಹತ್ತಿರ ಒಂದು ಮೊಸಳೆ ಇತ್ತು.,,,,
kannada-5thstd,"ನಿಮಗೆ ಗೊತ್ತಿರುವ, ಸ್ನೇಹಿತರಿಗೆ ಗೊತ್ತಿರುವ, ಮನೆಯಲ್ಲಿನ ಹಿರಿಯರಿಗೆ ಗೊತ್ತಿರುವ, ಮರಗಳ",1,ಆ ಊರಿನಲ್ಲಿ ಪ್ರಸಿದ್ಧ ರಾಜ ಇರುವನು.,,,,
kannada-5thstd,"ನಿಮಗೆ ಗೊತ್ತಿರುವ, ಸ್ನೇಹಿತರಿಗೆ ಗೊತ್ತಿರುವ, ಮನೆಯಲ್ಲಿನ ಹಿರಿಯರಿಗೆ ಗೊತ್ತಿರುವ, ಮರಗಳ",2,ಪುನೀತ್ ಬಹಳ ಒಳ್ಳೆಯವನು.,,,,
kannada-5thstd,"ನಿಮಗೆ ಗೊತ್ತಿರುವ, ಸ್ನೇಹಿತರಿಗೆ ಗೊತ್ತಿರುವ, ಮನೆಯಲ್ಲಿನ ಹಿರಿಯರಿಗೆ ಗೊತ್ತಿರುವ, ಮರಗಳ",1,ಸಿಂಧು ಬಲು ಅಪರೂಪದವಳು.,,,,
kannada-5thstd,"ನಿಮಗೆ ಗೊತ್ತಿರುವ, ಸ್ನೇಹಿತರಿಗೆ ಗೊತ್ತಿರುವ, ಮನೆಯಲ್ಲಿನ ಹಿರಿಯರಿಗೆ ಗೊತ್ತಿರುವ, ಮರಗಳ",2,ಆಸೆಯು ರಾಣಿಗಲ್ಲದೆ ಮತ್ತಾರಿಗೆ?,,,,
kannada-5thstd,"ನಿಮಗೆ ಗೊತ್ತಿರುವ, ಸ್ನೇಹಿತರಿಗೆ ಗೊತ್ತಿರುವ, ಮನೆಯಲ್ಲಿನ ಹಿರಿಯರಿಗೆ ಗೊತ್ತಿರುವ, ಮರಗಳ",1,ಗಿಳಿಯ ಮೈಬಣ್ಣ ಹಸಿರು.,,,,
kannada-5thstd,"ನಿಮಗೆ ಗೊತ್ತಿರುವ, ಸ್ನೇಹಿತರಿಗೆ ಗೊತ್ತಿರುವ, ಮನೆಯಲ್ಲಿನ ಹಿರಿಯರಿಗೆ ಗೊತ್ತಿರುವ, ಮರಗಳ",2,ಭರತನ ತೋಟದಲ್ಲಿ ಹಣ್ಣುಗಳಿವೆ.,,,,
kannada-5thstd,"ನಿಮಗೆ ಗೊತ್ತಿರುವ, ಸ್ನೇಹಿತರಿಗೆ ಗೊತ್ತಿರುವ, ಮನೆಯಲ್ಲಿನ ಹಿರಿಯರಿಗೆ ಗೊತ್ತಿರುವ, ಮರಗಳ",1,"ನಿಮಗೆ ಗೊತ್ತಿರುವ, ಸ್ನೇಹಿತರಿಗೆ ಗೊತ್ತಿರುವ, ಮನೆಯಲ್ಲಿನ ಹಿರಿಯರಿಗೆ ಗೊತ್ತಿರುವ, ಮರಗಳ: ಪುಲ್ಲಿಂಗ ಎಂದರೇನು?",,,,
kannada-5thstd,"ನಿಮಗೆ ಗೊತ್ತಿರುವ, ಸ್ನೇಹಿತರಿಗೆ ಗೊತ್ತಿರುವ, ಮನೆಯಲ್ಲಿನ ಹಿರಿಯರಿಗೆ ಗೊತ್ತಿರುವ, ಮರಗಳ",2,"ನಿಮಗೆ ಗೊತ್ತಿರುವ, ಸ್ನೇಹಿತರಿಗೆ ಗೊತ್ತಿರುವ, ಮನೆಯಲ್ಲಿನ ಹಿರಿಯರಿಗೆ ಗೊತ್ತಿರುವ, ಮರಗಳ: ಸ್ತ್ರೀಲಿಂಗ ಎಂದರೇನು?",,,,
kannada-5thstd,"ನಿಮಗೆ ಗೊತ್ತಿರುವ, ಸ್ನೇಹಿತರಿಗೆ ಗೊತ್ತಿರುವ, ಮನೆಯಲ್ಲಿನ ಹಿರಿಯರಿಗೆ ಗೊತ್ತಿರುವ, ಮರಗಳ",2,"ನಿಮಗೆ ಗೊತ್ತಿರುವ, ಸ್ನೇಹಿತರಿಗೆ ಗೊತ್ತಿರುವ, ಮನೆಯಲ್ಲಿನ ಹಿರಿಯರಿಗೆ ಗೊತ್ತಿರುವ, ಮರಗಳ: ನಪುಂಸಕಲಿಂಗ ಎಂದರೇನು?",,,,
kannada-5thstd,"ನಿಮಗೆ ಗೊತ್ತಿರುವ, ಸ್ನೇಹಿತರಿಗೆ ಗೊತ್ತಿರುವ, ಮನೆಯಲ್ಲಿನ ಹಿರಿಯರಿಗೆ ಗೊತ್ತಿರುವ, ಮರಗಳ",1,"ನಿಮಗೆ ಗೊತ್ತಿರುವ, ಸ್ನೇಹಿತರಿಗೆ ಗೊತ್ತಿರುವ, ಮನೆಯಲ್ಲಿನ ಹಿರಿಯರಿಗೆ ಗೊತ್ತಿರುವ, ಮರಗಳ: ಶರಣ",,,,
kannada-5thstd,"ನಿಮಗೆ ಗೊತ್ತಿರುವ, ಸ್ನೇಹಿತರಿಗೆ ಗೊತ್ತಿರುವ, ಮನೆಯಲ್ಲಿನ ಹಿರಿಯರಿಗೆ ಗೊತ್ತಿರುವ, ಮರಗಳ",2,"ನಿಮಗೆ ಗೊತ್ತಿರುವ, ಸ್ನೇಹಿತರಿಗೆ ಗೊತ್ತಿರುವ, ಮನೆಯಲ್ಲಿನ ಹಿರಿಯರಿಗೆ ಗೊತ್ತಿರುವ, ಮರಗಳ: ಇವಳು",,,,
kannada-5thstd,"ನಿಮಗೆ ಗೊತ್ತಿರುವ, ಸ್ನೇಹಿತರಿಗೆ ಗೊತ್ತಿರುವ, ಮನೆಯಲ್ಲಿನ ಹಿರಿಯರಿಗೆ ಗೊತ್ತಿರುವ, ಮರಗಳ",2,"ನಿಮಗೆ ಗೊತ್ತಿರುವ, ಸ್ನೇಹಿತರಿಗೆ ಗೊತ್ತಿರುವ, ಮನೆಯಲ್ಲಿನ ಹಿರಿಯರಿಗೆ ಗೊತ್ತಿರುವ, ಮರಗಳ: ಗೌಡತಿ",,,,
kannada-5thstd,"ನಿಮಗೆ ಗೊತ್ತಿರುವ, ಸ್ನೇಹಿತರಿಗೆ ಗೊತ್ತಿರುವ, ಮನೆಯಲ್ಲಿನ ಹಿರಿಯರಿಗೆ ಗೊತ್ತಿರುವ, ಮರಗಳ",4,"ನಿಮಗೆ ಗೊತ್ತಿರುವ, ಸ್ನೇಹಿತರಿಗೆ ಗೊತ್ತಿರುವ, ಮನೆಯಲ್ಲಿನ ಹಿರಿಯರಿಗೆ ಗೊತ್ತಿರುವ, ಮರಗಳ: ಅತ್ತೆ",,,,
kannada-5thstd,"ನಿಮಗೆ ಗೊತ್ತಿರುವ, ಸ್ನೇಹಿತರಿಗೆ ಗೊತ್ತಿರುವ, ಮನೆಯಲ್ಲಿನ ಹಿರಿಯರಿಗೆ ಗೊತ್ತಿರುವ, ಮರಗಳ",5,"ನಿಮಗೆ ಗೊತ್ತಿರುವ, ಸ್ನೇಹಿತರಿಗೆ ಗೊತ್ತಿರುವ, ಮನೆಯಲ್ಲಿನ ಹಿರಿಯರಿಗೆ ಗೊತ್ತಿರುವ, ಮರಗಳ: ಅವನು",,,,
kannada-5thstd,ಕೆಳಗೆ ನೀಡಿರುವ ವಾಕ್ಯಗಳನ್ನು ಆವರಣದಲ್ಲಿ ನೀಡಿರುವ ಪದಗಳಲ್ಲಿ ಸೂಕ್ತವಾದುದನ್ನು ಆರಿಸಿ,1,ಬೆಳದಿಂಗಳ ರಾತ್ರಿಯಲ್ಲಿ ಚಂದ್ರನಿರುವ,,,,
kannada-5thstd,ಕೆಳಗೆ ನೀಡಿರುವ ವಾಕ್ಯಗಳನ್ನು ಆವರಣದಲ್ಲಿ ನೀಡಿರುವ ಪದಗಳಲ್ಲಿ ಸೂಕ್ತವಾದುದನ್ನು ಆರಿಸಿ,2,ನಿನಗೆ ಪೆಟ್ಟಾಗಿರುವುದನ್ನು ಕಂಡಾಗ ನನಗೆ,,,,
kannada-5thstd,ಕೆಳಗೆ ನೀಡಿರುವ ವಾಕ್ಯಗಳನ್ನು ಆವರಣದಲ್ಲಿ ನೀಡಿರುವ ಪದಗಳಲ್ಲಿ ಸೂಕ್ತವಾದುದನ್ನು ಆರಿಸಿ,4,ಸಂಜೆ ಆಟ ಆಡಿ,,,,
kannada-5thstd,ಕೆಳಗೆ ನೀಡಿರುವ ವಾಕ್ಯಗಳನ್ನು ಆವರಣದಲ್ಲಿ ನೀಡಿರುವ ಪದಗಳಲ್ಲಿ ಸೂಕ್ತವಾದುದನ್ನು ಆರಿಸಿ,3,ಕೆಳಗೆ ನೀಡಿರುವ ವಾಕ್ಯಗಳನ್ನು ಆವರಣದಲ್ಲಿ ನೀಡಿರುವ ಪದಗಳಲ್ಲಿ ಸೂಕ್ತವಾದುದನ್ನು ಆರಿಸಿ: ನನ್ನ,,,,
kannada-5thstd,ಕೆಳಗೆ ನೀಡಿರುವ ವಾಕ್ಯಗಳನ್ನು ಆವರಣದಲ್ಲಿ ನೀಡಿರುವ ಅಕ್ಷರಗಳಲ್ಲಿ ಸೂಕ್ತವಾದುದನ್ನು ಆರಿಸಿ,3,ಕೆಳಗೆ ನೀಡಿರುವ ವಾಕ್ಯಗಳನ್ನು ಆವರಣದಲ್ಲಿ ನೀಡಿರುವ ಅಕ್ಷರಗಳಲ್ಲಿ ಸೂಕ್ತವಾದುದನ್ನು ಆರಿಸಿ: ಕಾವೇರಿ,,,,
kannada-5thstd,ಕೆಳಗೆ ನೀಡಿರುವ ವಾಕ್ಯಗಳನ್ನು ಆವರಣದಲ್ಲಿ ನೀಡಿರುವ ಅಕ್ಷರಗಳಲ್ಲಿ ಸೂಕ್ತವಾದುದನ್ನು ಆರಿಸಿ,2,ಕೆಳಗೆ ನೀಡಿರುವ ವಾಕ್ಯಗಳನ್ನು ಆವರಣದಲ್ಲಿ ನೀಡಿರುವ ಅಕ್ಷರಗಳಲ್ಲಿ ಸೂಕ್ತವಾದುದನ್ನು ಆರಿಸಿ: ನದಿಯನ್ನು,,,,
kannada-5thstd,ಕೆಳಗೆ ನೀಡಿರುವ ವಾಕ್ಯಗಳನ್ನು ಆವರಣದಲ್ಲಿ ನೀಡಿರುವ ಅಕ್ಷರಗಳಲ್ಲಿ ಸೂಕ್ತವಾದುದನ್ನು ಆರಿಸಿ,2,ಕೆಳಗೆ ನೀಡಿರುವ ವಾಕ್ಯಗಳನ್ನು ಆವರಣದಲ್ಲಿ ನೀಡಿರುವ ಅಕ್ಷರಗಳಲ್ಲಿ ಸೂಕ್ತವಾದುದನ್ನು ಆರಿಸಿ: ಸ್ವಾತಂತ್ರ್ಯದ ಹಣತೆ,,,,
kannada-5thstd,General Exercise,1,ಸದಾ ಉರಿಯುತ್ತಿರಬೇಕಾದುದು ಯಾವುದು?,,,,
kannada-5thstd,General Exercise,2,ಧೀರಶಕ್ತಿ ಉಳ್ಳವರು ಏನು ಮಾಡಬಲ್ಲರು?,,,,
kannada-5thstd,General Exercise,3,ಮೊಳಕೆ ಉಂಟಾದುದು ಹೇಗೆ?,,,,
kannada-5thstd,General Exercise,4,ನಮ್ಮ ಗಮನ ಯಾವುದರ ಕಡೆಗೆ ಸಲ್ಲಬೇಕು?,,,,
kannada-5thstd,General Exercise,1,General Exercise: ಸದಾ,,,,
kannada-5thstd,General Exercise,2,General Exercise: ಸಾಗಿದಂತೆ,,,,
kannada-5thstd,General Exercise,1,"ಕಾಂಚನಾ ಸುಂದರ ಹುಡುಗಿ,",,,,
kannada-5thstd,General Exercise,2,ದರ್ಶಿನಿ ಕೆಂಪು ಲಂಗವನ್ನು ತೊಟ್ಟಿದ್ದಾಳೆ.,,,,
kannada-5thstd,General Exercise,3,ರಾಘುವಿನ ಹತ್ತಿರ ದೊಡ್ಡ ವಿಮಾನವಿದೆ.,,,,
kannada-5thstd,ಕೊಟ್ಟಿರುವ ವಾಕ್ಯಗಳಲ್ಲಿ ಗುಣವಿಶೇಷಣವನ್ನು ಗುರುತಿಸಿ ಅಡಿ ಗೆರೆ ಹಾಕಿರಿ.,0,ಲಾರಿಯು ತುಂಬಾ ಲಗೇಜನ್ನು ಹೊರಬಲ್ಲದು.,,,,
kannada-5thstd,ಕೊಟ್ಟಿರುವ ವಾಕ್ಯಗಳಲ್ಲಿ ಗುಣವಿಶೇಷಣವನ್ನು ಗುರುತಿಸಿ ಅಡಿ ಗೆರೆ ಹಾಕಿರಿ.,2,ವಿಮಾನ ನಿಲ್ದಾಣದಲ್ಲಿ ವಿಶೇಷ ಅತಿಥಿಗಳ ಕೊಠಡಿಗಳಿರುತ್ತವೆ.,,,,
kannada-5thstd,ಕೊಟ್ಟಿರುವ ವಾಕ್ಯಗಳಲ್ಲಿ ಗುಣವಿಶೇಷಣವನ್ನು ಗುರುತಿಸಿ ಅಡಿ ಗೆರೆ ಹಾಕಿರಿ.,2,ವಿಮಾನ ನಿಲ್ದಾಣ ತುಂಬಾ ಸುಂದರವಾಗಿದೆ.,,,,
kannada-5thstd,ಕೊಟ್ಟಿರುವ ವಾಕ್ಯಗಳಲ್ಲಿ ಗುಣವಿಶೇಷಣವನ್ನು ಗುರುತಿಸಿ ಅಡಿ ಗೆರೆ ಹಾಕಿರಿ.,4,ಹಡಗು ಬಹಳ ದೊಡ್ಡದಾಗಿದೆ.,,,,
kannada-5thstd,ಕೊಟ್ಟಿರುವ ವಾಕ್ಯಗಳಲ್ಲಿ ಗುಣವಿಶೇಷಣವನ್ನು ಗುರುತಿಸಿ ಅಡಿ ಗೆರೆ ಹಾಕಿರಿ.,5,ಪ್ರಿಯಾಳ ಲಂಗ ಹಚ್ಚ ಹಸುರಾಗಿದೆ.,,,,
kannada-5thstd,ಕೊಟ್ಟಿರುವ ವಾಕ್ಯಗಳಲ್ಲಿ ಗುಣವಿಶೇಷಣವನ್ನು ಗುರುತಿಸಿ ಅಡಿ ಗೆರೆ ಹಾಕಿರಿ.,1,ಕೆ. ಎಸ್. ನಿಸಾರ್ ಅಹಮ್ಮದ್ ಅವರ ಬಗೆಗೆ ಹೆಚ್ಚಿನ ವಿವರವನ್ನು ತಿಳಿಯಿರಿ.,,,,
kannada-5thstd,ಕೊಟ್ಟಿರುವ ವಾಕ್ಯಗಳಲ್ಲಿ ಗುಣವಿಶೇಷಣವನ್ನು ಗುರುತಿಸಿ ಅಡಿ ಗೆರೆ ಹಾಕಿರಿ.,2,"ಕೆ. ಎಸ್. ನಿಸಾರ್ ಅಹಮ್ಮದ್ ಅವರ 'ನಿತ್ಯೋತ್ಸವ' ಕವನವನ್ನು ಸಂಗ್ರಹಿಸಿ, ಹಾಡಿರಿ.",,,,
kannada-5thstd,ಕೊಟ್ಟಿರುವ ವಾಕ್ಯಗಳಲ್ಲಿ ಗುಣವಿಶೇಷಣವನ್ನು ಗುರುತಿಸಿ ಅಡಿ ಗೆರೆ ಹಾಕಿರಿ.,1,"ದೇಶಕ್ಕಾಗಿ ದುಡಿ; ದೇಶಕ್ಕಾಗಿ ಮಡಿ,",,,,
kannada-5thstd,ಕೊಟ್ಟಿರುವ ವಾಕ್ಯಗಳಲ್ಲಿ ಗುಣವಿಶೇಷಣವನ್ನು ಗುರುತಿಸಿ ಅಡಿ ಗೆರೆ ಹಾಕಿರಿ.,2,ಕೊಟ್ಟಿರುವ ವಾಕ್ಯಗಳಲ್ಲಿ ಗುಣವಿಶೇಷಣವನ್ನು ಗುರುತಿಸಿ ಅಡಿ ಗೆರೆ ಹಾಕಿರಿ.: ಒಗ್ಗಟ್ಟಿನಲ್ಲಿ ಬಲವಿದೆ.,,,,
kannada-5thstd,ಕೊಟ್ಟಿರುವ ವಾಕ್ಯಗಳಲ್ಲಿ ಗುಣವಿಶೇಷಣವನ್ನು ಗುರುತಿಸಿ ಅಡಿ ಗೆರೆ ಹಾಕಿರಿ.,3,ಕೊಟ್ಟಿರುವ ವಾಕ್ಯಗಳಲ್ಲಿ ಗುಣವಿಶೇಷಣವನ್ನು ಗುರುತಿಸಿ ಅಡಿ ಗೆರೆ ಹಾಕಿರಿ.: ವಚನಗಳು,,,,
kannada-5thstd,ಕೊಟ್ಟಿರುವ ವಾಕ್ಯಗಳಲ್ಲಿ ಗುಣವಿಶೇಷಣವನ್ನು ಗುರುತಿಸಿ ಅಡಿ ಗೆರೆ ಹಾಕಿರಿ.,1,ಕೊಟ್ಟಿರುವ ವಾಕ್ಯಗಳಲ್ಲಿ ಗುಣವಿಶೇಷಣವನ್ನು ಗುರುತಿಸಿ ಅಡಿ ಗೆರೆ ಹಾಕಿರಿ.: ಯಾರನ್ನು ಹಳಿಯಬಾರದು?,,,,
kannada-5thstd,ಕೊಟ್ಟಿರುವ ವಾಕ್ಯಗಳಲ್ಲಿ ಗುಣವಿಶೇಷಣವನ್ನು ಗುರುತಿಸಿ ಅಡಿ ಗೆರೆ ಹಾಕಿರಿ.,2,ಬಡತನಕ್ಕೆ ಯಾವ ಚಿಂತೆ?,,,,
kannada-5thstd,General Exercise,3,ಲೋಕದಲ್ಲಿ ಸ್ತುತಿನಿಂದೆಗಳು ಬಂದರೆ ಹೇಗಿರಬೇಕು?,,,,
kannada-5thstd,General Exercise,4,ಎಂತಹ ಭಕ್ತಿಯಿಂದ ದ್ರವ್ಯದ ಕೇಡಾಗುತ್ತದೆ?,,,,
kannada-5thstd,General Exercise,5,ಅಕ್ಕಮಹಾದೇವಿ ಅವರ ಅಂಕಿತ ಏನು?,,,,
kannada-5thstd,General Exercise,1,"General Exercise: ಕಳಬೇಡ,",,,,
kannada-5thstd,General Exercise,2,General Exercise: ಗರ್ವದಿಂದ,,,,
kannada-5thstd,General Exercise,1,ಸಂಧಿ ಎಂದರೇನು? ಒಂದು ಉದಾಹರಣೆ ಕೊಡಿ.,,,,
kannada-5thstd,General Exercise,2,ಸಂಧಿ ಕಾರ್ಯ ಎಂದರೇನು?,,,,
kannada-5thstd,General Exercise,3,"ತೆನೆ + ಅನ್ನು, ಇದರಲ್ಲಿ ಪೂರ್ವಪದ, ಉತ್ತರಪದ ಯಾವುದು ತಿಳಿಸಿರಿ. ಇದರಲ್ಲಿ",,,,
kannada-5thstd,General Exercise,4,ಈ ಪದಗಳನ್ನು ಬಿಡಿಸಿ ಬರೆಯಿರಿ. ಸಂಧಿ ಕಾರ್ಯ ಹೇಳಿರಿ.,,,,
kannada-5thstd,General Exercise,1,ವಿವಿಧ ವಚನಕಾರರ ವಚನಗಳನ್ನು ಸಂಗ್ರಹಿಸಿ ಓದಿರಿ.,,,,
kannada-5thstd,General Exercise,2,ಧ್ವನಿ ಸುರುಳಿಯಲ್ಲಿರುವ ವಚನಗಳನ್ನು ಆಲಿಸಿರಿ.,,,,
kannada-5thstd,General Exercise,3,ಸಾಮೂಹಿಕವಾಗಿ ವಚನಗಳನ್ನು ಹಾಡಿರಿ.,,,,
kannada-5thstd,General Exercise,4,ವಚನಕಾರರ ಜೀವನ ಚರಿತ್ರೆಗಳನ್ನು ಓದಿರಿ.,,,,
kannada-5thstd,General Exercise,1,ಬಹಿರಂಗಶುದ್ಧಿಗಿಂತ ಅಂತರಂಗಶುದ್ಧಿ ಬಹಳ ಮುಖ್ಯ.,,,,
kannada-5thstd,General Exercise,2,ದೈವ ಚಿಂತನೆಯಿಂದ ಮನಸ್ಸಿಗೆ ಆನಂದ ದೊರೆಯುತ್ತದೆ.,,,,
kannada-5thstd,General Exercise,3,ಹೊಗಳಿಕೆಗೆ ಹಿಗ್ಗಬಾರದು; ತೆಗಳಿಕೆಗೆ ಕುಗ್ಗಬಾರದು.,,,,
kannada-5thstd,General Exercise,4,General Exercise: ನಡೆನುಡಿಗಳು ಒಂದಾಗಿರಬೇಕು.,,,,
kannada-5thstd,General Exercise,4,ಕನ್ನಡ ಕನ್ನಡ ಬರಿ ನಮ್ಮ ಸಂಗಡ,,,,
kannada-5thstd,General Exercise,1,ಎಲ್ಲೆಲ್ಲೂ ಏನೆಂದು ಉಸಿರಬೇಕು?,,,,
kannada-5thstd,General Exercise,2,ಕೈಯ ತುಂಬ ಏನು ಬೇಕು?,,,,
kannada-5thstd,General Exercise,3,ನೇಸರ ಏನನ್ನು ಬಿತ್ತಬೇಕು?,,,,
kannada-5thstd,General Exercise,4,ಎದೆಯ ತುಂಬ ಯಾವುದು ತುಳುಕಬೇಕು?,,,,
kannada-5thstd,General Exercise,1,General Exercise: ಎಲ್ಲೆಲ್ಲೂ,,,,
kannada-5thstd,General Exercise,2,General Exercise: ಮೈಯ,,,,
kannada-5thstd,General Exercise,1,ಮೇಲೆ + ಇಟ್ಟು = ಮೇಲಿಟ್ಟು,,,,
kannada-5thstd,General Exercise,2,ಮುಳ್ಳು + ಅನ್ನು = ಮುಳ್ಳನ್ನು,,,,
kannada-5thstd,General Exercise,1,ಹೊಲ + ಅನ್ನು = ಹೊಲವನ್ನು,,,,
kannada-5thstd,General Exercise,2,ಹೊಳೆ + ಅಲ್ಲಿ = ಹೊಳೆಯಲ್ಲಿ,,,,
kannada-5thstd,General Exercise,1,ಕೋಪ + ಕೊಂಡು,,,,
kannada-5thstd,General Exercise,2,ಮೈ + ತೊಳೆ ಮೈದೊಳೆ,,,,
kannada-5thstd,General Exercise,1,ಮೇಲೆ + ಇಟ್ಟುಕೊಂಡು ೨. ಶುಭ್ರ + ಆಯಿತು,,,,
kannada-5thstd,General Exercise,3,ಬಂಡೆ + ಅನ್ನು,,,,
kannada-5thstd,General Exercise,1,ಕನ್ನಡ ನಾಡಿನ ಅರಣ್ಯ ಸಂಪತ್ತಿನ ಬಗ್ಗೆ ತಿಳಿಯಿರಿ.,,,,
kannada-5thstd,General Exercise,2,ಕನ್ನಡ ನಾಡಿನ ಶ್ರೇಷ್ಠ ವ್ಯಕ್ತಿಗಳ ಬಗ್ಗೆ ತಿಳಿಯಿರಿ.,,,,
kannada-5thstd,General Exercise,3,ಕನ್ನಡ ನಾಡು ಕುರಿತ ಕವನಗಳನ್ನು ಓದಿರಿ.,,,,
kannada-5thstd,General Exercise,4,ಕನ್ನಡ ನಾಡಿನ ಪ್ರಸಿದ್ಧ ಸ್ಥಳಗಳಿಗೆ ಪ್ರವಾಸ ಹೋಗಿರಿ.,,,,
kannada-5thstd,General Exercise,1,ಹೆತ್ತತಾಯಿ ಹೊತ್ತನಾಡು ಸ್ವರ್ಗಕ್ಕಿಂತಲೂ ಮಿಗಿಲು.,,,,
kannada-5thstd,General Exercise,2,ಕನ್ನಡವೇ ಸತ್ಯ; ಕನ್ನಡವೇ ನಿತ್ಯ.,,,,
kannada-5thstd,General Exercise,3,ಎಲ್ಲಾದರು ಇರು ಎಂತಾದರು ಇರು ಎಂದೆಂದಿಗೂ ನೀ ಕನ್ನಡವಾಗಿರು.,,,,
kannada-5thstd,General Exercise,4,ಕನ್ನಡಕ್ಕಾಗಿ ಕೈ ಎತ್ತು ನಿನ್ನ ಕೈ ಕಲ್ಪವೃಕ್ಷವಾಗುವುದು.,,,,
kannada-5thstd,General Exercise,1,General Exercise: ಕಾಮನ ಬಿಲ್ಲು,,,,
kannada-5thstd,General Exercise,2,ಕಾಮನ ಬಿಲ್ಲು ಎಲ್ಲಿಂದ ಎಲ್ಲಿಯವರೆಗೆ ಆವರಿಸಿದೆ?,,,,
kannada-5thstd,ಕಾಮನ ಬಿಲ್ಲು ಯಾವಾಗ ಮರೆಯಾಯಿತು?,5,ಕಾಮನ ಬಿಲ್ಲು ಯಾವಾಗ ಮೂಡುತ್ತದೆ?,,,,
kannada-5thstd,ಕಾಮನ ಬಿಲ್ಲು ಯಾವಾಗ ಮರೆಯಾಯಿತು?,2,ನಾನು ಮತ್ತು ಹುಂಚಿಮರ,,,,
kannada-5thstd,ಕಾಮನ ಬಿಲ್ಲು ಯಾವಾಗ ಮರೆಯಾಯಿತು?,1,ಹುಂಚಿಹೂವು ತಿನ್ನುವುದರಿಂದ ಹಲ್ಲುಗಳು ಏನಾಗುತ್ತವೆ?,,,,
kannada-5thstd,ಕಾಮನ ಬಿಲ್ಲು ಯಾವಾಗ ಮರೆಯಾಯಿತು?,2,ಕಾಮನ ಬಿಲ್ಲು ಯಾವಾಗ ಮರೆಯಾಯಿತು?: ಡೋರೆಹುಣಿಸೆ ಎಂದರೇನು?,,,,
kannada-5thstd,ಕಾಮನ ಬಿಲ್ಲು ಯಾವಾಗ ಮರೆಯಾಯಿತು?,3,ಹುಂಚಿಮರದ ಟೊಂಗೆಗಳನ್ನು ಹಿಡಿದು ಹುಡುಗಿಯರು ಏನು ಮಾಡುತ್ತಿದ್ದರು?,,,,
kannada-5thstd,ಕಾಮನ ಬಿಲ್ಲು ಯಾವಾಗ ಮರೆಯಾಯಿತು?,4,ಹುಂಚಿಮರದ ಬಳಿಯಲ್ಲಿ ಹಬ್ಬದ ವಾತಾವರಣವಿರಲು ಯಾರು ಕಾರಣವಾದರು?,,,,
kannada-5thstd,ಕಾಮನ ಬಿಲ್ಲು ಯಾವಾಗ ಮರೆಯಾಯಿತು?,5,ಮೂಢನಂಬಿಕೆಗೆ ಯಾವುದು ಬಲಿಯಾಗಿತ್ತು?,,,,
kannada-6thstd,General Exercise,1,"ರಾಷ್ಟ್ರೀಯ ಹಾಗೂ ರಾಜ್ಯ ಪಠ್ಯಕ್ರಮ ಚೌಕಟ್ಟುಗಳು ಮತ್ತು ಸಂವಿಧಾನದ ಆಶಯಗಳಿಗೆ ವ್ಯತಿರಿಕ್ತವಾಗದಂತೆ,",,,,
kannada-6thstd,General Exercise,5,ನಿರ್ದಿಷ್ಟ ಪಠ್ಯಗಳನ್ನು ಬೋಧಿಸುವ ಶಿಕ್ಷಕರಿಂದ ಪಡೆದುಕೊಂಡ ಅಭಿಪ್ರಾಯಗಳು ಸಹ ಪ್ರಸ್ತುತ ಪರಿಷ್ಕರಣೆಯಲ್ಲಿ,,,,
kannada-6thstd,General Exercise,1,General Exercise: ದೊಡ್ಡವರ ದಾರಿ,,,,
kannada-6thstd,ಆವರಣದಲ್ಲಿ ಕೊಟ್ಟಿರುವ ಪದಗಳಲ್ಲಿ ಸೂಕ್ತವಾದುದನ್ನು ಆರಿಸಿ ಬಿಟ್ಟಸ್ಥಳ ಭರ್ತಿಮಾಡಿರಿ.,1,ಆವರಣದಲ್ಲಿ ಕೊಟ್ಟಿರುವ ಪದಗಳಲ್ಲಿ ಸೂಕ್ತವಾದುದನ್ನು ಆರಿಸಿ ಬಿಟ್ಟಸ್ಥಳ ಭರ್ತಿಮಾಡಿರಿ.: ಮಕ್ಕಳಿಗೆ ತಮ್ಮ,,,,
kannada-6thstd,ಆವರಣದಲ್ಲಿ ಕೊಟ್ಟಿರುವ ಪದಗಳಲ್ಲಿ ಸೂಕ್ತವಾದುದನ್ನು ಆರಿಸಿ ಬಿಟ್ಟಸ್ಥಳ ಭರ್ತಿಮಾಡಿರಿ.,2,ಪ್ರಸಾದರು ಅವರಿಗೆಲ್ಲ ಅಷ್ಟಷ್ಟು,,,,
kannada-6thstd,ಆವರಣದಲ್ಲಿ ಕೊಟ್ಟಿರುವ ಪದಗಳಲ್ಲಿ ಸೂಕ್ತವಾದುದನ್ನು ಆರಿಸಿ ಬಿಟ್ಟಸ್ಥಳ ಭರ್ತಿಮಾಡಿರಿ.,3,ವಿದ್ಯಾರ್ಥಿಗಳಿಗೆ ಬುದ್ಧಿ ಕಲಿಸಲು ತಾವೇ ಒಂದು,,,,
kannada-6thstd,ಆವರಣದಲ್ಲಿ ಕೊಟ್ಟಿರುವ ಪದಗಳಲ್ಲಿ ಸೂಕ್ತವಾದುದನ್ನು ಆರಿಸಿ ಬಿಟ್ಟಸ್ಥಳ ಭರ್ತಿಮಾಡಿರಿ.,4,ಆವರಣದಲ್ಲಿ ಕೊಟ್ಟಿರುವ ಪದಗಳಲ್ಲಿ ಸೂಕ್ತವಾದುದನ್ನು ಆರಿಸಿ ಬಿಟ್ಟಸ್ಥಳ ಭರ್ತಿಮಾಡಿರಿ.: ಒಂದಿಬ್ಬರು,,,,
kannada-6thstd,ಕೊಟ್ಟಿರುವ ಪದ ಬಳಸಿ ಸ್ವಂತ ವಾಕ್ಯ ರಚಿಸಿರಿ.,1,ಕೊಟ್ಟಿರುವ ಪದ ಬಳಸಿ ಸ್ವಂತ ವಾಕ್ಯ ರಚಿಸಿರಿ.: ರಾಷ್ಟ್ರಪತಿ,,,,
kannada-6thstd,ಕೊಟ್ಟಿರುವ ಪದ ಬಳಸಿ ಸ್ವಂತ ವಾಕ್ಯ ರಚಿಸಿರಿ.,2,ಕೊಟ್ಟಿರುವ ಪದ ಬಳಸಿ ಸ್ವಂತ ವಾಕ್ಯ ರಚಿಸಿರಿ.: ಕಾಸು,,,,
kannada-6thstd,ಕೆಳಗಿನ ಪ್ರಶ್ನೆಗಳಿಗೆ ಒಂದು ವಾಕ್ಯದಲ್ಲಿ ಉತ್ತರಿಸಿರಿ.,3,ಕೆಳಗಿನ ಪ್ರಶ್ನೆಗಳಿಗೆ ಒಂದು ವಾಕ್ಯದಲ್ಲಿ ಉತ್ತರಿಸಿರಿ.: ಶಿಸ್ತು,,,,
kannada-6thstd,ಕೆಳಗಿನ ಪ್ರಶ್ನೆಗಳಿಗೆ ಒಂದು ವಾಕ್ಯದಲ್ಲಿ ಉತ್ತರಿಸಿರಿ.,4,ಕೆಳಗಿನ ಪ್ರಶ್ನೆಗಳಿಗೆ ಒಂದು ವಾಕ್ಯದಲ್ಲಿ ಉತ್ತರಿಸಿರಿ.: ದಾರಿ,,,,
kannada-6thstd,ಕೆಳಗಿನ ಪ್ರಶ್ನೆಗಳಿಗೆ ಒಂದು ವಾಕ್ಯದಲ್ಲಿ ಉತ್ತರಿಸಿರಿ.,1,ರಾಜೇಂದ್ರ ಪ್ರಸಾದರು ತಾವು ಯಾರ ಸೇವಕ ಎಂದು ಹೇಳಿಕೊಳ್ಳುತ್ತಿದ್ದರು?,,,,
kannada-6thstd,ಕೆಳಗಿನ ಪ್ರಶ್ನೆಗಳಿಗೆ ಒಂದು ವಾಕ್ಯದಲ್ಲಿ ಉತ್ತರಿಸಿರಿ.,2,ಪುಸ್ತಕದ ಪುಟಗಳನ್ನು ಹರಿದ ಮಕ್ಕಳಿಗೆ ಪ್ರಸಾದರು ಏನನ್ನು ಕೊಟ್ಟರು?,,,,
kannada-6thstd,General Exercise,4,ಜಾಮಿಯಾ ಮಿಲಿಯಾ ಎಲ್ಲಿದೆ?,,,,
kannada-6thstd,General Exercise,5,ಜಾಕಿರ್ ಹುಸೇನರು ವಿದ್ಯಾರ್ಥಿಗಳಿಗೆ ಬುದ್ಧಿ ಕಲಿಸಲು ಯಾವ ವೇಷ ಹಾಕಿದರು?,,,,
kannada-6thstd,General Exercise,1,"“ನೋಡಿ ಮಕ್ಕಳೇ, ಪುಸ್ತಕಗಳು ಜ್ಞಾನ ಭಂಡಾರ.”",,,,
kannada-6thstd,General Exercise,9,"ತಾತಾ, ನಾವು ಇನ್ನು ಮುಂದೆ ಎಂದೂ ಪುಸ್ತಕಗಳ ಪುಟಗಳನ್ನು ಹರಿಯುವುದಿಲ್ಲ.”",,,,
kannada-6thstd,ಕೆಳಗಿನ ಪ್ರಶ್ನೆಗಳಿಗೆ ಮೂರು-ನಾಲ್ಕು ವಾಕ್ಯಗಳಲ್ಲಿ ಉತ್ತರಿಸಿರಿ.,1,ರಾಜೇಂದ್ರ ಪ್ರಸಾದ್ ಅವರ ವ್ಯಕ್ತಿತ್ವವನ್ನು ವಿವರಿಸಿರಿ.,,,,
kannada-6thstd,ಕೆಳಗಿನ ಪ್ರಶ್ನೆಗಳಿಗೆ ಮೂರು-ನಾಲ್ಕು ವಾಕ್ಯಗಳಲ್ಲಿ ಉತ್ತರಿಸಿರಿ.,2,ವಿದ್ಯಾರ್ಥಿಗಳಿಗೆ ಬುದ್ಧಿ ಕಲಿಸಲು ಜಾಕಿರ್‌ಹುಸೇನ್ ಏನು ಮಾಡಿದರು?,,,,
kannada-6thstd,ಆವರಣದಿಂದ ಸೂಕ್ತ ಪದ ಆರಿಸಿ ಖಾಲಿ ಬಿಟ್ಟ ಸ್ಥಳದಲ್ಲಿ ಬರೆಯಿರಿ.,1,"ಕನ್ನಡ ವರ್ಣಮಾಲೆಯಲ್ಲಿ ............ ಅಕ್ಷರಗಳಿವೆ. (೪೮, ೪೯, ೫೨)",,,,
kannada-6thstd,ಆವರಣದಿಂದ ಸೂಕ್ತ ಪದ ಆರಿಸಿ ಖಾಲಿ ಬಿಟ್ಟ ಸ್ಥಳದಲ್ಲಿ ಬರೆಯಿರಿ.,2,ಪ್ರಸ್ವ ಸ್ವರಕ್ಕೆ ಉದಾಹರಣೆ.,,,,
kannada-6thstd,ಆವರಣದಿಂದ ಸೂಕ್ತ ಪದ ಆರಿಸಿ ಖಾಲಿ ಬಿಟ್ಟ ಸ್ಥಳದಲ್ಲಿ ಬರೆಯಿರಿ.,3,"ಆವರಣದಿಂದ ಸೂಕ್ತ ಪದ ಆರಿಸಿ ಖಾಲಿ ಬಿಟ್ಟ ಸ್ಥಳದಲ್ಲಿ ಬರೆಯಿರಿ.: ಅನುಸ್ವಾರ, ವಿಸರ್ಗವನ್ನು",,,,
kannada-6thstd,ಆವರಣದಿಂದ ಸೂಕ್ತ ಪದ ಆರಿಸಿ ಖಾಲಿ ಬಿಟ್ಟ ಸ್ಥಳದಲ್ಲಿ ಬರೆಯಿರಿ.,4,ವ್ಯಂಜನಗಳಿಗೆ ಸ್ವರ ಸೇರಿ ಆಗುವ ಅಕ್ಷರಗಳನ್ನು,,,,
kannada-6thstd,ಆವರಣದಿಂದ ಸೂಕ್ತ ಪದ ಆರಿಸಿ ಖಾಲಿ ಬಿಟ್ಟ ಸ್ಥಳದಲ್ಲಿ ಬರೆಯಿರಿ.,5,ವಿಜಾತಿಯ ಒತ್ತಕ್ಷರವುಳ್ಳ ಪದಕ್ಕೆ ಉದಾಹರಣೆ..........,,,,
kannada-6thstd,ಈ ಪದಗಳಲ್ಲಿರುವ ಅಕ್ಷರಗಳನ್ನು ಬಿಡಿಸಿ ಬರೆಯಿರಿ.,1,ಈ ಪದಗಳಲ್ಲಿರುವ ಅಕ್ಷರಗಳನ್ನು ಬಿಡಿಸಿ ಬರೆಯಿರಿ.: ಆಭರಣ:,,,,
kannada-6thstd,ಈ ಪದಗಳಲ್ಲಿರುವ ಅಕ್ಷರಗಳನ್ನು ಬಿಡಿಸಿ ಬರೆಯಿರಿ.,2,ಈ ಪದಗಳಲ್ಲಿರುವ ಅಕ್ಷರಗಳನ್ನು ಬಿಡಿಸಿ ಬರೆಯಿರಿ.: ಅವಲಕ್ಕಿ:,,,,
kannada-6thstd,ಈ ಪದಗಳಲ್ಲಿರುವ ಅಕ್ಷರಗಳನ್ನು ಬಿಡಿಸಿ ಬರೆಯಿರಿ.,3,ಸಂಭ್ರಮ: ೪. ಪರಮಾಶ್ಚರ್ಯ:,,,,
kannada-6thstd,General Exercise,1,General Exercise: ರಾಜನು,,,,
kannada-6thstd,General Exercise,2,General Exercise: ಸೇವಕಿ,,,,
kannada-6thstd,General Exercise,3,ಮಂತ್ರಿ ಅರಮನೆಗೆ ಬಂದು ರಾಜನ ಕಾಲಿಗೆ ಬಿದ್ದು,,,,
kannada-6thstd,General Exercise,4,ರಾಜನಿಗೆ ಗಂಧರ್ವಸೇನ ತೀರಿದ ವಿಷಯ ತಿಳಿಸಿದ್ದು,,,,
kannada-6thstd,General Exercise,5,ಅಂತಃಪುರ ಇದರ ಅರ್ಥ.,,,,
kannada-6thstd,General Exercise,1,ನಿಟ್ಟುಸಿರು ೨. ಪರಿಸಮಾಪ್ತಿ ೩. ಮಾರ್ನುಡಿ,,,,
kannada-6thstd,ಕೆಳಗಿನ ಪ್ರಶ್ನೆಗಳಿಗೆ ಒಂದು ವಾಕ್ಯದಲ್ಲಿ ಉತ್ತರ ಬರೆಯಿರಿ.,1,ಮಂತ್ರಿ ಅಳುತ್ತಾ ರಾಜನ ಬಳಿ ಏನೆಂದು ಹೇಳಿದ?,,,,
kannada-6thstd,ಕೆಳಗಿನ ಪ್ರಶ್ನೆಗಳಿಗೆ ಒಂದು ವಾಕ್ಯದಲ್ಲಿ ಉತ್ತರ ಬರೆಯಿರಿ.,2,ಕೆಳಗಿನ ಪ್ರಶ್ನೆಗಳಿಗೆ ಒಂದು ವಾಕ್ಯದಲ್ಲಿ ಉತ್ತರ ಬರೆಯಿರಿ.: ಗಂಧರ್ವಸೇನ ಯಾರು?,,,,
kannada-6thstd,ಕೆಳಗಿನ ಪ್ರಶ್ನೆಗಳಿಗೆ ಒಂದು ವಾಕ್ಯದಲ್ಲಿ ಉತ್ತರ ಬರೆಯಿರಿ.,4,ಕೆಳಗಿನ ಪ್ರಶ್ನೆಗಳಿಗೆ ಒಂದು ವಾಕ್ಯದಲ್ಲಿ ಉತ್ತರ ಬರೆಯಿರಿ.: ಉದ್ಧರಿಸು,,,,
kannada-6thstd,ಕೆಳಗಿನ ಪ್ರಶ್ನೆಗಳಿಗೆ ಒಂದು ವಾಕ್ಯದಲ್ಲಿ ಉತ್ತರ ಬರೆಯಿರಿ.,3,ಗಂಧರ್ವಸೇನ ತೀರಿಕೊಂಡ ವಿಷಯವನ್ನು ರಾಜ ಯಾರಿಗೆ ಹೇಳಿದ?,,,,
kannada-6thstd,ಕೆಳಗಿನ ಪ್ರಶ್ನೆಗಳಿಗೆ ಒಂದು ವಾಕ್ಯದಲ್ಲಿ ಉತ್ತರ ಬರೆಯಿರಿ.,4,ರಾಣಿಯ ಸೇವಕಿ ಏನೆಂದು ಆಲೋಚನೆ ಮಾಡಿದಳು?,,,,
kannada-6thstd,ಕೆಳಗಿನ ಪ್ರಶ್ನೆಗಳಿಗೆ ಒಂದು ವಾಕ್ಯದಲ್ಲಿ ಉತ್ತರ ಬರೆಯಿರಿ.,5,ರಾಣಿಯರು ನಗಲು ಕಾರಣವೇನು?,,,,
kannada-6thstd,ಕೆಳಗಿನ ಪ್ರಶ್ನೆಗಳಿಗೆ ಒಂದು ವಾಕ್ಯದಲ್ಲಿ ಉತ್ತರ ಬರೆಯಿರಿ.,1,ರಾಜನ ಒಡೋಲಗದಲ್ಲಿ ನಡೆದ ಪ್ರಸಂಗವನ್ನು ವಿವರಿಸಿರಿ.,,,,
kannada-6thstd,ಕೆಳಗಿನ ಪ್ರಶ್ನೆಗಳಿಗೆ ಒಂದು ವಾಕ್ಯದಲ್ಲಿ ಉತ್ತರ ಬರೆಯಿರಿ.,2,ಗಂಧರ್ವಸೇನ ಯಾರು ಎಂಬುದನ್ನು ತಿಳಿಯಲು ಮಂತ್ರಿಯು ಮಾಡಿದ ಪ್ರಯತ್ನಗಳೇನು?,,,,
kannada-6thstd,ಸಂದರ್ಭ ಸಹಿತ ವಿವರಿಸಿರಿ.,1,“ಮಹಾರಾಜರೇ ಗಂಧರ್ವ ಸೇನರು ತೀರಿಕೊಂಡರಂತೆ.”,,,,
kannada-6thstd,ಸಂದರ್ಭ ಸಹಿತ ವಿವರಿಸಿರಿ.,2,"“ಸ್ವಾಮಿ, ಅವರು ಯಾರು? ಏನಾಗಿದ್ದರು? ಎಂದು ನನಗೆ ತಿಳಿಯದು.",,,,
kannada-6thstd,ಸಂದರ್ಭ ಸಹಿತ ವಿವರಿಸಿರಿ.,3,“ನಿನ್ನೆ ರಾತ್ರಿ ಕಣ್ಣು ಮುಚೊಂಬಿಟ್ಟ.”,,,,
kannada-6thstd,ಸಂದರ್ಭ ಸಹಿತ ವಿವರಿಸಿರಿ.,4,“ಒಂದು ಕುರಿ ಹಳ್ಳಕ್ಕೆ ಬಿದ್ದರೆ ಎಲ್ಲಾ ಬಿದ್ದವು.,,,,
kannada-6thstd,"ಕೆಳಗಿನವುಗಳನ್ನು ನುಡಿಗಟ್ಟು, ಗಾದೆ, ಒಗಟುಗಳಾಗಿ ವಿಂಗಡಿಸಿ ಬರೆಯಿರಿ.",1,"ಮೂಗು ತೂರಿಸು, ೨. ಕೇಳಿದ ಕಿವಿ ಊರಿಗೆ ಮಾರಿ ತಂದಿತು, ೩. ಕಾಲಿಗೆ ಬುದ್ಧಿಹೇಳು,",,,,
kannada-6thstd,"ಕೆಳಗಿನವುಗಳನ್ನು ನುಡಿಗಟ್ಟು, ಗಾದೆ, ಒಗಟುಗಳಾಗಿ ವಿಂಗಡಿಸಿ ಬರೆಯಿರಿ.",4,"ದಾಸ್ ಬುರುಡೆ ದೌಲತ್ ಬುರುಡೆ ಲೋಕಕ್ಕೆಲ್ಲ ಎರಡೆ ಬುರುಡೆ, ೫. ಬೆನ್ನಿಗೆ ಚೂರಿ ಹಾಕು,",,,,
kannada-6thstd,"ಕೆಳಗಿನವುಗಳನ್ನು ನುಡಿಗಟ್ಟು, ಗಾದೆ, ಒಗಟುಗಳಾಗಿ ವಿಂಗಡಿಸಿ ಬರೆಯಿರಿ.",6,"ಒಂದು ಕುರಿ ಹಳ್ಳಕ್ಕೆ ಬಿದ್ದರೆ ಎಲ್ಲಾ ಬಿದ್ದವು, ೭. ಚಿನ್ನದ ಪೆಟ್ಟಿಗೆಯಲ್ಲಿ ಬೆಳ್ಳಿ ಲಿಂಗ,",,,,
kannada-6thstd,"ಕೆಳಗಿನವುಗಳನ್ನು ನುಡಿಗಟ್ಟು, ಗಾದೆ, ಒಗಟುಗಳಾಗಿ ವಿಂಗಡಿಸಿ ಬರೆಯಿರಿ.",8,"ತಲೆ ಹಾಕು, ೯. ಮುಚ್ಚಿಟ್ಟದ್ದು ಮಣ್ಣಿನ ಪಾಲು, ೧೦. ಕರುಳು ಹಿಂಡು, ೧೧. ಮಂಕು",,,,
kannada-6thstd,"ಕೆಳಗಿನವುಗಳನ್ನು ನುಡಿಗಟ್ಟು, ಗಾದೆ, ಒಗಟುಗಳಾಗಿ ವಿಂಗಡಿಸಿ ಬರೆಯಿರಿ.",1,"ಪುಲ್ಲಿಂಗ ೨. ಲಿಂಗ ೩. ನಪುಂಸಕ ಲಿಂಗ,",,,,
kannada-6thstd,"ಕೆಳಗಿನವುಗಳನ್ನು ನುಡಿಗಟ್ಟು, ಗಾದೆ, ಒಗಟುಗಳಾಗಿ ವಿಂಗಡಿಸಿ ಬರೆಯಿರಿ.",1,"ಕೆಳಗಿನವುಗಳನ್ನು ನುಡಿಗಟ್ಟು, ಗಾದೆ, ಒಗಟುಗಳಾಗಿ ವಿಂಗಡಿಸಿ ಬರೆಯಿರಿ.: ರೂಢನಾಮ",,,,
kannada-6thstd,"ಕೆಳಗಿನವುಗಳನ್ನು ನುಡಿಗಟ್ಟು, ಗಾದೆ, ಒಗಟುಗಳಾಗಿ ವಿಂಗಡಿಸಿ ಬರೆಯಿರಿ.",2,"ಕೆಳಗಿನವುಗಳನ್ನು ನುಡಿಗಟ್ಟು, ಗಾದೆ, ಒಗಟುಗಳಾಗಿ ವಿಂಗಡಿಸಿ ಬರೆಯಿರಿ.: ಅಂಕಿತನಾಮ",,,,
kannada-6thstd,"ಕೆಳಗಿನವುಗಳನ್ನು ನುಡಿಗಟ್ಟು, ಗಾದೆ, ಒಗಟುಗಳಾಗಿ ವಿಂಗಡಿಸಿ ಬರೆಯಿರಿ.",3,"ಕೆಳಗಿನವುಗಳನ್ನು ನುಡಿಗಟ್ಟು, ಗಾದೆ, ಒಗಟುಗಳಾಗಿ ವಿಂಗಡಿಸಿ ಬರೆಯಿರಿ.: ಅನ್ವರ್ಥನಾಮ",,,,
kannada-6thstd,ವಚನ ಬದಲಿಸಿ ಬರೆಯಿರಿ.,1,ವಚನ ಬದಲಿಸಿ ಬರೆಯಿರಿ.: ಗಿಡ,,,,
kannada-6thstd,ವಚನ ಬದಲಿಸಿ ಬರೆಯಿರಿ.,2,ವಚನ ಬದಲಿಸಿ ಬರೆಯಿರಿ.: ತಮ್ಮಂದಿರು,,,,
kannada-6thstd,ವಚನ ಬದಲಿಸಿ ಬರೆಯಿರಿ.,3,ವಚನ ಬದಲಿಸಿ ಬರೆಯಿರಿ.: ಪತ್ರಗಳು,,,,
kannada-6thstd,ವಚನ ಬದಲಿಸಿ ಬರೆಯಿರಿ.,4,ವಚನ ಬದಲಿಸಿ ಬರೆಯಿರಿ.: ಮಗು,,,,
kannada-6thstd,ಪುಲ್ಲಿಂಗ ಅಥವಾ ಸ್ತ್ರೀಲಿಂಗ ರೂಪಕ್ಕೆ ಪರಿವರ್ತಿಸಿ ಬರೆಯಿರಿ.,1,ಪುಲ್ಲಿಂಗ ಅಥವಾ ಸ್ತ್ರೀಲಿಂಗ ರೂಪಕ್ಕೆ ಪರಿವರ್ತಿಸಿ ಬರೆಯಿರಿ.: ಅವನು,,,,
kannada-6thstd,ಪುಲ್ಲಿಂಗ ಅಥವಾ ಸ್ತ್ರೀಲಿಂಗ ರೂಪಕ್ಕೆ ಪರಿವರ್ತಿಸಿ ಬರೆಯಿರಿ.,2,ಪುಲ್ಲಿಂಗ ಅಥವಾ ಸ್ತ್ರೀಲಿಂಗ ರೂಪಕ್ಕೆ ಪರಿವರ್ತಿಸಿ ಬರೆಯಿರಿ.: ಇವಳು,,,,
kannada-6thstd,ಪುಲ್ಲಿಂಗ ಅಥವಾ ಸ್ತ್ರೀಲಿಂಗ ರೂಪಕ್ಕೆ ಪರಿವರ್ತಿಸಿ ಬರೆಯಿರಿ.,3,ಪುಲ್ಲಿಂಗ ಅಥವಾ ಸ್ತ್ರೀಲಿಂಗ ರೂಪಕ್ಕೆ ಪರಿವರ್ತಿಸಿ ಬರೆಯಿರಿ.: ಗೌಡತಿ,,,,
kannada-6thstd,ಪುಲ್ಲಿಂಗ ಅಥವಾ ಸ್ತ್ರೀಲಿಂಗ ರೂಪಕ್ಕೆ ಪರಿವರ್ತಿಸಿ ಬರೆಯಿರಿ.,4,ಪುಲ್ಲಿಂಗ ಅಥವಾ ಸ್ತ್ರೀಲಿಂಗ ರೂಪಕ್ಕೆ ಪರಿವರ್ತಿಸಿ ಬರೆಯಿರಿ.: ಶರಣ,,,,
kannada-6thstd,ಕೆಳಗಿನವುಗಳಿಗೆ ನಾಲ್ಕು ಉದಾಹರಣೆಗಳನ್ನು ಕೊಡಿರಿ.,1,ಕೆಳಗಿನವುಗಳಿಗೆ ನಾಲ್ಕು ಉದಾಹರಣೆಗಳನ್ನು ಕೊಡಿರಿ.: ಅನ್ವರ್ಥನಾಮ,,,,
kannada-6thstd,ಕೆಳಗಿನವುಗಳಿಗೆ ನಾಲ್ಕು ಉದಾಹರಣೆಗಳನ್ನು ಕೊಡಿರಿ.,2,ಕೆಳಗಿನವುಗಳಿಗೆ ನಾಲ್ಕು ಉದಾಹರಣೆಗಳನ್ನು ಕೊಡಿರಿ.: ರೂಢನಾಮ,,,,
kannada-6thstd,ಕೆಳಗಿನವುಗಳಿಗೆ ನಾಲ್ಕು ಉದಾಹರಣೆಗಳನ್ನು ಕೊಡಿರಿ.,3,ಕೆಳಗಿನವುಗಳಿಗೆ ನಾಲ್ಕು ಉದಾಹರಣೆಗಳನ್ನು ಕೊಡಿರಿ.: ಅಂಕಿತನಾಮ,,,,
kannada-6thstd,General Exercise,1,General Exercise: ಗೆಳೆಯ,,,,
kannada-6thstd,General Exercise,2,General Exercise: ಹೆಂಡತಿ,,,,
kannada-6thstd,General Exercise,3,General Exercise: ರಾಜ,,,,
kannada-6thstd,General Exercise,4,General Exercise: ದುಡಿಮೆ,,,,
kannada-6thstd,General Exercise,1,General Exercise: ಪರಮಮಿತ್ರ,,,,
kannada-6thstd,General Exercise,2,General Exercise: ವಿಶ್ರಾಂತಿ,,,,
kannada-6thstd,General Exercise,3,General Exercise: ಸತ್ಕಾರ,,,,
kannada-6thstd,General Exercise,32,ಕೆಳಗಿನ ಪ್ರಶ್ನೆಗಳಿಗೆ ಒಂದು ವಾಕ್ಯದಲ್ಲಿ ಉತ್ತರಿಸಿರಿ.,,,,
kannada-6thstd,General Exercise,1,ಸುಧಾಮ ಯಾವುದನ್ನು ಮಾನವಧರ್ಮ ಎನ್ನುತ್ತಾನೆ?,,,,
kannada-6thstd,General Exercise,2,ಯಾರಿಗಾಗಿ ಶ್ರೀಕೃಷ್ಣನ ಬಳಿ ಸಹಾಯ ಕೇಳಲು ಸುಧಾಮನ ಪತ್ನಿ ಹೇಳುತ್ತಾಳೆ?,,,,
kannada-6thstd,General Exercise,3,ಸುಧಾಮನ ಕಣ್ಣಲ್ಲಿ ನೀರು ಏಕೆ ಬಂತು?,,,,
kannada-6thstd,General Exercise,4,ಮನೆಗೆ ಮರಳಿದ ಸುಧಾಮನು ಏನನ್ನು ಕಂಡನು?,,,,
kannada-6thstd,General Exercise,5,ಸುಧಾಮನ ಮನೆಯನ್ನು ಕಟ್ಟಿಸಿದವರು ಯಾರು?,,,,
kannada-6thstd,General Exercise,1,ಕೃಷ್ಣ-ಸುಧಾಮರು ಗುರುಕುಲದಲ್ಲಿ ಕಳೆದ ದಿನಗಳನ್ನು ಪರಸ್ಪರ ನೆನಪಿಸಿಕೊಂಡದ್ದು,,,,
kannada-6thstd,General Exercise,2,ಕೃಷ್ಣನು ಸುಧಾಮನಿಗೆ ಮನೆ ಕಟ್ಟಿಸಿಕೊಟ್ಟ ಸಂದರ್ಭವನ್ನು ವಿವರಿಸಿರಿ.,,,,
kannada-6thstd,"ಕೆಳಗಿನ ಮಾತುಗಳನ್ನು ಯಾರು, ಯಾರಿಗೆ, ಯಾವಾಗ ಹೇಳಿದರು?",1,"ನನ್ನನ್ನು ಕಂಡರೆ ಅವನಿಗೆ ಅಪಾರ ಪ್ರೀತಿ, ಸ್ನೇಹ, ಗೌರವ.",,,,
kannada-6thstd,"ಕೆಳಗಿನ ಮಾತುಗಳನ್ನು ಯಾರು, ಯಾರಿಗೆ, ಯಾವಾಗ ಹೇಳಿದರು?",2,"ಹಸಿದಿರುವ ಮಕ್ಕಳಿಗೋಸ್ಕರವಾದರೂ ಹೋಗಿ ಕೇಳಿ,",,,,
kannada-6thstd,"ಕೆಳಗಿನ ಮಾತುಗಳನ್ನು ಯಾರು, ಯಾರಿಗೆ, ಯಾವಾಗ ಹೇಳಿದರು?",3,ನನಗೆ ಗುರುಕುಲದ ಜೀವನ ನೆನಪಾಗುತ್ತಿದೆ.,,,,
kannada-6thstd,"ಕೆಳಗಿನ ಮಾತುಗಳನ್ನು ಯಾರು, ಯಾರಿಗೆ, ಯಾವಾಗ ಹೇಳಿದರು?",4,ನಿಮಗೂ ರೇಷ್ಮೆಬಟ್ಟೆ ಕೊಟ್ಟಿದ್ದಾರೆ.,,,,
kannada-6thstd,"ಕೆಳಗಿನ ಮಾತುಗಳನ್ನು ಯಾರು, ಯಾರಿಗೆ, ಯಾವಾಗ ಹೇಳಿದರು?",2,ಗುಡ್ಡವನ್ನು ಬೆಟ್ಟ ಮಾಡು ಅಲ್ಪ ವಿಷಯವನ್ನು ದೊಡ್ಡದು ಮಾಡು.,,,,
kannada-6thstd,"ಕೆಳಗಿನ ಮಾತುಗಳನ್ನು ಯಾರು, ಯಾರಿಗೆ, ಯಾವಾಗ ಹೇಳಿದರು?",5,ಗುಬ್ಬಿ ಮೇಲೆ ಬ್ರಹ್ಮಾಸ್ತ್ರ - ಸಣ್ಣವರ ಮೇಲೆ ಬಲ ಪ್ರದರ್ಶನ.,,,,
kannada-6thstd,"ಕೆಳಗಿನ ಮಾತುಗಳನ್ನು ಯಾರು, ಯಾರಿಗೆ, ಯಾವಾಗ ಹೇಳಿದರು?",1,ಕೂತು ಉಣ್ಣುವವನಿಗೆ ಕುಡಿಕೆ ಹೊನ್ನು ಸಾಲದು.,,,,
kannada-6thstd,"ಕೆಳಗಿನ ಮಾತುಗಳನ್ನು ಯಾರು, ಯಾರಿಗೆ, ಯಾವಾಗ ಹೇಳಿದರು?",2,ನಾಲಿಗೆ ಚೆನ್ನಾಗಿದ್ದರೆ ನಾಡೆಲ್ಲಾ ಒಳ್ಳೆಯದು.,,,,
kannada-6thstd,"ಕೆಳಗಿನ ಮಾತುಗಳನ್ನು ಯಾರು, ಯಾರಿಗೆ, ಯಾವಾಗ ಹೇಳಿದರು?",3,ಕೈಕೆಸರಾದರೆ ಬಾಯಿ ಮೊಸರು.,,,,
kannada-6thstd,"ಕೆಳಗಿನ ಮಾತುಗಳನ್ನು ಯಾರು, ಯಾರಿಗೆ, ಯಾವಾಗ ಹೇಳಿದರು?",4,ದೂರದ ಬೆಟ್ಟ ಕಣ್ಣಿಗೆ ನುಣ್ಣಗೆ.,,,,
kannada-6thstd,"ಕೆಳಗಿನ ಮಾತುಗಳನ್ನು ಯಾರು, ಯಾರಿಗೆ, ಯಾವಾಗ ಹೇಳಿದರು?",5,ಕುಣಿಯಲಾರದವ ನೆಲ ಡೊಂಕು ಅಂದ.,,,,
kannada-6thstd,ಚರ್ಚಾಸ್ಪರ್ಧೆಗಳನ್ನು ಏರ್ಪಡಿಸುವುದು.,1,ಹಳ್ಳಿಜೀವನ ಚಂದವೋ? ಪಟ್ಟಣ ಜೀವನ ಚಂದವೋ?,,,,
kannada-6thstd,ಚರ್ಚಾಸ್ಪರ್ಧೆಗಳನ್ನು ಏರ್ಪಡಿಸುವುದು.,2,ನಮ್ಮ ಕೆಲಸ ಮಾತ್ರ ಮಾಡ್ಕೊಬೇಕಾ? ಬೇರೆಯವರ ಕೆಲಸ ಮಾಡಿ ಕೊಟ್ಟೇಕಾ?,,,,
kannada-6thstd,ಚರ್ಚಾಸ್ಪರ್ಧೆಗಳನ್ನು ಏರ್ಪಡಿಸುವುದು.,3,ಕಥೆ ಇಷ್ಟಾನಾ? ಹಾಡು ಇಷ್ಟಾನಾ? ಏಕೆ?,,,,
kannada-6thstd,ಕೃಷ್ಣ-ಅರ್ಜುನ-ಭೀಮ,1,ವಿದ್ಯಾರ್ಥಿಗಳನ್ನು ವೃತ್ತಾಕಾರವಾಗಿ ನಿಲ್ಲಿಸುವುದು.,,,,
kannada-6thstd,ಕೃಷ್ಣ-ಅರ್ಜುನ-ಭೀಮ,2,ಅವರ ಕಿವಿಯಲ್ಲಿ ಮೇಲಿನದೊಂದು ಹೆಸರನ್ನು ಹೇಳುತ್ತಾ ಬರುವುದು.,,,,
kannada-6thstd,ಕೃಷ್ಣ-ಅರ್ಜುನ-ಭೀಮ,3,ಯಾರುಯಾರಿಗೆ ಯಾವ ಹೆಸರು ಬಂದಿದೆಯೋ ಇನ್ನೊಬ್ಬರಿಗೆ ಹೇಳಬಾರದು.,,,,
kannada-6thstd,ಕೃಷ್ಣ-ಅರ್ಜುನ-ಭೀಮ,4,ಎಲ್ಲರನ್ನು ಸ್ವಲ್ಪ ಹಿಂದಕ್ಕೆ ಕಳಿಸುವುದು.,,,,
kannada-6thstd,ಕೃಷ್ಣ-ಅರ್ಜುನ-ಭೀಮ,5,ಹೆಸರಿಗೆ ತಕ್ಕಂತೆ ನಟನೆ ಮಾಡುತ್ತಾ ಒಂದೇ ಪಾತ್ರದವರು ಒಂದು ಕಡೆ ಸೇರಬೇಕು.,,,,
kannada-6thstd,ಕೃಷ್ಣ-ಅರ್ಜುನ-ಭೀಮ,6,"ಯಾವ ಪಾತ್ರದ ಗುಂಪು ಮೊದಲು ಸೇರುತ್ತದೋ ಅವರು ವಿಜಯಶಾಲಿಗಳು,",,,,
kannada-6thstd,ಕೆಳಗಿನ ಪ್ರಶ್ನೆಗಳಿಗೆ ಒಂದು ವಾಕ್ಯದಲ್ಲಿ ಉತ್ತರಿಸಿ:,2,ರಾಜಕುಮಾರ್‌ ಅವರ ಜನ್ಮಸ್ಥಳ ಯಾವುದು?,,,,
kannada-6thstd,ಕೆಳಗಿನ ಪ್ರಶ್ನೆಗಳಿಗೆ ಒಂದು ವಾಕ್ಯದಲ್ಲಿ ಉತ್ತರಿಸಿ:,3,ರಾಜಕುಮಾರ್ ಅವರ ತಂದೆ-ತಾಯಿ ಯಾರು?,,,,
kannada-6thstd,ಕೆಳಗಿನ ಪ್ರಶ್ನೆಗಳಿಗೆ ಒಂದು ವಾಕ್ಯದಲ್ಲಿ ಉತ್ತರಿಸಿ:,4,ನಾಯಕ ನಟರಾಗಿ ರಾಜಕುಮಾರ್‌ರವರು ನಟಿಸಿದ ಮೊದಲ ಚಿತ್ರ ಯಾವುದು?,,,,
kannada-6thstd,ಕೆಳಗಿನ ಪ್ರಶ್ನೆಗಳಿಗೆ ಒಂದು ವಾಕ್ಯದಲ್ಲಿ ಉತ್ತರಿಸಿ:,5,ಯಾವ ಚಿತ್ರದ ಗಾಯನಕ್ಕೆ ರಾಜಕುಮಾರ್ ಅವರಿಗೆ ರಾಷ್ಟ್ರ ಪ್ರಶಸ್ತಿ ದೊರೆತಿದೆ?,,,,
kannada-6thstd,ಕೆಳಗಿನ ಪ್ರಶ್ನೆಗಳಿಗೆ ಒಂದು ವಾಕ್ಯದಲ್ಲಿ ಉತ್ತರಿಸಿ:,6,ಕರ್ನಾಟಕ ಸರ್ಕಾರ ರಾಜಕುಮಾರ್ ಅವರಿಗೆ ನೀಡಿದ ಅತ್ಯುಚ್ಚ ಪುರಸ್ಕಾರ,,,,
kannada-6thstd,ಕೆಳಗಿನ ಪ್ರಶ್ನೆಗಳಿಗೆ ಎರಡು-ಮೂರು ವಾಕ್ಯಗಳಲ್ಲಿ ಉತ್ತರಿಸಿ:,3,ಅಭಿಮಾನಿಗಳು ರಾಜಕುಮಾರ್‌ರವರಿಗೆ ನೀಡಿದ,,,,
kannada-6thstd,ಕೆಳಗಿನ ಪ್ರಶ್ನೆಗಳಿಗೆ ಎರಡು-ಮೂರು ವಾಕ್ಯಗಳಲ್ಲಿ ಉತ್ತರಿಸಿ:,4,ರಾಜಕುಮಾರ್ ಅವರ ಹೃದಯ ಸಂಪನ್ನತೆಗೆ ಒಂದೆರಡು ಉದಾಹರಣೆ ನೀಡಿ.,,,,
kannada-6thstd,ಕೆಳಗಿನ ಪ್ರಶ್ನೆಗಳಿಗೆ ಐದು-ಆರು ವಾಕ್ಯಗಳಲ್ಲಿ ಉತ್ತರಿಸಿ:,1,ಮುತ್ತುರಾಯ ಸ್ವಾಮಿಯ ಹೆಸರೇ ಮುತ್ತುರಾಜ ಆಯಿತು.,,,,
kannada-6thstd,ಕೆಳಗಿನ ಪ್ರಶ್ನೆಗಳಿಗೆ ಐದು-ಆರು ವಾಕ್ಯಗಳಲ್ಲಿ ಉತ್ತರಿಸಿ:,2,ರಂಗಭೂಮಿ ಕೈ ಬೀಸಿ ಕರೆಯಿತು.,,,,
kannada-6thstd,ಕೆಳಗಿನ ಪ್ರಶ್ನೆಗಳಿಗೆ ಐದು-ಆರು ವಾಕ್ಯಗಳಲ್ಲಿ ಉತ್ತರಿಸಿ:,3,ಬೇರೆ ಭಾಷೆಯ ಚಿತ್ರಗಳಲ್ಲಿ ನಟಿಸಲು ಒಪ್ಪಲಿಲ್ಲ.,,,,
kannada-6thstd,ಕೆಳಗಿನ ಪ್ರಶ್ನೆಗಳಿಗೆ ಐದು-ಆರು ವಾಕ್ಯಗಳಲ್ಲಿ ಉತ್ತರಿಸಿ:,4,ಶ್ರದ್ಧೆಯಿದ್ದರೆ ಯಾವುದೂ ತೊಡಕಲ್ಲ.,,,,
kannada-6thstd,ಬಿಟ್ಟ ಸ್ಥಳಗಳನ್ನು ಸೂಕ್ತ ಉತ್ತರಗಳಿಂದ ತುಂಬಿರಿ:,3,ಬಿಟ್ಟ ಸ್ಥಳಗಳನ್ನು ಸೂಕ್ತ ಉತ್ತರಗಳಿಂದ ತುಂಬಿರಿ:: ರಾಜಕುಮಾರ್ ಮೊದಲಿಗೆ,,,,
kannada-6thstd,ಬಿಟ್ಟ ಸ್ಥಳಗಳನ್ನು ಸೂಕ್ತ ಉತ್ತರಗಳಿಂದ ತುಂಬಿರಿ:,4,ಮೈಸೂರು ವಿಶ್ವ ವಿದ್ಯಾಲಯವು ರಾಜಕುಮಾರ್‌ ಅವರಿಗೆ,,,,
kannada-6thstd,ಹೊಂದಿಸಿ ಬರೆಯಿರಿ.,1,ಹೊಂದಿಸಿ ಬರೆಯಿರಿ.: ಜನ್ಮಸ್ಥಳ,,,,
kannada-6thstd,ಹೊಂದಿಸಿ ಬರೆಯಿರಿ.,2,ಹೊಂದಿಸಿ ಬರೆಯಿರಿ.: ಮೊದಲ ಹೆಸರು,,,,
kannada-6thstd,ಹೊಂದಿಸಿ ಬರೆಯಿರಿ.,3,ಹೊಂದಿಸಿ ಬರೆಯಿರಿ.: ಜೀವನಚೈತ್ರ,,,,
kannada-6thstd,ಹೊಂದಿಸಿ ಬರೆಯಿರಿ.,4,ಹೊಂದಿಸಿ ಬರೆಯಿರಿ.: ಮೊದಲ ಚಿತ್ರ,,,,
kannada-6thstd,ಹೊಂದಿಸಿ ಬರೆಯಿರಿ.,5,ಹೊಂದಿಸಿ ಬರೆಯಿರಿ.: ಮೊದಲ ಗಾಯನ,,,,
kannada-6thstd,ಹೊಂದಿಸಿ ಬರೆಯಿರಿ.,1,ಮೇಲೆ + ಇಟ್ಟು = ಮೇಲಿಟ್ಟು,,,,
kannada-6thstd,ಹೊಂದಿಸಿ ಬರೆಯಿರಿ.,2,ಮುಳ್ಳು + ಅನ್ನು = ಮುಳ್ಳನ್ನು,,,,
kannada-6thstd,ಹೊಂದಿಸಿ ಬರೆಯಿರಿ.,1,ಹೊಲ + ಅನ್ನು = ಹೊಲವನ್ನು,,,,
kannada-6thstd,ಹೊಂದಿಸಿ ಬರೆಯಿರಿ.,1,ಕೋಪ + ಕೊಂಡು,,,,
kannada-6thstd,ಹೊಂದಿಸಿ ಬರೆಯಿರಿ.,2,ಮೈ + ತೊಳೆ,,,,
kannada-6thstd,ಹೊಂದಿಸಿ ಬರೆಯಿರಿ.,1,ಮೇಲೆ + ಇಟ್ಟುಕೊಂಡು ೨. ಶುಭ್ರ + ಆಯಿತು,,,,
kannada-6thstd,ಹೊಂದಿಸಿ ಬರೆಯಿರಿ.,3,ಬಂಡೆ + ಅನ್ನು,,,,
kannada-6thstd,General Exercise,1,General Exercise: ಬೇಸಿಗೆ,,,,
kannada-6thstd,General Exercise,1,ಸೂರ್ಯ ಏಕೆ ದುಡಿಯುತ್ತಿದ್ದಾನೆ?,,,,
kannada-6thstd,General Exercise,2,ಭೂಮಿಯ ಪೋಷಕ ಯಾರು?,,,,
kannada-6thstd,General Exercise,3,ಸೂರ್ಯ ಮರೆಯದೆ ಯಾವ ಕರ್ತವ್ಯ ಮಾಡುವನು?,,,,
kannada-6thstd,General Exercise,4,ಬಿರು ಬಿಸಿಲಿಗೆ ಯಾವುವು ಕಂಗಾಲಾಗಿಲ್ಲ?,,,,
kannada-6thstd,General Exercise,5,ಸೂರ್ಯನಿಂದ ಮಕ್ಕಳು ಕಲಿಯಬೇಕಾದ್ದೇನು?,,,,
kannada-6thstd,ಕೆಳಗಿನ ಪದಗಳಿಗೆ ತಲಾ ಎರಡು ಸಮಾನಾರ್ಥಕ ಪದಗಳನ್ನು ಬರೆಯಿರಿ.,1,ಕೆಳಗಿನ ಪದಗಳಿಗೆ ತಲಾ ಎರಡು ಸಮಾನಾರ್ಥಕ ಪದಗಳನ್ನು ಬರೆಯಿರಿ.: ಸೂರ್ಯ,,,,
kannada-6thstd,ಕೆಳಗಿನ ಪದಗಳಿಗೆ ತಲಾ ಎರಡು ಸಮಾನಾರ್ಥಕ ಪದಗಳನ್ನು ಬರೆಯಿರಿ.,2,ಕೆಳಗಿನ ಪದಗಳಿಗೆ ತಲಾ ಎರಡು ಸಮಾನಾರ್ಥಕ ಪದಗಳನ್ನು ಬರೆಯಿರಿ.: ಇಳೆ,,,,
kannada-6thstd,ಈ ಪದಗಳನ್ನು ಬಳಸಿ ಸ್ವಂತ ವಾಕ್ಯ ಬರೆಯಿರಿ.,1,ಪೋಷಕರು ೨) ಕರ್ತವ್ಯ,,,,
kannada-6thstd,ಈ ಪದಗಳನ್ನು ಬಳಸಿ ಸ್ವಂತ ವಾಕ್ಯ ಬರೆಯಿರಿ.,3,ಈ ಪದಗಳನ್ನು ಬಳಸಿ ಸ್ವಂತ ವಾಕ್ಯ ಬರೆಯಿರಿ.: ಪ್ರಕೃತಿ,,,,
kannada-6thstd,ಈ ಪದಗಳನ್ನು ಬಳಸಿ ಸ್ವಂತ ವಾಕ್ಯ ಬರೆಯಿರಿ.,4,ಈ ಪದಗಳನ್ನು ಬಳಸಿ ಸ್ವಂತ ವಾಕ್ಯ ಬರೆಯಿರಿ.: ಸಂಭ್ರಮ,,,,
kannada-6thstd,ಈ ಪದಗಳನ್ನು ಬಳಸಿ ಸ್ವಂತ ವಾಕ್ಯ ಬರೆಯಿರಿ.,3,ಈ ಪದಗಳನ್ನು ಬಳಸಿ ಸ್ವಂತ ವಾಕ್ಯ ಬರೆಯಿರಿ.: ಸಂಭ್ರಮ,,,,
kannada-6thstd,ಈ ಪದಗಳನ್ನು ಬಳಸಿ ಸ್ವಂತ ವಾಕ್ಯ ಬರೆಯಿರಿ.,4,ಈ ಪದಗಳನ್ನು ಬಳಸಿ ಸ್ವಂತ ವಾಕ್ಯ ಬರೆಯಿರಿ.: ಧನ್ಯತೆ,,,,
kannada-6thstd,General Exercise,2,ಹಾರುತ ತೇಲುತ ಮುಂದಕೆ ಸಾಗಿ ಚಂದ್ರನ,,,,
kannada-6thstd,General Exercise,3,ಪುಟ್ಟಿಯೇ ನಮ್ಮಿ ಮಂಗಳಗ್ರಹದ ದುರಂತ,,,,
kannada-6thstd,General Exercise,4,ಹಸಿರನು ಅಳಿಸದೆ ಗಿಡಮರ ಬೆಳೆಸಿ ಉಳಿಸುವೆವೆಂದಳು ಈ,,,,
kannada-6thstd,General Exercise,1,ಪುಟ್ಟಿಗೆ ಯಾರ ಹಾಗೆ ಹಾರುವ ಮನಸ್ಸಿತ್ತು?,,,,
kannada-6thstd,General Exercise,2,ಚಂದ್ರನ ಬಿಟ್ಟು ಮೇಲೆ ಹಾರಿದ ಪುಟ್ಟಿ ಎಲ್ಲಿಗೆ ಸೇರಿದಳು?,,,,
kannada-6thstd,General Exercise,3,ಪುಟ್ಟಿ ಯೋಗಿಗೆ ಏನೆಂದು ಕೇಳಿದಳು?,,,,
kannada-6thstd,General Exercise,4,ಮಂಗಳ ಗ್ರಹದಲ್ಲಿ ಬರ ಏಕೆ ಬಂದಿತು?,,,,
kannada-6thstd,General Exercise,5,ಪುಟ್ಟಿ ಜನರಲ್ಲಿ ಏನನ್ನು ಉಳಿಸಲು ಬೇಡಿದಳು?,,,,
kannada-6thstd,ಪದ್ಯಭಾಗವನ್ನು ಪೂರ್ಣಗೊಳಿಸಿರಿ.,1,ಪದ್ಯಭಾಗವನ್ನು ಪೂರ್ಣಗೊಳಿಸಿರಿ.: ಆಗಸದಲ್ಲಿ.,,,,
kannada-6thstd,ಪದ್ಯಭಾಗವನ್ನು ಪೂರ್ಣಗೊಳಿಸಿರಿ.,2,ಪದ್ಯಭಾಗವನ್ನು ಪೂರ್ಣಗೊಳಿಸಿರಿ.: ಮಳೆಬೆಳೆ.,,,,
kannada-6thstd,"ನಾಮಪದ, ನಾಮಪ್ರಕೃತಿ ಮತ್ತು ವಿಭಕ್ತಿ ಪ್ರತ್ಯಯಗಳನ್ನು ಗುರುತಿಸಿ ಬರೆಯಿರಿ.",1,ಗಗನ + ಅನ್ನು,,,,
kannada-6thstd,"ನಾಮಪದ, ನಾಮಪ್ರಕೃತಿ ಮತ್ತು ವಿಭಕ್ತಿ ಪ್ರತ್ಯಯಗಳನ್ನು ಗುರುತಿಸಿ ಬರೆಯಿರಿ.",2,ಶಾಲೆ + ಇಂದ,,,,
kannada-6thstd,ಕೊಟ್ಟಿರುವ ವಾಕ್ಯಗಳಲ್ಲಿರುವ ಗುಣವಾಚಕ(ವಿಶೇಷಣ)ಗಳನ್ನು ಗುರುತಿಸಿರಿ.,1,ಕೊಟ್ಟಿರುವ ವಾಕ್ಯಗಳಲ್ಲಿರುವ ಗುಣವಾಚಕ(ವಿಶೇಷಣ)ಗಳನ್ನು ಗುರುತಿಸಿರಿ.: ರಫೀಕ್‌ನದು ದೊಡ್ಡಮನೆ.,,,,
kannada-6thstd,ಕೊಟ್ಟಿರುವ ವಾಕ್ಯಗಳಲ್ಲಿರುವ ಗುಣವಾಚಕ(ವಿಶೇಷಣ)ಗಳನ್ನು ಗುರುತಿಸಿರಿ.,2,ಅವಳಿಗೆ ಹಸಿರು ಬಣ್ಣ ಇಷ್ಟ.,,,,
kannada-6thstd,ಕೊಟ್ಟಿರುವ ವಾಕ್ಯಗಳಲ್ಲಿರುವ ಗುಣವಾಚಕ(ವಿಶೇಷಣ)ಗಳನ್ನು ಗುರುತಿಸಿರಿ.,3,ಪುಟ್ಟಿಯು ಕಂಡಳು ಕೆಂಪು ಬಂಡೆಯನು.,,,,
kannada-6thstd,ಕೊಟ್ಟಿರುವ ವಾಕ್ಯಗಳಲ್ಲಿ ಸಂಖ್ಯಾವಾಚಕಗಳನ್ನು ಗುರುತಿಸಿ ಬರೆಯಿರಿ.,1,ಡೇವಿಡ್‌ ಊರಿನಲ್ಲಿ ನೂರು ಹಸುಗಳಿವೆ.,,,,
kannada-6thstd,ಕೊಟ್ಟಿರುವ ವಾಕ್ಯಗಳಲ್ಲಿ ಸಂಖ್ಯಾವಾಚಕಗಳನ್ನು ಗುರುತಿಸಿ ಬರೆಯಿರಿ.,2,ಪೂರ್ಣಚಂದ್ರನು ಬೆಳಿಗ್ಗೆ ಐದು ಗಂಟೆಗೆ ಏಳುತ್ತಾನೆ.,,,,
kannada-6thstd,ಕೊಟ್ಟಿರುವ ವಾಕ್ಯಗಳಲ್ಲಿ ಸಂಖ್ಯಾವಾಚಕಗಳನ್ನು ಗುರುತಿಸಿ ಬರೆಯಿರಿ.,3,ಒಂದು ದಿನ ಇದ್ದಕ್ಕಿದ್ದಂತೆ ಪುಟ್ಟಿಗೆ ರೆಕ್ಕೆಯು ಬಂದಿತ್ತು.,,,,
kannada-6thstd,ಕೊಟ್ಟಿರುವ ವಾಕ್ಯಗಳಲ್ಲಿ ಸಂಖ್ಯಾವಾಚಕಗಳನ್ನು ಗುರುತಿಸಿ ಬರೆಯಿರಿ.,1,ಡಾರ್ವಿನ್ನರು ಹೊಸ ಕೀಟವನ್ನು 'ಹಮ್‌ಗ್' ಎಂದು ಏಕೆ ಕರೆದರು?,,,,
kannada-6thstd,ಕೊಟ್ಟಿರುವ ವಾಕ್ಯಗಳಲ್ಲಿ ಸಂಖ್ಯಾವಾಚಕಗಳನ್ನು ಗುರುತಿಸಿ ಬರೆಯಿರಿ.,2,ಮಕ್ಕಳು ಚಿಟ್ಟೆಯ ರೆಕ್ಕೆಯನ್ನು ಯಾವುದಕ್ಕೆ ಅಂಟಿಸಿದರು?,,,,
kannada-6thstd,ಕೊಟ್ಟಿರುವ ವಾಕ್ಯಗಳಲ್ಲಿ ಸಂಖ್ಯಾವಾಚಕಗಳನ್ನು ಗುರುತಿಸಿ ಬರೆಯಿರಿ.,1,ಕೊಟ್ಟಿರುವ ವಾಕ್ಯಗಳಲ್ಲಿ ಸಂಖ್ಯಾವಾಚಕಗಳನ್ನು ಗುರುತಿಸಿ ಬರೆಯಿರಿ.: ವಿಮಾನ ನಿಲ್ದಾಣ,,,,
kannada-6thstd,ಕೊಟ್ಟಿರುವ ವಾಕ್ಯಗಳಲ್ಲಿ ಸಂಖ್ಯಾವಾಚಕಗಳನ್ನು ಗುರುತಿಸಿ ಬರೆಯಿರಿ.,2,ಕೊಟ್ಟಿರುವ ವಾಕ್ಯಗಳಲ್ಲಿ ಸಂಖ್ಯಾವಾಚಕಗಳನ್ನು ಗುರುತಿಸಿ ಬರೆಯಿರಿ.: ಬಂದರು,,,,
kannada-6thstd,ಕೊಟ್ಟಿರುವ ವಾಕ್ಯಗಳಲ್ಲಿ ಸಂಖ್ಯಾವಾಚಕಗಳನ್ನು ಗುರುತಿಸಿ ಬರೆಯಿರಿ.,3,ಪೌರಾಣಿಕ ನಾಟಕದ ಒಂದು ಸನ್ನಿವೇಶ,,,,
kannada-6thstd,ಕೊಟ್ಟಿರುವ ವಾಕ್ಯಗಳಲ್ಲಿ ಸಂಖ್ಯಾವಾಚಕಗಳನ್ನು ಗುರುತಿಸಿ ಬರೆಯಿರಿ.,4,ಉಪಗ್ರಹ ಉಡಾವಣೆಯ ದೃಶ್ಯ,,,,
kannada-6thstd,ಕೊಟ್ಟಿರುವ ವಾಕ್ಯಗಳಲ್ಲಿ ಸಂಖ್ಯಾವಾಚಕಗಳನ್ನು ಗುರುತಿಸಿ ಬರೆಯಿರಿ.,5,ವಸ್ತು ಪ್ರದರ್ಶನದ ಚಿತ್ರಗಳು,,,,
kannada-6thstd,ಕೊಟ್ಟಿರುವ ವಾಕ್ಯಗಳಲ್ಲಿ ಸಂಖ್ಯಾವಾಚಕಗಳನ್ನು ಗುರುತಿಸಿ ಬರೆಯಿರಿ.,6,ಕೊಟ್ಟಿರುವ ವಾಕ್ಯಗಳಲ್ಲಿ ಸಂಖ್ಯಾವಾಚಕಗಳನ್ನು ಗುರುತಿಸಿ ಬರೆಯಿರಿ.: ಕೃಷಿ ಯಂತ್ರೋಪಕರಣಗಳು,,,,
kannada-6thstd,ಕೊಟ್ಟಿರುವ ವಾಕ್ಯಗಳಲ್ಲಿ ಸಂಖ್ಯಾವಾಚಕಗಳನ್ನು ಗುರುತಿಸಿ ಬರೆಯಿರಿ.,7,ಕೊಟ್ಟಿರುವ ವಾಕ್ಯಗಳಲ್ಲಿ ಸಂಖ್ಯಾವಾಚಕಗಳನ್ನು ಗುರುತಿಸಿ ಬರೆಯಿರಿ.: ಕಾರ್ಖಾನೆಗಳು,,,,
kannada-6thstd,ಕೊಟ್ಟಿರುವ ವಾಕ್ಯಗಳಲ್ಲಿ ಸಂಖ್ಯಾವಾಚಕಗಳನ್ನು ಗುರುತಿಸಿ ಬರೆಯಿರಿ.,8,ಕೊಟ್ಟಿರುವ ವಾಕ್ಯಗಳಲ್ಲಿ ಸಂಖ್ಯಾವಾಚಕಗಳನ್ನು ಗುರುತಿಸಿ ಬರೆಯಿರಿ.: ಮಾಲ್‌ಗಳು,,,,
kannada-6thstd,General Exercise,1,ಯಾರು ಹೋದ ಮೇಲೆ ನಮ್ಮ ಬದುಕು ಮೊದಲಿನಂತೆ ಆಗಿದೆ ಎಂದು ಕವಿ,,,,
kannada-6thstd,General Exercise,2,ಕವಿ ಯಾವುದು ಪ್ರತಿನಿತ್ಯ ತಪ್ಪಿಲ್ಲ ನಮಗೆ ಎಂದಿದ್ದಾರೆ?,,,,
kannada-6thstd,General Exercise,3,ಕವಿ ಏನನ್ನು ಕಳೆದುಕೊಂಡ ಬರಡು ಗಿಡ ನಾವು ಎಂದಿದ್ದಾರೆ?,,,,
kannada-6thstd,General Exercise,4,ತಾಳಿ ತಾಳಿ ಒಮ್ಮೆ ಏನಾಗಿ ಕುಟುಕುವನು?,,,,
kannada-6thstd,General Exercise,5,ನೀ ಹೋದ ಮರುದಿನ' ಪದ್ಯವನ್ನು ಬರೆದವರು ಯಾರು?,,,,
kannada-6thstd,ಸ್ವಂತ ವಾಕ್ಯದಲ್ಲಿ ಬಳಸಿರಿ.,1,ಸ್ವಂತ ವಾಕ್ಯದಲ್ಲಿ ಬಳಸಿರಿ.: ಸ್ವಾತಂತ್ರ್ಯ,,,,
kannada-6thstd,ಸ್ವಂತ ವಾಕ್ಯದಲ್ಲಿ ಬಳಸಿರಿ.,4,ಸ್ವಂತ ವಾಕ್ಯದಲ್ಲಿ ಬಳಸಿರಿ.: ಕುಟುಕು,,,,
kannada-6thstd,ಸ್ವಂತ ವಾಕ್ಯದಲ್ಲಿ ಬಳಸಿರಿ.,2,ಸ್ವಂತ ವಾಕ್ಯದಲ್ಲಿ ಬಳಸಿರಿ.: ಬದುಕು,,,,
kannada-6thstd,ಸ್ವಂತ ವಾಕ್ಯದಲ್ಲಿ ಬಳಸಿರಿ.,3,ಸ್ವಂತ ವಾಕ್ಯದಲ್ಲಿ ಬಳಸಿರಿ.: ಸಂಭ್ರಮ,,,,
kannada-6thstd,ಈ ಪದ್ಯದ ಸಾರಾಂಶವನ್ನು ನಿಮ್ಮ ಮಾತುಗಳಲ್ಲಿ ಬರೆಯಿರಿ.,1,ಒಂದಾನೊಂದು ಕಾಲದಲ್ಲಿ ಒಂದು ದಟ್ಟವಾದ ಅರಣ್ಯವಿತ್ತು.,,,,
kannada-6thstd,ಈ ಪದ್ಯದ ಸಾರಾಂಶವನ್ನು ನಿಮ್ಮ ಮಾತುಗಳಲ್ಲಿ ಬರೆಯಿರಿ.,2,ಲಘುಪತನಕ ಮರದ ಮೇಲಕ್ಕೆ ಹಾರಿತು.,,,,
kannada-6thstd,ಈ ಪದ್ಯದ ಸಾರಾಂಶವನ್ನು ನಿಮ್ಮ ಮಾತುಗಳಲ್ಲಿ ಬರೆಯಿರಿ.,3,ತಾಯಿಗಿಂತ ಬಂಧುವಿಲ್ಲ; ಉಪ್ಪಿಗಿಂತ ರುಚಿಯಿಲ್ಲ.,,,,
kannada-6thstd,ಈ ಪದ್ಯದ ಸಾರಾಂಶವನ್ನು ನಿಮ್ಮ ಮಾತುಗಳಲ್ಲಿ ಬರೆಯಿರಿ.,4,ಅಷ್ಟು ಸಾಕು; ಮುಂದಿನದು ನನಗೆ ಬಿಡು.,,,,
kannada-6thstd,ಈ ಪದ್ಯದ ಸಾರಾಂಶವನ್ನು ನಿಮ್ಮ ಮಾತುಗಳಲ್ಲಿ ಬರೆಯಿರಿ.,5,"ಮಂಧರಕ, ಹಿರಣ್ಯರೋಮ, ಲಘುಪತನಕ ಮತ್ತು ಚಿತ್ರಾಂಗ ನಾಲ್ವರು ಗೆಳೆಯರು.",,,,
kannada-6thstd,ಈ ಪದ್ಯದ ಸಾರಾಂಶವನ್ನು ನಿಮ್ಮ ಮಾತುಗಳಲ್ಲಿ ಬರೆಯಿರಿ.,6,ಬೇಡನು ಕೂಡಲೆ ಮಂಧರಕನನ್ನು ಬಲೆಯನ್ನು ನೆಲಕ್ಕಿಳಿಸಿ ಹೊರಟನು.,,,,
kannada-6thstd,ಈ ಪದ್ಯದ ಸಾರಾಂಶವನ್ನು ನಿಮ್ಮ ಮಾತುಗಳಲ್ಲಿ ಬರೆಯಿರಿ.,7,ನೀನು ಏಕೆ ಓಡೋಡಿ ಬಂದೆ?,,,,
kannada-6thstd,ಈ ಪದ್ಯದ ಸಾರಾಂಶವನ್ನು ನಿಮ್ಮ ಮಾತುಗಳಲ್ಲಿ ಬರೆಯಿರಿ.,8,ಯಾರಿವರು? ಎಲ್ಲಿಂದ ಬಂದರು?,,,,
kannada-6thstd,ಈ ಪದ್ಯದ ಸಾರಾಂಶವನ್ನು ನಿಮ್ಮ ಮಾತುಗಳಲ್ಲಿ ಬರೆಯಿರಿ.,9,ಅಬ್ಬಾ! ಎಂಥ ಸೊಗಸಾದ ಹಾಡು.,,,,
kannada-6thstd,ಈ ಪದ್ಯದ ಸಾರಾಂಶವನ್ನು ನಿಮ್ಮ ಮಾತುಗಳಲ್ಲಿ ಬರೆಯಿರಿ.,4,ಮಗು ಮತ್ತು ಹಣ್ಣುಗಳು,,,,
kannada-6thstd,General Exercise,1,ಕವಿಯ ಪ್ರಕಾರ ಮಗು ಏನಾಗಬೇಕು?,,,,
kannada-6thstd,General Exercise,2,ಮಗು ಯಾವ ಹಣ್ಣಿನ ಹಾಗೆ ಬಾಗಬೇಕು?,,,,
kannada-6thstd,General Exercise,3,ಯಾವ ಹಣ್ಣಿನಂತೆ ಕುಗ್ಗಬೇಕು ಎಂದು ಕವಿಗಳು ಹೇಳುತ್ತಾರೆ?,,,,
kannada-6thstd,General Exercise,4,ಅಪರೂಪವಾದ ಹಣ್ಣು ಯಾವುದು?,,,,
kannada-6thstd,General Exercise,5,ಕಮರಿರುವ ಕಣ್ಣುಗಳಿಗೆ ಹೇಗೆ ಕಾಣಬೇಕು?,,,,
kannada-6thstd,ಬಿಟ್ಟಸ್ಥಳ ತುಂಬಿರಿ.,1,ಥಳ ಥಳ ಕೆಂಡ,,,,
kannada-6thstd,ಬಿಟ್ಟಸ್ಥಳ ತುಂಬಿರಿ.,2,ಬಿಟ್ಟಸ್ಥಳ ತುಂಬಿರಿ.: ಹಬ್ಬಿಕೋ,,,,
kannada-6thstd,ಬಿಟ್ಟಸ್ಥಳ ತುಂಬಿರಿ.,3,ಬಿಟ್ಟಸ್ಥಳ ತುಂಬಿರಿ.: ಎಲ್ಲರಿಗೂ,,,,
kannada-6thstd,ಬಿಟ್ಟಸ್ಥಳ ತುಂಬಿರಿ.,4,ಬಿಟ್ಟಸ್ಥಳ ತುಂಬಿರಿ.: ಬೆಲೆಯ,,,,
kannada-6thstd,ಬಿಟ್ಟಸ್ಥಳ ತುಂಬಿರಿ.,5,ಬಿಟ್ಟಸ್ಥಳ ತುಂಬಿರಿ.: ಸರಿಗಾತ್ರವಾಗಿ ಸಮನಿಸಲಿ,,,,
kannada-6thstd,ಈ ಪದಗಳನ್ನು ಬಿಡಿಸಿ ಬರೆಯಿರಿ.,1,ಈ ಪದಗಳನ್ನು ಬಿಡಿಸಿ ಬರೆಯಿರಿ.: ಹಣ್ಣಿನಂಗಡಿ,,,,
kannada-6thstd,ಈ ಪದಗಳನ್ನು ಬಿಡಿಸಿ ಬರೆಯಿರಿ.,2,ಈ ಪದಗಳನ್ನು ಬಿಡಿಸಿ ಬರೆಯಿರಿ.: ಕಣ್ಣರಳಿಸು,,,,
kannada-6thstd,ಈ ಪದಗಳನ್ನು ಬಿಡಿಸಿ ಬರೆಯಿರಿ.,3,ಈ ಪದಗಳನ್ನು ಬಿಡಿಸಿ ಬರೆಯಿರಿ.: ತುಂಟರೆಸೆಯುವ,,,,
kannada-6thstd,ಈ ಪದಗಳನ್ನು ಬಿಡಿಸಿ ಬರೆಯಿರಿ.,4,ಈ ಪದಗಳನ್ನು ಬಿಡಿಸಿ ಬರೆಯಿರಿ.: ಹುಳಿಗಟ್ಟುವುದು,,,,
kannada-6thstd,ಈ ಪದಗಳನ್ನು ಬಿಡಿಸಿ ಬರೆಯಿರಿ.,5,ಈ ಪದಗಳನ್ನು ಬಿಡಿಸಿ ಬರೆಯಿರಿ.: ನಿನ್ನೊಳಗೆ,,,,
kannada-6thstd,ಈ ಪದಗಳನ್ನು ಬಿಡಿಸಿ ಬರೆಯಿರಿ.,6,ಈ ಪದಗಳನ್ನು ಬಿಡಿಸಿ ಬರೆಯಿರಿ.: ಅಪರೂಪವಾಗು,,,,
kannada-6thstd,ಈ ಪದಗಳನ್ನು ಬಿಡಿಸಿ ಬರೆಯಿರಿ.,1,ನೌಕಾಸೇನೆ :- ಭಾರತೀಯ ನೌಕಾಸೇನೆ ಭೂಸೇನೆಯಷ್ಟೇ ಹಳೆಯದು.,,,,
kannada-6thstd,ಈ ಪದಗಳನ್ನು ಬಿಡಿಸಿ ಬರೆಯಿರಿ.,2,ಒಂದು ಬಿಲದೊಳಗೆ 'ಹಿರಣ್ಯರೋಮ' ಎಂಬ ಮೂಷಿಕವು ಮನೆಮಾಡಿಕೊಂಡಿತ್ತು.,,,,
kannada-6thstd,ಈ ಪದಗಳನ್ನು ಬಿಡಿಸಿ ಬರೆಯಿರಿ.,3,"“ಸ್ವಾಮಿ, ನನಗೆ ಅದೃಷ್ಟವಿಲ್ಲ. ಈಗಲೂ ನನ್ನ ಹೃದಯ ಅವನಿಗಾಗಿ ಮಿಡಿಯುತ್ತಿದೆ.",,,,
kannada-6thstd,ಈ ಪದಗಳನ್ನು ಬಿಡಿಸಿ ಬರೆಯಿರಿ.,1,ನಾಟ್ಯಕಲಾ ದುರಂಧರ ಮಹಮ್ಮದ್ ಪೀರ್,,,,
kannada-6thstd,ಕೆಳಗಿನ ಪ್ರಶ್ನೆಗಳಿಗೆ ಉತ್ತರಿಸಿರಿ :,1,ಕನ್ನಡ ರಾಘವ ಎಂದು ಪ್ರಸಿದ್ಧರಾದವರು ಯಾರು?,,,,
kannada-6thstd,ಕೆಳಗಿನ ಪ್ರಶ್ನೆಗಳಿಗೆ ಉತ್ತರಿಸಿರಿ :,2,ಮಹಮ್ಮದ್ ಪೀರ್ ಅವರು ಯಾರ ಆಶ್ರಯದಲ್ಲಿ ಬೆಳೆದರು?,,,,
kannada-6thstd,ಕೆಳಗಿನ ಪ್ರಶ್ನೆಗಳಿಗೆ ಉತ್ತರಿಸಿರಿ :,3,ಮಹಮ್ಮದ್ ಪೀರ್ ಅವರಿಗೆ ನಾಟಕದ ಅಭಿರುಚಿ ಯಾವಾಗ ಹತ್ತಿತು?,,,,
kannada-6thstd,ಕೆಳಗಿನ ಪ್ರಶ್ನೆಗಳಿಗೆ ಉತ್ತರಿಸಿರಿ :,4,ಮಹಮ್ಮದ್ ಪೀರ್ ಅವರ ಯಾವ ಪಾತ್ರಗಳು ವಿಶೇಷ ಖ್ಯಾತಿಗೆ ಪಾತ್ರವಾಗಿವೆ?,,,,
kannada-6thstd,ಕೆಳಗಿನ ಪ್ರಶ್ನೆಗಳಿಗೆ ಉತ್ತರಿಸಿರಿ :,5,ಮಹಮ್ಮದ್‌ ಪೀರ್‌ರವರ ತಂದೆ ತಾಯಿ ಹೆಸರೇನು?,,,,
kannada-6thstd,ಕೆಳಗಿನ ಪ್ರಶ್ನೆಗಳಿಗೆ ಉತ್ತರಿಸಿರಿ :,2,ಕೆಳಗಿನ ಪ್ರಶ್ನೆಗಳಿಗೆ ಉತ್ತರಿಸಿರಿ :: ಅವ್ವ,,,,
kannada-6thstd,ಕೆಳಗಿನ ಪ್ರಶ್ನೆಗಳಿಗೆ ಉತ್ತರಿಸಿರಿ :,1,ಕವಯಿತ್ರಿಯು ತಾಯಿಯ ಪಾದಕ್ಕೆ ಏನು ತರುತ್ತಾಳೆ?,,,,
kannada-6thstd,ಕೆಳಗಿನ ಪ್ರಶ್ನೆಗಳಿಗೆ ಉತ್ತರಿಸಿರಿ :,2,ಜಗತ್ತಿನಲ್ಲಿ ಮಿಗಿಲಾದುದು ಯಾವುದು?,,,,
kannada-6thstd,ಕೆಳಗಿನ ಪ್ರಶ್ನೆಗಳಿಗೆ ಉತ್ತರಿಸಿರಿ :,3,ತಾಯಿ ಮಗುವಿಗೆ ಏನನ್ನು ಕಲಿಸುತ್ತಾಳೆ?,,,,
kannada-6thstd,ಕೆಳಗಿನ ಪ್ರಶ್ನೆಗಳಿಗೆ ಉತ್ತರಿಸಿರಿ :,4,ಮಗು ಬಿದ್ದಾಗ ತಾಯಿ ಹೇಗೆ ರಮಿಸುತ್ತಾಳೆ?,,,,
kannada-6thstd,ಕೆಳಗಿನ ಪ್ರಶ್ನೆಗಳಿಗೆ ಉತ್ತರಿಸಿರಿ :,5,ತಾಯಿ ಮಗುವಿಗೆ ಏನನ್ನು ಕುಡಿಸುತ್ತಾಳೆ?,,,,
kannada-6thstd,General Exercise,0,"ರಾಷ್ಟ್ರೀಯ ಹಾಗೂ ರಾಜ್ಯ ಪಠ್ಯಕ್ರಮ ಚೌಕಟ್ಟುಗಳು ಮತ್ತು ಸಂವಿಧಾನದ ಆಶಯಗಳಿಗೆ ವ್ಯತಿರಿಕ್ತವಾಗದಂತೆ,",,,,
kannada-7thstd,General Exercise,8,"ವಿವಿಧ ವ್ಯಕ್ತಿಗಳು, ಸಂಘಟನೆಗಳು ಸ್ವಯಂ ಪ್ರೇರಣೆಯಿಂದ ಅಪಾರ ಶ್ರಮ ಹಾಗೂ ವ್ಯವಧಾನದಿಂದ ಪಠ್ಯಪುಸ್ತಕಗಳಲ್ಲಿರುವ",,,,
kannada-7thstd,General Exercise,5,ನಿರ್ದಿಷ್ಟ ಪಠ್ಯಗಳನ್ನು ಬೋಧಿಸುವ ಶಿಕ್ಷಕರಿಂದ ಪಡೆದುಕೊಂಡ ಅಭಿಪ್ರಾಯಗಳು ಸಹ ಪ್ರಸ್ತುತ ಪರಿಷ್ಕರಣೆಯಲ್ಲಿ ಅಪಾರ,,,,
kannada-7thstd,General Exercise,1,ಪುಟ್ಟಜ್ಜಿ ಪುಟ್ಟಜ್ಜಿ ಕತೆ ಹೇಳು,,,,
kannada-7thstd,ಕೊಟ್ಟಿರುವ ಪ್ರಶ್ನೆಗಳಿಗೆ ಒಂದು ವಾಕ್ಯದಲ್ಲಿ ಉತ್ತರಿಸಿ.,1,ಪುಟ್ಟಜ್ಜಿಯ ಬಳಿ ಹುಡುಗ ಯಾವ ಕತೆ ಹೇಳಬೇಕೆಂದು ಕೇಳಿದನು?,,,,
kannada-7thstd,ಕೊಟ್ಟಿರುವ ಪ್ರಶ್ನೆಗಳಿಗೆ ಒಂದು ವಾಕ್ಯದಲ್ಲಿ ಉತ್ತರಿಸಿ.,2,ಯುವಕ ಮನೆಯ ಮುಂದೆ ಏನು ಮಾಡಿದನು?,,,,
kannada-7thstd,ಕೊಟ್ಟಿರುವ ಪ್ರಶ್ನೆಗಳಿಗೆ ಒಂದು ವಾಕ್ಯದಲ್ಲಿ ಉತ್ತರಿಸಿ.,3,ಜಿಂಕೆಯ ಕುತ್ತಿಗೆಯಲ್ಲಿ ಏನಿತ್ತು?,,,,
kannada-7thstd,ಕೊಟ್ಟಿರುವ ಪ್ರಶ್ನೆಗಳಿಗೆ ಒಂದು ವಾಕ್ಯದಲ್ಲಿ ಉತ್ತರಿಸಿ.,4,ಹುಲಿ ಸೋತು ಏನು ಮಾಡಿತು?,,,,
kannada-7thstd,ಕೊಟ್ಟಿರುವ ಪ್ರಶ್ನೆಗಳಿಗೆ ಒಂದು ವಾಕ್ಯದಲ್ಲಿ ಉತ್ತರಿಸಿ.,5,ಯುವತಿ ಕರೆದುಕೊಂಡು ಹೋಗುತ್ತೇನೆ ಎಂದಾಗ ಚುಕ್ಕಿ ಏನು ಮಾಡಿತು?,,,,
kannada-7thstd,ಕೊಟ್ಟಿರುವ ಪ್ರಶ್ನೆಗಳಿಗೆ ಒಂದು ವಾಕ್ಯದಲ್ಲಿ ಉತ್ತರಿಸಿ.,6,ಹಳ್ಳದ ದಂಡೆಯ ಮೇಲಿನ ಊರು ಏನಾಯಿತು?,,,,
kannada-7thstd,ಕೊಟ್ಟಿರುವ ಪ್ರಶ್ನೆಗಳಿಗೆ ಎರಡು-ಮೂರು ವಾಕ್ಯಗಳಲ್ಲಿ ಉತ್ತರಿಸಿ.,1,ಹಳ್ಳ ಹರಿದು ಊರ ಜನರಿಗೆ ಏನು ಮಾಡಿದೆ?,,,,
kannada-7thstd,ಕೊಟ್ಟಿರುವ ಪ್ರಶ್ನೆಗಳಿಗೆ ಎರಡು-ಮೂರು ವಾಕ್ಯಗಳಲ್ಲಿ ಉತ್ತರಿಸಿ.,2,ಯುವಕ ಹಳ್ಳದ ಬಳಿಗೆ ಬಂದು ಏನು ಮಾಡಿದನು?,,,,
kannada-7thstd,ಕೊಟ್ಟಿರುವ ಪ್ರಶ್ನೆಗಳಿಗೆ ಎರಡು-ಮೂರು ವಾಕ್ಯಗಳಲ್ಲಿ ಉತ್ತರಿಸಿ.,3,ಹುಲಿ ಮತ್ತು ಯುವಕನ ನಡುವೆ ನಡೆದ ಸಂಭಾಷಣೆ ಏನು?,,,,
kannada-7thstd,ಕೊಟ್ಟಿರುವ ಪ್ರಶ್ನೆಗಳಿಗೆ ಎರಡು-ಮೂರು ವಾಕ್ಯಗಳಲ್ಲಿ ಉತ್ತರಿಸಿ.,4,ಜಿಂಕೆಯನ್ನು ನೋಡಿದ ಯುವತಿ ಏನು ಮಾಡಿದಳು?,,,,
kannada-7thstd,ಕೊಟ್ಟಿರುವ ಪ್ರಶ್ನೆಗಳಿಗೆ ಎರಡು-ಮೂರು ವಾಕ್ಯಗಳಲ್ಲಿ ಉತ್ತರಿಸಿ.,5,ಯುವಕ ಚುಕ್ಕಿಯ ಬಗೆಗೆ ಯುವತಿಗೆ ಏನು ಹೇಳಿದನು?,,,,
kannada-7thstd,ಈ ವಾಕ್ಯಗಳನ್ನು ಯಾರು ಯಾರಿಗೆ? ಹೇಳಿದರು ಎಂಬುದನ್ನು ಬರೆಯಿರಿ.,1,“ಯಾವುದಾದರೊಂದು ಹಾಡ್ಡತೆ ಹೇಳು.”,,,,
kannada-7thstd,ಈ ವಾಕ್ಯಗಳನ್ನು ಯಾರು ಯಾರಿಗೆ? ಹೇಳಿದರು ಎಂಬುದನ್ನು ಬರೆಯಿರಿ.,2,"“ಏಯ್! ಯುವಕ, ಈ ಜಿಂಕೆ ನನ್ನ ಆಹಾರ.”",,,,
kannada-7thstd,ಈ ವಾಕ್ಯಗಳನ್ನು ಯಾರು ಯಾರಿಗೆ? ಹೇಳಿದರು ಎಂಬುದನ್ನು ಬರೆಯಿರಿ.,3,“ಇದು ನಾವು ಸಾಕಿಕೊಂಡ ಜಿಂಕೆ.”,,,,
kannada-7thstd,ಈ ವಾಕ್ಯಗಳನ್ನು ಯಾರು ಯಾರಿಗೆ? ಹೇಳಿದರು ಎಂಬುದನ್ನು ಬರೆಯಿರಿ.,4,“ನಾನು ಚುಕ್ಕಿಯನ್ನು ಬಿಟ್ಟು ಇರಲಾರೆ.”,,,,
kannada-7thstd,ಈ ವಾಕ್ಯಗಳನ್ನು ಯಾರು ಯಾರಿಗೆ? ಹೇಳಿದರು ಎಂಬುದನ್ನು ಬರೆಯಿರಿ.,1,ಈ ಪಾಠದಲ್ಲಿ ಬಂದಿರುವ ಪ್ರಾಣಿಗಳ ಹೆಸರನ್ನು ಪಟ್ಟಿಮಾಡಿ.,,,,
kannada-7thstd,ಈ ವಾಕ್ಯಗಳನ್ನು ಯಾರು ಯಾರಿಗೆ? ಹೇಳಿದರು ಎಂಬುದನ್ನು ಬರೆಯಿರಿ.,2,ಈ ಪಾಠದಲ್ಲಿ ಬಂದಿರುವ ವ್ಯಕ್ತಿಗಳ ಹೆಸರನ್ನು ಪಟ್ಟಿಮಾಡಿ.,,,,
kannada-7thstd,ಈ ವಾಕ್ಯಗಳನ್ನು ಯಾರು ಯಾರಿಗೆ? ಹೇಳಿದರು ಎಂಬುದನ್ನು ಬರೆಯಿರಿ.,3,ಅಜ್ಜಿ ಮತ್ತು ಕತೆ ಕೇಳುವ ಹುಡುಗನ ಸಂಭಾಷಣೆ ಬರೆಯಿರಿ.,,,,
kannada-7thstd,ಈ ವಾಕ್ಯಗಳನ್ನು ಯಾರು ಯಾರಿಗೆ? ಹೇಳಿದರು ಎಂಬುದನ್ನು ಬರೆಯಿರಿ.,4,ಯುವಕ ಮತ್ತು ಯುವತಿಯ ನಡುವೆ ನಡೆದ ಸಂಭಾಷಣೆಯನ್ನು ಬರೆಯಿರಿ.,,,,
kannada-7thstd,ಕೆಳಗಿನ ಪದಗಳಿಗೆ ಅರ್ಥ ಬರೆಯಿರಿ.,1,ಕೆಳಗಿನ ಪದಗಳಿಗೆ ಅರ್ಥ ಬರೆಯಿರಿ.: ಪುಟ್ಟಜ್ಜಿ,,,,
kannada-7thstd,ಕೆಳಗಿನ ಪದಗಳಿಗೆ ಅರ್ಥ ಬರೆಯಿರಿ.,2,ಕೆಳಗಿನ ಪದಗಳಿಗೆ ಅರ್ಥ ಬರೆಯಿರಿ.: ಕಾಡು,,,,
kannada-7thstd,ಕೆಳಗಿನ ಪದಗಳಿಗೆ ಅರ್ಥ ಬರೆಯಿರಿ.,3,ಕೆಳಗಿನ ಪದಗಳಿಗೆ ಅರ್ಥ ಬರೆಯಿರಿ.: ಚುಕ್ಕಿ,,,,
kannada-7thstd,ಕೆಳಗಿನ ಪದಗಳಿಗೆ ಅರ್ಥ ಬರೆಯಿರಿ.,4,ಕೆಳಗಿನ ಪದಗಳಿಗೆ ಅರ್ಥ ಬರೆಯಿರಿ.: ಮದ್ದು,,,,
kannada-7thstd,ಕೆಳಗಿನ ಪದಗಳಿಗೆ ಅರ್ಥ ಬರೆಯಿರಿ.,5,ಕೆಳಗಿನ ಪದಗಳಿಗೆ ಅರ್ಥ ಬರೆಯಿರಿ.: ಹಳ್ಳದ ದಂಡೆ,,,,
kannada-7thstd,ಕೆಳಗಿನ ಪದಗಳಿಗೆ ಅರ್ಥ ಬರೆಯಿರಿ.,6,ಕೆಳಗಿನ ಪದಗಳಿಗೆ ಅರ್ಥ ಬರೆಯಿರಿ.: ಜಗಳ,,,,
kannada-7thstd,"ನಿಮ್ಮ ಮನೆಯಲ್ಲಿರುವ ಹಿರಿಯರಿಂದ ಒಂದು ಕಥೆಯನ್ನು ಕೇಳಿ ಬರೆದುಕೊಂಡು ಬನ್ನಿ,",1,"ವಸ್ತುವಾಚಕ ಅಥವಾ ನಾಮವಾಚಕ : ಯಾವುದೇ ವಸ್ತು, ವ್ಯಕ್ತಿ, ಪ್ರಾಣಿ ಹಾಗೂ ಸ್ಥಳಗಳಿಗೆ ಇರುವ",,,,
kannada-7thstd,ಅನ್ವರ್ಥನಾಮ : ವಸ್ತುವಿನ ರೂಪ ಹಾಗೂ ವ್ಯಕ್ತಿಯ ಗುಣಲಕ್ಷಣಗಳನ್ನಾಧರಿಸಿ ಅರ್ಥಕ್ಕೆ,2,"ಗುಣವಾಚಕ : ವಸ್ತು ಅಥವಾ ವ್ಯಕ್ತಿಗಳ ಗುಣ, ರೀತಿ ಸ್ವಭಾವಗಳನ್ನು ತಿಳಿಸುವ ವಿಶೇಷಣಗಳಿಗೆ",,,,
kannada-7thstd,ಅನ್ವರ್ಥನಾಮ : ವಸ್ತುವಿನ ರೂಪ ಹಾಗೂ ವ್ಯಕ್ತಿಯ ಗುಣಲಕ್ಷಣಗಳನ್ನಾಧರಿಸಿ ಅರ್ಥಕ್ಕೆ,3,ಸಂಖ್ಯಾವಾಚಕ : ಸಂಖ್ಯೆಯನ್ನು ಹೇಳುವ ಶಬ್ದಗಳೆಲ್ಲ ಸಂಖ್ಯಾ ವಾಚಕಗಳು.,,,,
kannada-7thstd,ಅನ್ವರ್ಥನಾಮ : ವಸ್ತುವಿನ ರೂಪ ಹಾಗೂ ವ್ಯಕ್ತಿಯ ಗುಣಲಕ್ಷಣಗಳನ್ನಾಧರಿಸಿ ಅರ್ಥಕ್ಕೆ,4,ಸಂಖ್ಯೆಯ ವಾಚಕ : ಸಂಖ್ಯೆಯಿಂದ ಕೂಡಿದ ವಸ್ತುಗಳನ್ನು ಹೇಳುವ ಶಬ್ದಗಳೆಲ್ಲಾ ಸಂಖ್ಯೆಯ ವಾಚಕಗಳು.,,,,
kannada-7thstd,ಅನ್ವರ್ಥನಾಮ : ವಸ್ತುವಿನ ರೂಪ ಹಾಗೂ ವ್ಯಕ್ತಿಯ ಗುಣಲಕ್ಷಣಗಳನ್ನಾಧರಿಸಿ ಅರ್ಥಕ್ಕೆ,5,ಭಾವನಾಮ : ವಸ್ತುಗಳ ಮತ್ತು ಕ್ರಿಯೆಯ ಭಾವವನ್ನು ತಿಳಿಸುವ ಶಬ್ದಗಳನ್ನು 'ಭಾವನಾಮ',,,,
kannada-7thstd,ಅನ್ವರ್ಥನಾಮ : ವಸ್ತುವಿನ ರೂಪ ಹಾಗೂ ವ್ಯಕ್ತಿಯ ಗುಣಲಕ್ಷಣಗಳನ್ನಾಧರಿಸಿ ಅರ್ಥಕ್ಕೆ,6,"ಪರಿಮಾಣ ವಾಚಕ : ವಸ್ತುಗಳ ಸಾಮಾನ್ಯ ಅಳತೆ, ಪರಿಮಾಣ, ಗಾತ್ರ ಇತ್ಯಾದಿಗಳನ್ನು ಹೇಳುವ",,,,
kannada-7thstd,ಅನ್ವರ್ಥನಾಮ : ವಸ್ತುವಿನ ರೂಪ ಹಾಗೂ ವ್ಯಕ್ತಿಯ ಗುಣಲಕ್ಷಣಗಳನ್ನಾಧರಿಸಿ ಅರ್ಥಕ್ಕೆ,7,ಪ್ರಕಾರ ವಾಚಕ : ವಸ್ತುಗಳ ಸ್ಥಿತಿ ಅಥವಾ ರೀತಿಗಳನ್ನು ತಿಳಿಸುವ ಶಬ್ದಗಳನ್ನು 'ಪ್ರಕಾರ ವಾಚಕ,,,,
kannada-7thstd,ಅನ್ವರ್ಥನಾಮ : ವಸ್ತುವಿನ ರೂಪ ಹಾಗೂ ವ್ಯಕ್ತಿಯ ಗುಣಲಕ್ಷಣಗಳನ್ನಾಧರಿಸಿ ಅರ್ಥಕ್ಕೆ,8,ದಿಗ್ವಾಚಕಗಳು : ದಿಕ್ಕುಗಳ ಹೆಸರನ್ನು ಸೂಚಿಸುವ ಶಬ್ದಗಳನ್ನು 'ದಿಗ್ವಾಚಕ' ಎನ್ನುವರು.,,,,
kannada-7thstd,ಅನ್ವರ್ಥನಾಮ : ವಸ್ತುವಿನ ರೂಪ ಹಾಗೂ ವ್ಯಕ್ತಿಯ ಗುಣಲಕ್ಷಣಗಳನ್ನಾಧರಿಸಿ ಅರ್ಥಕ್ಕೆ,9,ಸರ್ವನಾಮ : ನಾಮಪದಗಳ ಬದಲಾಗಿ ಬಳಸುವ ಪದಗಳಿಗೆ ಸರ್ವನಾಮಗಳು ಎನ್ನುವರು.,,,,
kannada-7thstd,General Exercise,1,"ಕಥೆಯಲ್ಲಿ ಇರುವ ಯುವಕ, ಯುವತಿ, ಕಥೆಗಾರ, ಹಳ್ಳಿ, ನದಿ ಇವುಗಳಿಗೆ ಅಂಕಿತ",,,,
kannada-7thstd,General Exercise,2,ಅಂಕಣದಲ್ಲಿರುವ ಪದಗಳಲ್ಲಿ ರೂಢನಾಮ ಮತ್ತು ಅಂಕಿತನಾಮಗಳನ್ನು ಗುರುತಿಸಿ ಪ್ರತ್ಯೇಕವಾಗಿ,,,,
kannada-7thstd,General Exercise,3,ಕೆಳಗಿನ ಪದಗಳಲ್ಲಿ ರೂಢನಾಮ ಮತ್ತು ಸರ್ವನಾಮಗಳನ್ನು ಗುರುತಿಸಿ ಪಟ್ಟಿಮಾಡಿ.,,,,
kannada-7thstd,General Exercise,4,"ಕೆಳಗಿನ ವಾಕ್ಯಗಳಲ್ಲಿ ಕಾಣುವ ಸರ್ವನಾಮಗಳ ಬದಲಿಗೆ ನಿಮಗಿಷ್ಟವಾದ ಹೆಸರಿಟ್ಟು ವಾಕ್ಯವನ್ನು ರಚಿಸಿ,",,,,
kannada-7thstd,General Exercise,2,ಸೀನಸೆಟ್ಟರು ನಮ್ಮ ಟೀಚರು,,,,
kannada-7thstd,ಕೊಟ್ಟಿರುವ ಪ್ರಶ್ನೆಗಳಿಗೆ ಒಂದು ವಾಕ್ಯದಲ್ಲಿ ಉತ್ತರಿಸಿ.,1,ಮಾಂಡವಿ ಟೀಚರ್ ಯಾರನ್ನು ಪರಿಚಯಿಸಿದರು?,,,,
kannada-7thstd,ಕೊಟ್ಟಿರುವ ಪ್ರಶ್ನೆಗಳಿಗೆ ಒಂದು ವಾಕ್ಯದಲ್ಲಿ ಉತ್ತರಿಸಿ.,2,ಸೀನಸೆಟ್ಟರು ಜಮೀನಿನಲ್ಲಿ ಏನನ್ನು ಬೆಳೆಯುತ್ತಿದ್ದರು?,,,,
kannada-7thstd,ಕೊಟ್ಟಿರುವ ಪ್ರಶ್ನೆಗಳಿಗೆ ಒಂದು ವಾಕ್ಯದಲ್ಲಿ ಉತ್ತರಿಸಿ.,3,ಮಕ್ಕಳು ಏನು ಹಾಕಿಕೊಂಡು ಗದ್ದೆಗೆ ಇಳಿದರು?,,,,
kannada-7thstd,ಕೊಟ್ಟಿರುವ ಪ್ರಶ್ನೆಗಳಿಗೆ ಒಂದು ವಾಕ್ಯದಲ್ಲಿ ಉತ್ತರಿಸಿ.,4,ಹಾಲಪ್ಪನ ಕಾಲನ್ನು ಏನು ಕಚ್ಚಿತು?,,,,
kannada-7thstd,ಕೊಟ್ಟಿರುವ ಪ್ರಶ್ನೆಗಳಿಗೆ ಒಂದು ವಾಕ್ಯದಲ್ಲಿ ಉತ್ತರಿಸಿ.,5,ಮನೆಯ ಅಟ್ಟ ಮಕ್ಕಳಿಗೆ ಯಾವ ಟವರ್ ಆಗಿ ಪರಿವರ್ತಿತಗೊಂಡಿತ್ತು?,,,,
kannada-7thstd,ಕೊಟ್ಟಿರುವ ಪ್ರಶ್ನೆಗಳಿಗೆ ಎರಡು-ಮೂರು ವಾಕ್ಯದಲ್ಲಿ ಉತ್ತರಿಸಿ.,1,ಸೀನಸೆಟ್ಟರ ವೇಷ ಹೇಗಿತ್ತು?,,,,
kannada-7thstd,ಕೊಟ್ಟಿರುವ ಪ್ರಶ್ನೆಗಳಿಗೆ ಎರಡು-ಮೂರು ವಾಕ್ಯದಲ್ಲಿ ಉತ್ತರಿಸಿ.,2,ಮಕ್ಕಳು ಸಸಿ ಕಿತ್ತ ಬಗೆ ಹೇಗಿತ್ತು?,,,,
kannada-7thstd,ಕೊಟ್ಟಿರುವ ಪ್ರಶ್ನೆಗಳಿಗೆ ಎರಡು-ಮೂರು ವಾಕ್ಯದಲ್ಲಿ ಉತ್ತರಿಸಿ.,3,ಹಾಲಪ್ಪನಿಗೆ ಹಾವು ಕಚ್ಚಿದಾಗ ಸೀನಸೆಟ್ಟರು ಏನು ಹೇಳಿದರು?,,,,
kannada-7thstd,ಕೊಟ್ಟಿರುವ ಪ್ರಶ್ನೆಗಳಿಗೆ ಎರಡು-ಮೂರು ವಾಕ್ಯದಲ್ಲಿ ಉತ್ತರಿಸಿ.,1,ಹಂಗಾರೆ ಸೀನಸೆಟ್ರು ನಮ್ಮ ಟೀಚರು,,,,
kannada-7thstd,ಕೊಟ್ಟಿರುವ ಪ್ರಶ್ನೆಗಳಿಗೆ ಎರಡು-ಮೂರು ವಾಕ್ಯದಲ್ಲಿ ಉತ್ತರಿಸಿ.,2,ಮುಂಚೆ ಸಸಿಗಳನ್ನು ಕೀಳಾಣ',,,,
kannada-7thstd,ಕೊಟ್ಟಿರುವ ಪ್ರಶ್ನೆಗಳಿಗೆ ಎರಡು-ಮೂರು ವಾಕ್ಯದಲ್ಲಿ ಉತ್ತರಿಸಿ.,3,ಇವತ್ತು ಪೂರಾ ಕಿತ್ತೇ ಹೋಗಾಣ',,,,
kannada-7thstd,ಕೊಟ್ಟಿರುವ ಪ್ರಶ್ನೆಗಳಿಗೆ ಎರಡು-ಮೂರು ವಾಕ್ಯದಲ್ಲಿ ಉತ್ತರಿಸಿ.,4,"""ಕೈ ಎಲ್ಲಿಗ್ ಹೋತು",,,,
kannada-7thstd,ಕೆಳಗೆ ನೀಡಿರುವ ಪದಗಳಲ್ಲಿ ಬೇಸಾಯಕ್ಕೆ ಸಂಬಂಧಿಸಿದ ಪದಗಳನ್ನು ಮತ್ತು,1,ಕೆಳಗೆ ನೀಡಿರುವ ಪದಗಳಲ್ಲಿ ಬೇಸಾಯಕ್ಕೆ ಸಂಬಂಧಿಸಿದ ಪದಗಳನ್ನು ಮತ್ತು: ಶಿಶುಪ್ರಾಸಗಳು,,,,
kannada-7thstd,ಕೆಳಗೆ ನೀಡಿರುವ ಪದಗಳಲ್ಲಿ ಬೇಸಾಯಕ್ಕೆ ಸಂಬಂಧಿಸಿದ ಪದಗಳನ್ನು ಮತ್ತು,2,ಕೆಳಗೆ ನೀಡಿರುವ ಬಂಡಿ ಆಟದಲ್ಲಿ ಬಿಟ್ಟ ಪದಗಳನ್ನು ತುಂಬಿ.,,,,
kannada-7thstd,ಕೆಳಗೆ ನೀಡಿರುವ ಪದಗಳಲ್ಲಿ ಬೇಸಾಯಕ್ಕೆ ಸಂಬಂಧಿಸಿದ ಪದಗಳನ್ನು ಮತ್ತು,1,ಪುರುಷಾರ್ಥಕ ಸರ್ವನಾಮ : ಪುರುಷಾರ್ಥಕ ಸರ್ವನಾಮಗಳಲ್ಲಿ ಮೂರು ವಿಧ.,,,,
kannada-7thstd,ಪ್ರಥಮ ಪುರುಷ : ಮಾತನಾಡುವವನಿಂದ ಹತ್ತಿರ ಅಥವಾ ದೂರವಿರುವ ವ್ಯಕ್ತಿ,2,ಆತ್ಮಾರ್ಥಕ ಸರ್ವನಾಮ : ಮಾತನಾಡುವವನು ತನ್ನನ್ನು ಹಾಗೂ ಇತರರನ್ನು ಗೌರವ,,,,
kannada-7thstd,ಪ್ರಥಮ ಪುರುಷ : ಮಾತನಾಡುವವನಿಂದ ಹತ್ತಿರ ಅಥವಾ ದೂರವಿರುವ ವ್ಯಕ್ತಿ,3,ಪ್ರಶ್ನಾರ್ಥಕ ಸರ್ವನಾಮ : ಪ್ರಶ್ನೆಯಿಂದ ಕೂಡಿದ ಎಲ್ಲ ಸರ್ವನಾಮಗಳನ್ನು ಪ್ರಶ್ನಾರ್ಥಕ,,,,
kannada-7thstd,General Exercise,3,ಹಿಲ್ಟನ್ ಹೆಡ್ ಚಳವಳಿ,,,,
kannada-7thstd,ಕೊಟ್ಟಿರುವ ಪ್ರಶ್ನೆಗಳಿಗೆ ಒಂದು ವಾಕ್ಯದಲ್ಲಿ ಉತ್ತರಿಸಿ.,1,ಹಿಲ್ಟನ್ ಹೆಡ್ ದ್ವೀಪ ಯಾವ ಸಾಗರದಲ್ಲಿದೆ?,,,,
kannada-7thstd,ಕೊಟ್ಟಿರುವ ಪ್ರಶ್ನೆಗಳಿಗೆ ಒಂದು ವಾಕ್ಯದಲ್ಲಿ ಉತ್ತರಿಸಿ.,2,ಅಮೆರಿಕದಲ್ಲಿ ವಾಸವಾಗಿದ್ದ ಮೂಲನಿವಾಸಿಗಳನ್ನು ಏನೆನ್ನುತ್ತಾರೆ?,,,,
kannada-7thstd,ಕೊಟ್ಟಿರುವ ಪ್ರಶ್ನೆಗಳಿಗೆ ಒಂದು ವಾಕ್ಯದಲ್ಲಿ ಉತ್ತರಿಸಿ.,3,ಹಿಲ್ಟನ್ ಹೆಡ್‌ನಲ್ಲಿ ಬಂದಿಳಿಯುವ ಶ್ರೀಮಂತರ ಉಡುಗೆ ತೊಡುಗೆ ಹೇಗಿತ್ತು?,,,,
kannada-7thstd,ಕೊಟ್ಟಿರುವ ಪ್ರಶ್ನೆಗಳಿಗೆ ಒಂದು ವಾಕ್ಯದಲ್ಲಿ ಉತ್ತರಿಸಿ.,4,ಹಿಲ್ಟನ್ ಹೆಡ್ ದ್ವೀಪದಲ್ಲಿ ಏನೇನು ಕ್ರೀಡೆಗಳನ್ನು ಆಯೋಜಿಸಲಾಗುತ್ತಿತ್ತು?,,,,
kannada-7thstd,ಕೊಟ್ಟಿರುವ ಪ್ರಶ್ನೆಗಳಿಗೆ ಒಂದು ವಾಕ್ಯದಲ್ಲಿ ಉತ್ತರಿಸಿ.,5,ಕಡಲತಡಿಯ ಲೈಟ್‌ಹೌಸನ್ನೇರಿದರೆ ಯಾವ ಚಿತ್ರಣವು ಕಾಣಸಿಗುತ್ತದೆ?,,,,
kannada-7thstd,ಕೊಟ್ಟಿರುವ ಪ್ರಶ್ನೆಗಳಿಗೆ ಒಂದು ವಾಕ್ಯದಲ್ಲಿ ಉತ್ತರಿಸಿ.,6,ಹಿಲ್ಟನ್‌ ಹೆಡ್‌ನಲ್ಲಿರುವ ಸ್ಮಾರಕ ಯಾವುದು?,,,,
kannada-7thstd,ಕೊಟ್ಟಿರುವ ಪ್ರಶ್ನೆಗಳಿಗೆ ಎರಡು-ಮೂರು ವಾಕ್ಯಗಳಲ್ಲಿ ಉತ್ತರಿಸಿ.,1,ಯುರೋಪಿಯನ್ನರು ಬಂದ ಮೇಲೆ ಹಿಲ್ಟನ್ ಹೆಡ್‌ನಲ್ಲಿ ಏನೇನು ಬದಲಾವಣೆಗಳಾದವು?,,,,
kannada-7thstd,ಕೊಟ್ಟಿರುವ ಪ್ರಶ್ನೆಗಳಿಗೆ ಎರಡು-ಮೂರು ವಾಕ್ಯಗಳಲ್ಲಿ ಉತ್ತರಿಸಿ.,2,ಹಿಲ್ಟನ್ ಹೆಡ್ ಮೊದಲು ಹೇಗಿತ್ತು?,,,,
kannada-7thstd,ಕೊಟ್ಟಿರುವ ಪ್ರಶ್ನೆಗಳಿಗೆ ಎರಡು-ಮೂರು ವಾಕ್ಯಗಳಲ್ಲಿ ಉತ್ತರಿಸಿ.,3,ಹಿಲ್ಟನ್ ಹೆಡ್‌ ಸ್ಮಾರಕ ಮರದ ಬಗ್ಗೆ ವಿವರಿಸಿ.,,,,
kannada-7thstd,ಕೊಟ್ಟಿರುವ ಪ್ರಶ್ನೆಗಳಿಗೆ ಎರಡು-ಮೂರು ವಾಕ್ಯಗಳಲ್ಲಿ ಉತ್ತರಿಸಿ.,4,ಹಿಲ್ಟನ್ ಹೆಡ್ ದ್ವೀಪದಲ್ಲಿ ಏನೇನು ಕಟ್ಟಡಗಳು ನಿರ್ಮಾಣಗೊಂಡವು?,,,,
kannada-7thstd,ಕೊಟ್ಟಿರುವ ಪ್ರಶ್ನೆಗಳಿಗೆ ಎರಡು-ಮೂರು ವಾಕ್ಯಗಳಲ್ಲಿ ಉತ್ತರಿಸಿ.,5,ಹಿಲ್ಟನ್‌ ಹೆಡ್‌ನಲ್ಲಿ ಪರಿಸರ ಹೋರಾಟ ಹೇಗೆ ಪ್ರಾರಂಭವಾಯಿತು?,,,,
kannada-7thstd,ಬಿಟ್ಟಸ್ಥಳ ತುಂಬಿರಿ.,1,ಯುರೋಪಿಯನ್ನರ ಆಗಮನವಾದ ಮೇಲೆ ಅಮೆರಿಂಡಿಯನ್ನರ ಸಮುದಾಯವು,,,,
kannada-7thstd,ಬಿಟ್ಟಸ್ಥಳ ತುಂಬಿರಿ.,2,ಅಟ್ಲಾಂಟಿಕ್ ಸಾಗರವು ಅಮೆರಿಕದ,,,,
kannada-7thstd,ಬಿಟ್ಟಸ್ಥಳ ತುಂಬಿರಿ.,3,ಬಿಟ್ಟಸ್ಥಳ ತುಂಬಿರಿ.: ವಿಧಿಯಿಲ್ಲದೆ ಕೊನೆಗೆ,,,,
kannada-7thstd,ಬಿಟ್ಟಸ್ಥಳ ತುಂಬಿರಿ.,4,ಬಿಟ್ಟಸ್ಥಳ ತುಂಬಿರಿ.: ಕಟ್ಟಡಗಳಿಗೆ ತೋರುತ್ತಿದ್ದ,,,,
kannada-7thstd,ಬಿಟ್ಟಸ್ಥಳ ತುಂಬಿರಿ.,5,ದ್ವೀಪದ ಸೌಂದರ್ಯವನ್ನು ಹೆಚ್ಚಿಸಿಕೊಳ್ಳಲು ಮೊದಲು ಎಲ್ಲರೂ ಸೇರಿ,,,,
kannada-7thstd,ಬಿಟ್ಟಸ್ಥಳ ತುಂಬಿರಿ.,1,ಬಿಟ್ಟಸ್ಥಳ ತುಂಬಿರಿ.: ಲಾಭ,,,,
kannada-7thstd,ಬಿಟ್ಟಸ್ಥಳ ತುಂಬಿರಿ.,2,ಬಿಟ್ಟಸ್ಥಳ ತುಂಬಿರಿ.: ಚುರುಕು,,,,
kannada-7thstd,ಬಿಟ್ಟಸ್ಥಳ ತುಂಬಿರಿ.,3,ಬಿಟ್ಟಸ್ಥಳ ತುಂಬಿರಿ.: ಪುರಾತನ,,,,
kannada-7thstd,ಬಿಟ್ಟಸ್ಥಳ ತುಂಬಿರಿ.,4,ಬಿಟ್ಟಸ್ಥಳ ತುಂಬಿರಿ.: ಪ್ರಸಿದ್ಧ,,,,
kannada-7thstd,ಬಿಟ್ಟಸ್ಥಳ ತುಂಬಿರಿ.,5,ಬಿಟ್ಟಸ್ಥಳ ತುಂಬಿರಿ.: ಸಾಧಾರಣ,,,,
kannada-7thstd,ಈ ಕೆಳಗಿನ ಪದಗಳನ್ನು ಬಳಸಿಕೊಂಡು ವಾಕ್ಯಗಳನ್ನು ರಚಿಸಿರಿ.,1,ಈ ಕೆಳಗಿನ ಪದಗಳನ್ನು ಬಳಸಿಕೊಂಡು ವಾಕ್ಯಗಳನ್ನು ರಚಿಸಿರಿ.: ಭರಾಟೆ,,,,
kannada-7thstd,ಈ ಕೆಳಗಿನ ಪದಗಳನ್ನು ಬಳಸಿಕೊಂಡು ವಾಕ್ಯಗಳನ್ನು ರಚಿಸಿರಿ.,2,ಈ ಕೆಳಗಿನ ಪದಗಳನ್ನು ಬಳಸಿಕೊಂಡು ವಾಕ್ಯಗಳನ್ನು ರಚಿಸಿರಿ.: ಸುಧಾರಣೆ,,,,
kannada-7thstd,ಈ ಕೆಳಗಿನ ಪದಗಳನ್ನು ಬಳಸಿಕೊಂಡು ವಾಕ್ಯಗಳನ್ನು ರಚಿಸಿರಿ.,3,ಈ ಕೆಳಗಿನ ಪದಗಳನ್ನು ಬಳಸಿಕೊಂಡು ವಾಕ್ಯಗಳನ್ನು ರಚಿಸಿರಿ.: ಸಾರ್ವಭೌಮ,,,,
kannada-7thstd,ಈ ಕೆಳಗಿನ ಪದಗಳನ್ನು ಬಳಸಿಕೊಂಡು ವಾಕ್ಯಗಳನ್ನು ರಚಿಸಿರಿ.,4,ಈ ಕೆಳಗಿನ ಪದಗಳನ್ನು ಬಳಸಿಕೊಂಡು ವಾಕ್ಯಗಳನ್ನು ರಚಿಸಿರಿ.: ದೌಲತ್ತು,,,,
kannada-7thstd,ಈ ಕೆಳಗಿನ ಪದಗಳನ್ನು ಬಳಸಿಕೊಂಡು ವಾಕ್ಯಗಳನ್ನು ರಚಿಸಿರಿ.,5,ಈ ಕೆಳಗಿನ ಪದಗಳನ್ನು ಬಳಸಿಕೊಂಡು ವಾಕ್ಯಗಳನ್ನು ರಚಿಸಿರಿ.: ಹೊಯ್ದಾಟ,,,,
kannada-7thstd,ಈ ಕೆಳಗಿನ ಪದಗಳನ್ನು ಬಳಸಿಕೊಂಡು ವಾಕ್ಯಗಳನ್ನು ರಚಿಸಿರಿ.,7,ಈ ಕೆಳಗಿನ ಪದಗಳನ್ನು ಬಳಸಿಕೊಂಡು ವಾಕ್ಯಗಳನ್ನು ರಚಿಸಿರಿ.: ಅಭಿಮಾನಿ,,,,
kannada-7thstd,ಚಟುವಟಿಕೆ.,1,"ನಿಮ್ಮೂರಿನಲ್ಲಿ ನಡೆದಿರುವ ಸಾಮಾಜಿಕ ಚಳವಳಿಗಳ ಬಗ್ಗೆ ಮಾಹಿತಿ ಸಂಗ್ರಹಿಸಿ,",,,,
kannada-7thstd,ಚಟುವಟಿಕೆ.,2,"ಹಿಲ್ಟನ್ ಹೆಡ್‌ನಲ್ಲಿ ನಡೆದ ಪರಿಸರ ಚಳವಳಿಯ ಬಗ್ಗೆ ಮಾಹಿತಿ, ಚಿತ್ರಗಳನ್ನು ಸಂಗ್ರಹಿಸಿ,",,,,
kannada-7thstd,ಚಟುವಟಿಕೆ.,3,“ಪರಿಸರವಿದ್ದರೆ ನಾವು” ವಿಷಯದ ಬಗ್ಗೆ ಚರ್ಚಾಸ್ಪರ್ಧೆ ಏರ್ಪಡಿಸಿ.,,,,
kannada-7thstd,ರಾಜು ಮನೆಯಿಂದ ಬಂದನು.,0,ರಾಜು ಮನೆಯಿಂದ ಬಂದನು.: ಪ್ರಥಮ,,,,
kannada-7thstd,ರಾಜು ಮನೆಯಿಂದ ಬಂದನು.,4,ರಾಜು ಮನೆಯಿಂದ ಬಂದನು.: ಮೈಲಾರ ಮಹಾದೇವ,,,,
kannada-7thstd,ಕೊಟ್ಟಿರುವ ಪ್ರಶ್ನೆಗಳಿಗೆ ಒಂದು ವಾಕ್ಯದಲ್ಲಿ ಉತ್ತರಿಸಿ.,1,ಮೋಟೆಬೆನ್ನೂರು ಎಂಬ ಹಳ್ಳಿ ಯಾವ ಜಿಲ್ಲೆಯಲ್ಲಿದೆ?,,,,
kannada-7thstd,ಕೊಟ್ಟಿರುವ ಪ್ರಶ್ನೆಗಳಿಗೆ ಒಂದು ವಾಕ್ಯದಲ್ಲಿ ಉತ್ತರಿಸಿ.,2,ಯಾವ ಬಟ್ಟೆಗಳ ವಿಚಾರ ಯಾವಾಗಲೂ ಮೈಲಾರರ ಮನಸ್ಸಿನಲ್ಲಿ ಗುನುಗುಡುತ್ತಿತ್ತು?,,,,
kannada-7thstd,ಕೊಟ್ಟಿರುವ ಪ್ರಶ್ನೆಗಳಿಗೆ ಒಂದು ವಾಕ್ಯದಲ್ಲಿ ಉತ್ತರಿಸಿ.,3,ಮಹಾದೇವನಿಗೆ ಗಾಂಧಿಯವರೊಡನೆ ಯಾವ ಆಶ್ರಮದಲ್ಲಿ ಇರಬೇಕೆಂದು ಆಸೆಯಾಯಿತು?,,,,
kannada-7thstd,ಕೊಟ್ಟಿರುವ ಪ್ರಶ್ನೆಗಳಿಗೆ ಒಂದು ವಾಕ್ಯದಲ್ಲಿ ಉತ್ತರಿಸಿ.,4,ವಿಜಯಪುರ ಜಿಲ್ಲೆಯಲ್ಲಿ ಯಾವ ಗ್ರಾಮದಲ್ಲಿ ಖಾದಿ ಬಟ್ಟೆಗಳನ್ನು ತಯಾರು ಮಾಡುತ್ತಿದ್ದರು?,,,,
kannada-7thstd,ಕೊಟ್ಟಿರುವ ಪ್ರಶ್ನೆಗಳಿಗೆ ಒಂದು ವಾಕ್ಯದಲ್ಲಿ ಉತ್ತರಿಸಿ.,5,೧೯೪೨ರಲ್ಲಿ ಗಾಂಧೀಜಿಯವರು ಯಾವ ಘೋಷಣೆ ಮಾಡಿದರು?,,,,
kannada-7thstd,ಕೊಟ್ಟಿರುವ ಪ್ರಶ್ನೆಗಳಿಗೆ ಒಂದು ವಾಕ್ಯದಲ್ಲಿ ಉತ್ತರಿಸಿ.,6,ಮಹಾದೇವ ಅವರು ಎಲ್ಲಿ ಪೊಲೀಸರ ಬಂದೂಕು ಅಪಹರಿಸಿದರು?,,,,
kannada-7thstd,ಕೆಳಗಿನ ಪ್ರಶ್ನೆಗಳಿಗೆ ಎರಡು-ಮೂರು ವಾಕ್ಯಗಳಲ್ಲಿ ಉತ್ತರಿಸಿ.,1,ಮಹಾದೇವ ಕಲಾದಗಿ ಎಂಬ ಒಂದು ಗ್ರಾಮಕ್ಕೆ ಹೋಗಿ ಏನು ತಿಳಿದುಕೊಂಡರು?,,,,
kannada-7thstd,ಕೆಳಗಿನ ಪ್ರಶ್ನೆಗಳಿಗೆ ಎರಡು-ಮೂರು ವಾಕ್ಯಗಳಲ್ಲಿ ಉತ್ತರಿಸಿ.,2,ದಂಡಿಯಾತ್ರೆಯಲ್ಲಿ ಹೆಜ್ಜೆ ಹಾಕಿದ ಮಹಾದೇವರಿಗೆ ಆದ ಶಿಕ್ಷೆ ಏನು?,,,,
kannada-7thstd,ಕೆಳಗಿನ ಪ್ರಶ್ನೆಗಳಿಗೆ ಎರಡು-ಮೂರು ವಾಕ್ಯಗಳಲ್ಲಿ ಉತ್ತರಿಸಿ.,3,ಮಹಾದೇವ ಮತ್ತು ಸಿದ್ಧಮತಿ ಇಬ್ಬರೂ ಸೇವಾಶ್ರಮದ ಸಂಚಾಲಕರಾಗಿ ಮಾಡಿದ,,,,
kannada-7thstd,ಕೆಳಗಿನ ಪ್ರಶ್ನೆಗಳಿಗೆ ಎರಡು-ಮೂರು ವಾಕ್ಯಗಳಲ್ಲಿ ಉತ್ತರಿಸಿ.,4,ಮಹಾದೇವ ರಕ್ತದ ಮಡುವಿನಲ್ಲಿ ಬಿದ್ದದ್ದು ಏಕೆ?,,,,
kannada-7thstd,ಕೆಳಗಿನ ಪ್ರಶ್ನೆಗಳಿಗೆ ಐದು-ಆರು ವಾಕ್ಯಗಳಲ್ಲಿ ಉತ್ತರಿಸಿ.,1,ಮಹಾದೇವ ಅವರು ಜೈಲಿನಿಂದ ಬಿಡುಗಡೆಯಾದ ಮೇಲೆ ಮಾಡಿದ ಕಾರ್ಯಗಳಾವುವು?,,,,
kannada-7thstd,ಕೆಳಗಿನ ಪ್ರಶ್ನೆಗಳಿಗೆ ಐದು-ಆರು ವಾಕ್ಯಗಳಲ್ಲಿ ಉತ್ತರಿಸಿ.,2,ಬ್ರಿಟಿಷರು ಭಾರತ ಬಿಟ್ಟು ತೊಲಗಬೇಕಾದರೆ ಏನು ಮಾಡಬೇಕೆಂದು ಮಹಾದೇವ,,,,
kannada-7thstd,ಕೆಳಗಿನ ಪ್ರಶ್ನೆಗಳಿಗೆ ಐದು-ಆರು ವಾಕ್ಯಗಳಲ್ಲಿ ಉತ್ತರಿಸಿ.,3,ಹೊಸರಿತ್ತಿಯಲ್ಲಿ ನಡೆದ ಘಟನೆಗಳಾವುವು?,,,,
kannada-7thstd,ಕೆಳಗಿನ ಪ್ರಶ್ನೆಗಳಿಗೆ ಐದು-ಆರು ವಾಕ್ಯಗಳಲ್ಲಿ ಉತ್ತರಿಸಿ.,1,ಪ್ರಾಥಮಿಕ ನಂತರದ ವಿದ್ಯಾಭ್ಯಾಸಕ್ಕಾಗಿ ಮಹಾದೇವ,,,,
kannada-7thstd,ಕೆಳಗಿನ ಪ್ರಶ್ನೆಗಳಿಗೆ ಐದು-ಆರು ವಾಕ್ಯಗಳಲ್ಲಿ ಉತ್ತರಿಸಿ.,2,ಕೆಳಗಿನ ಪ್ರಶ್ನೆಗಳಿಗೆ ಐದು-ಆರು ವಾಕ್ಯಗಳಲ್ಲಿ ಉತ್ತರಿಸಿ.: ಮಹಾದೇವ,,,,
kannada-7thstd,ಕೆಳಗಿನ ಪ್ರಶ್ನೆಗಳಿಗೆ ಐದು-ಆರು ವಾಕ್ಯಗಳಲ್ಲಿ ಉತ್ತರಿಸಿ.,3,ಹಾವೇರಿ ಜಿಲ್ಲಾ ಹೊಸರಿತ್ತಿಯಲ್ಲಿದ್ದ ಸರಕಾರದ ಕೇಂದ್ರ,,,,
kannada-7thstd,ಕೆಳಗೆ ಸೂಚಿಸಿರುವ ಊರುಗಳು ಯಾವ ಜಿಲ್ಲೆಯಲ್ಲಿವೆ ಎಂಬುದನ್ನು ಬರೆಯಿರಿ.,1,ಕೆಳಗೆ ಸೂಚಿಸಿರುವ ಊರುಗಳು ಯಾವ ಜಿಲ್ಲೆಯಲ್ಲಿವೆ ಎಂಬುದನ್ನು ಬರೆಯಿರಿ.: ಮೋಟೆಬೆನ್ನೂರು 9.,,,,
kannada-7thstd,ಕೆಳಗೆ ಸೂಚಿಸಿರುವ ಊರುಗಳು ಯಾವ ಜಿಲ್ಲೆಯಲ್ಲಿವೆ ಎಂಬುದನ್ನು ಬರೆಯಿರಿ.,2,ಕೆಳಗೆ ಸೂಚಿಸಿರುವ ಊರುಗಳು ಯಾವ ಜಿಲ್ಲೆಯಲ್ಲಿವೆ ಎಂಬುದನ್ನು ಬರೆಯಿರಿ.: ಕಲಾದಗಿ,,,,
kannada-7thstd,"ಕೆಳಗೆ ಸೂಚಿಸಿರುವ ಪದಗಳನ್ನು ಬಳಸಿ ವಾಕ್ಯಗಳನ್ನು ರಚಿಸಿ,",1,"ಕೆಳಗೆ ಸೂಚಿಸಿರುವ ಪದಗಳನ್ನು ಬಳಸಿ ವಾಕ್ಯಗಳನ್ನು ರಚಿಸಿ,: ಸ್ವತಂತ್ರ",,,,
kannada-7thstd,"ಕೆಳಗೆ ಸೂಚಿಸಿರುವ ಪದಗಳನ್ನು ಬಳಸಿ ವಾಕ್ಯಗಳನ್ನು ರಚಿಸಿ,",2,ಆಡಳಿತ ೩. ದೇಶಭಕ್ತ,,,,
kannada-7thstd,"ಕೆಳಗೆ ಸೂಚಿಸಿರುವ ಪದಗಳನ್ನು ಬಳಸಿ ವಾಕ್ಯಗಳನ್ನು ರಚಿಸಿ,",4,ಅಸಹಕಾರ ೫. ಚಳುವಳಿ,,,,
kannada-7thstd,"ಕೆಳಗೆ ಸೂಚಿಸಿರುವ ಪದಗಳನ್ನು ಬಳಸಿ ವಾಕ್ಯಗಳನ್ನು ರಚಿಸಿ,",1,"ಕೆಳಗೆ ಸೂಚಿಸಿರುವ ಪದಗಳನ್ನು ಬಳಸಿ ವಾಕ್ಯಗಳನ್ನು ರಚಿಸಿ,: ಹುತ್ತರಿ ಹಾಡು",,,,
kannada-7thstd,General Exercise,1,ಕಾವೇರಿಯು ಹೇಗೆ ಹೊಳೆಯುತ್ತಾಳೆ?,,,,
kannada-7thstd,General Exercise,2,ಸೋಲು ಸಾವರಿಯದವರು ಯಾರು?,,,,
kannada-7thstd,General Exercise,3,ಕೊಡಗು ಯಾವ ಗಿರಿಯಿಂದ ಯಾವ ಗಿರಿಯ ಪರ್ಯಂತ ಬೆಳೆದಿದೆ?,,,,
kannada-7thstd,General Exercise,4,ಕಾವೇರಿಯ ತವರ್ಮನೆ ಯಾವುದು?,,,,
kannada-7thstd,General Exercise,5,ಯಾವ ಹೊಯ್ಲಿಗೆ ಕುಣಿವ ಪದ ಹೊರ ಹೊಮ್ಮಬೇಕು?,,,,
kannada-7thstd,General Exercise,1,General Exercise: ಎಲ್ಲಿ ಭೂರಮೆ,,,,
kannada-7thstd,General Exercise,2,General Exercise: ಒಮ್ಮತವು,,,,
kannada-7thstd,General Exercise,2,ಕೆಳಗಿನ ಅಕ್ಷರಗಳನ್ನು ಬಿಡಿಸಿ ಬರೆಯುವ ಕ್ರಮ ತಿಳಿಯಿರಿ.,,,,
kannada-7thstd,General Exercise,1,General Exercise: ಸಹಕಾರ,,,,
kannada-7thstd,General Exercise,2,General Exercise: ಪರಿಣತಿ,,,,
kannada-7thstd,General Exercise,3,General Exercise: ಚೇತನ,,,,
kannada-7thstd,General Exercise,4,General Exercise: ಪ್ರವಾಸ,,,,
kannada-7thstd,General Exercise,5,General Exercise: ಭಯಾನಕ =,,,,
kannada-7thstd,General Exercise,1,ದೇಶಕ್ಕಾಗಿ ಹೋರಾಡಿದ ಕೊಡಗಿನ ವೀರರನ್ನು ಕುರಿತ ಹಾಡುಗಳನ್ನು,,,,
kannada-7thstd,General Exercise,2,ವೀರ ಸೈನಿಕರ ಜೀವನ ಚರಿತ್ರೆಯನ್ನು ಓದಿರಿ.,,,,
kannada-7thstd,General Exercise,1,ದೇಶ ಸೇವೆಯೇ ಈಶ ಸೇವೆ.,,,,
kannada-7thstd,General Exercise,2,"ದೇಶವೆ ಗುಡಿ; ದೇಶಕ್ಕಾಗಿ ದುಡಿ,",,,,
kannada-7thstd,General Exercise,3,ದೇಶಕ್ಕಾಗಿ ಒಂದಾಗಿರಿ; ದೇಶಕ್ಕಾಗಿ ಮುಂದಾಗಿರಿ.,,,,
kannada-7thstd,General Exercise,2,General Exercise: ಸ್ವಾತಂತ್ರ್ಯ ಸ್ವರ್ಗ,,,,
kannada-7thstd,General Exercise,1,ಸ್ವಾತಂತ್ರ್ಯ ಸ್ವರ್ಗದಲಿ ಅಭಿಮಾನಧನವೆನಿಪ ಮಸ್ತಕವು ಹೇಗಿರುತ್ತದೆ?,,,,
kannada-7thstd,General Exercise,9,ಕವಿಯು ಬಾಳು ಹೇಗಿರಬೇಕೆಂದು ಆಶಿಸಿದ್ದಾರೆ?,,,,
kannada-7thstd,General Exercise,2,ಕವಿಯು ಸಂಪ್ರದಾಯದ ಅನಿಷ್ಟ ರೂಢಿ ನಿಯಮಗಳನ್ನು ಏನೆಂದು ಕರೆಯುತ್ತಾರೆ?,,,,
kannada-7thstd,General Exercise,4,ಧ್ರುವತಾರೆ ಎಂದು ಕವಿ ಯಾರನ್ನು ಕರೆಯುತ್ತಾರೆ?,,,,
kannada-7thstd,ಕೊಟ್ಟಿರುವ ವಾಕ್ಯಗಳಲ್ಲಿರುವ ತಪ್ಪನ್ನು ಸರಿಪಡಿಸಿ ಬರೆಯಿರಿ.,1,ಅಕ್ಕಿ ಹಕ್ಕಿಯನ್ನು ತಿನ್ನುತ್ತಿದೆ.,,,,
kannada-7thstd,ಕೊಟ್ಟಿರುವ ವಾಕ್ಯಗಳಲ್ಲಿರುವ ತಪ್ಪನ್ನು ಸರಿಪಡಿಸಿ ಬರೆಯಿರಿ.,2,ಅನ್ನ ಅಣ್ಣವನ್ನು ತಿನ್ನುತ್ತಾನೆ.,,,,
kannada-7thstd,ಕೊಟ್ಟಿರುವ ವಾಕ್ಯಗಳಲ್ಲಿರುವ ತಪ್ಪನ್ನು ಸರಿಪಡಿಸಿ ಬರೆಯಿರಿ.,3,ಬಾಲೆಯ ಹಣ್ಣನ್ನು ಬಾಳೆಯು ತಿಂದಳು.,,,,
kannada-7thstd,ಕೊಟ್ಟಿರುವ ವಾಕ್ಯಗಳಲ್ಲಿರುವ ತಪ್ಪನ್ನು ಸರಿಪಡಿಸಿ ಬರೆಯಿರಿ.,4,ನಮ್ಮ ಸಾಲೆಯ ಆಸಾ ಹಶುರು ಬನ್ನದ ಪುಸ್ತಕ ತಂದಿದ್ದಾಳೆ.,,,,
kannada-7thstd,ಕೊಟ್ಟಿರುವ ವಾಕ್ಯಗಳಲ್ಲಿರುವ ತಪ್ಪನ್ನು ಸರಿಪಡಿಸಿ ಬರೆಯಿರಿ.,1,ನನ್ನ ಬಳಿ ಒಂದು ಚೆಂಡು ಇದೆ.,,,,
kannada-7thstd,ಕೊಟ್ಟಿರುವ ವಾಕ್ಯಗಳಲ್ಲಿರುವ ತಪ್ಪನ್ನು ಸರಿಪಡಿಸಿ ಬರೆಯಿರಿ.,2,ಅನ್ವರನ ಬಳಿ ನಾಲ್ಕು ಚೆಂಡುಗಳು ಇವೆ.,,,,
kannada-7thstd,ಕೊಟ್ಟಿರುವ ವಾಕ್ಯಗಳಲ್ಲಿರುವ ತಪ್ಪನ್ನು ಸರಿಪಡಿಸಿ ಬರೆಯಿರಿ.,3,ಬೆಂಗಳೂರಿನಿಂದ ನಮ್ಮ ಶಾಲೆಗೆ ಒಬ್ಬಳು ಹುಡುಗಿ ಬಂದಿದ್ದಾಳೆ.,,,,
kannada-7thstd,ಕೊಟ್ಟಿರುವ ವಾಕ್ಯಗಳಲ್ಲಿರುವ ತಪ್ಪನ್ನು ಸರಿಪಡಿಸಿ ಬರೆಯಿರಿ.,4,ಮೈಸೂರಿನಿಂದ ನಮ್ಮ ಶಾಲೆಗೆ ಮೂವರು ಹುಡುಗಿಯರು ಬಂದಿದ್ದಾರೆ.,,,,
kannada-7thstd,ಕೊಟ್ಟಿರುವ ವಾಕ್ಯಗಳಲ್ಲಿರುವ ತಪ್ಪನ್ನು ಸರಿಪಡಿಸಿ ಬರೆಯಿರಿ.,5,ನಾಳೆ ವಿಜಯಪುರಕ್ಕೆ ಚೆಸ್‌ ಪಂದ್ಯದಲ್ಲಿ ಭಾಗವಹಿಸಲು ಒಬ್ಬ ಹುಡುಗ ಹೋಗುತ್ತಾನೆ.,,,,
kannada-7thstd,ಕೊಟ್ಟಿರುವ ವಾಕ್ಯಗಳಲ್ಲಿರುವ ತಪ್ಪನ್ನು ಸರಿಪಡಿಸಿ ಬರೆಯಿರಿ.,6,ನಾಳೆ ಬಾದಾಮಿಗೆ ಕ್ರಿಕೆಟ್ ಪಂದ್ಯದಲ್ಲಿ ಭಾಗವಹಿಸಲು ಹದಿನಾರು ಹುಡುಗರು,,,,
kannada-7thstd,ಮುಂದೆ ನೀಡಿರುವ ವಾಕ್ಯಗಳಲ್ಲಿ ಖಾಲಿ ಬಿಟ್ಟಿರುವ ಸ್ಥಳದಲ್ಲಿ ಆವರಣದಲ್ಲಿ ನೀಡಿರುವ ಪದಗಳ,1,ನಮ್ಮ ಮನೆಯಲ್ಲಿ ಎಂಟು,,,,
kannada-7thstd,ಮುಂದೆ ನೀಡಿರುವ ವಾಕ್ಯಗಳಲ್ಲಿ ಖಾಲಿ ಬಿಟ್ಟಿರುವ ಸ್ಥಳದಲ್ಲಿ ಆವರಣದಲ್ಲಿ ನೀಡಿರುವ ಪದಗಳ,2,ನಮ್ಮ ತರಗತಿಯಲ್ಲಿ ಅರವತ್ತು,,,,
kannada-7thstd,ಮುಂದೆ ನೀಡಿರುವ ವಾಕ್ಯಗಳಲ್ಲಿ ಖಾಲಿ ಬಿಟ್ಟಿರುವ ಸ್ಥಳದಲ್ಲಿ ಆವರಣದಲ್ಲಿ ನೀಡಿರುವ ಪದಗಳ,2,ಆರನೆಯ ತರಗತಿಯಲ್ಲಿ ಇಪ್ಪತ್ತು,,,,
kannada-7thstd,General Exercise,3,General Exercise: ಭಾಗ್ಯದ ಬಳೆಗಾರ,,,,
kannada-7thstd,General Exercise,1,ಬಳೆಗಾರ ಎಲ್ಲಿಗೆ ಹೋಗಿ ಬರಬೇಕೆಂದು ಹೆಣ್ಣು ಹೇಳುತ್ತಾಳೆ?,,,,
kannada-7thstd,General Exercise,2,ತಾಯಿಯ ಮನೆ ಯಾವ ರೀತಿ ಇದೆ?,,,,
kannada-7thstd,General Exercise,3,ಚಪ್ಪರದ ನಡುವೆ ತಾಯಿ ಯಾವ ಆಟ ಆಡುತ್ತಾಳೆ?,,,,
kannada-7thstd,General Exercise,4,ಹಡೆದವ್ವನಿಗೆ ಯಾವ ಬಣ್ಣದ ಬಳೆ ಎಂದರೆ ಆಸೆ?,,,,
kannada-7thstd,ಕೊಟ್ಟಿರುವ ಪ್ರಶ್ನೆಗಳಿಗೆ ಎರಡು-ಮೂರು ವಾಕ್ಯಗಳಲ್ಲಿ ಉತ್ತರಿಸಿ.,1,ತವರು ಮನೆಗೆ ಹೋಗಲು ಗುರುತುಗಳೇನು?,,,,
kannada-7thstd,ಕೊಟ್ಟಿರುವ ಪ್ರಶ್ನೆಗಳಿಗೆ ಎರಡು-ಮೂರು ವಾಕ್ಯಗಳಲ್ಲಿ ಉತ್ತರಿಸಿ.,2,ತವರು ಮನೆ ನೋಡಲು ಹೇಗಿದೆ?,,,,
kannada-7thstd,ಕೆಳಗಿನ ವಾಕ್ಯಗಳಂತೆ ಅರ್ಥಕೊಡುವ ಸಾಲುಗಳನ್ನು ಪದ್ಯದಲ್ಲಿ ಗುರುತಿಸಿ.,1,ನಿನ್ನ ತವರೂರು ನನಗೇನು ಗೊತ್ತು?,,,,
kannada-7thstd,ಕೆಳಗಿನ ವಾಕ್ಯಗಳಂತೆ ಅರ್ಥಕೊಡುವ ಸಾಲುಗಳನ್ನು ಪದ್ಯದಲ್ಲಿ ಗುರುತಿಸಿ.,2,ಅಲ್ಲಿದೆ ನನ್ನ ತವರೂರು.,,,,
kannada-7thstd,ಕೆಳಗಿನ ವಾಕ್ಯಗಳಂತೆ ಅರ್ಥಕೊಡುವ ಸಾಲುಗಳನ್ನು ಪದ್ಯದಲ್ಲಿ ಗುರುತಿಸಿ.,3,ನನ್ನ ತವರು ಮನೆಯ ಮಾಡು ಹಂಚಿನದು; ನನ್ನ ತವರು ಮನೆಯ ಬಾಗಿಲು ಕಂಚಿನದು.,,,,
kannada-7thstd,ಕೆಳಗಿನ ವಾಕ್ಯಗಳಂತೆ ಅರ್ಥಕೊಡುವ ಸಾಲುಗಳನ್ನು ಪದ್ಯದಲ್ಲಿ ಗುರುತಿಸಿ.,4,"ಎಲೈ ಬಳೆಗಾರನೇ, ನವಿಲು ಸಾರಂಗ ಅಲ್ಲಿ ಕುಣಿಯುತ್ತವೆ.",,,,
kannada-7thstd,ಕೆಳಗಿನ ವಾಕ್ಯಗಳಂತೆ ಅರ್ಥಕೊಡುವ ಸಾಲುಗಳನ್ನು ಪದ್ಯದಲ್ಲಿ ಗುರುತಿಸಿ.,5,ಬಳೆಗಾರ! ನನ್ನ ತಾಯಿ ಅವಳೇ.,,,,
kannada-7thstd,ಕೆಳಗಿನ ವಾಕ್ಯಗಳಂತೆ ಅರ್ಥಕೊಡುವ ಸಾಲುಗಳನ್ನು ಪದ್ಯದಲ್ಲಿ ಗುರುತಿಸಿ.,6,ಬಳೆಗಳನ್ನು ನನ್ನ ತವರುಮನೆಗೆ ತೆಗೆದುಕೊಂಡು ಹೋಗು.,,,,
kannada-7thstd,ಕೆಳಗಿನ ವಾಕ್ಯಗಳಂತೆ ಅರ್ಥಕೊಡುವ ಸಾಲುಗಳನ್ನು ಪದ್ಯದಲ್ಲಿ ಗುರುತಿಸಿ.,7,ನನ್ನ ತಾಯಿಗೆ ಅಚ್ಚ ಕೆಂಪಿನ ಹಸಿರು ಗೀರಿನ ಬಳೆ ಎಂದರೆ ತುಂಬಾ ಇಷ್ಟ.,,,,
kannada-7thstd,ಕೆಳಕಂಡ ನುಡಿಗಟ್ಟುಗಳನ್ನು ಗಮನಿಸಿ :,1,ಕಿಡಿಕಾರು (ಸಿಟ್ಟಿಗೇಳು): ದುರ್ಯೋಧನನನ್ನು ಕಾಣುತ್ತಲೇ ಭೀಮನು ಕಿಡಿಕಾರಿದನು.,,,,
kannada-7thstd,ಕೆಳಕಂಡ ನುಡಿಗಟ್ಟುಗಳನ್ನು ಗಮನಿಸಿ :,2,ತಲೆದೂಗು (ಒಪ್ಪು): ಯಕ್ಷಗಾನ ಪಾತ್ರಧಾರಿಯ ಕುಣಿತ ಕಂಡು ಪ್ರೇಕ್ಷಕರು ತಲೆದೂಗಿದರು.,,,,
kannada-7thstd,ಕೆಳಕಂಡ ನುಡಿಗಟ್ಟುಗಳನ್ನು ಗಮನಿಸಿ :,3,ಮುಖ ಅರಳು (ಸಂತೋಷವಾಗು): ತಾಯಿಯನ್ನು ಕಾಣುತ್ತಲೇ ಮಗುವಿನ ಮುಖ ಅರಳಿತು.,,,,
kannada-7thstd,ಕೆಳಕಂಡ ನುಡಿಗಟ್ಟುಗಳನ್ನು ಗಮನಿಸಿ :,4,ಮೇಲುಗೈ (ಗೆಲುವು): ಹಾಕಿ ಆಟದಲ್ಲಿ ಭಾರತದ ಮಹಿಳೆಯರು ಜಪಾನ್ ವಿರುದ್ಧ ಮೇಲುಗೈ,,,,
kannada-7thstd,ಕೆಳಗೆ ನೀಡಿರುವ ನುಡಿಗಟ್ಟುಗಳನ್ನು ಬಳಸಿ ವಾಕ್ಯ ರಚಿಸಿ :,1,ಅಡ್ಡದಾರಿ ಹಿಡಿ (ತಪ್ಪು ಕೆಲಸ ಮಾಡು),,,,
kannada-7thstd,ಕೆಳಗೆ ನೀಡಿರುವ ನುಡಿಗಟ್ಟುಗಳನ್ನು ಬಳಸಿ ವಾಕ್ಯ ರಚಿಸಿ :,2,ಎತ್ತಿದ ಕೈ (ಪ್ರವೀಣ),,,,
kannada-7thstd,ಕೆಳಗೆ ನೀಡಿರುವ ನುಡಿಗಟ್ಟುಗಳನ್ನು ಬಳಸಿ ವಾಕ್ಯ ರಚಿಸಿ :,3,ನೀರಿಗೆ ಹಾಕು (ವ್ಯರ್ಥಮಾಡು),,,,
kannada-7thstd,ಕೆಳಗೆ ನೀಡಿರುವ ನುಡಿಗಟ್ಟುಗಳನ್ನು ಬಳಸಿ ವಾಕ್ಯ ರಚಿಸಿ :,4,ಕೆಳಗೆ ನೀಡಿರುವ ನುಡಿಗಟ್ಟುಗಳನ್ನು ಬಳಸಿ ವಾಕ್ಯ ರಚಿಸಿ :: ಬೇರೂರು (ಸ್ಥಿರವಾಗಿರು),,,,
kannada-7thstd,ಕೆಳಗೆ ನೀಡಿರುವ ನುಡಿಗಟ್ಟುಗಳನ್ನು ಬಳಸಿ ವಾಕ್ಯ ರಚಿಸಿ :,5,ಮೈ ಬಗ್ಗಿಸು ಶ್ರಮಪಡು),,,,
kannada-7thstd,ಕೆಳಗೆ ನೀಡಿರುವ ನುಡಿಗಟ್ಟುಗಳನ್ನು ಬಳಸಿ ವಾಕ್ಯ ರಚಿಸಿ :,1,ಪತ್ರಗಳು ಲಿಖಿತ ರೂಪದಲ್ಲಿರುತ್ತವೆ.,,,,
kannada-7thstd,ಕೆಳಗೆ ನೀಡಿರುವ ನುಡಿಗಟ್ಟುಗಳನ್ನು ಬಳಸಿ ವಾಕ್ಯ ರಚಿಸಿ :,2,ಪತ್ರ ವ್ಯವಹಾರವು ಇಬ್ಬರು ವ್ಯಕ್ತಿ ಅಥವಾ ಎರಡು ಸಂಘ ಸಂಸ್ಥೆಗಳ ನಡುವೆ ನಡೆಯುತ್ತದೆ.,,,,
kannada-7thstd,ಕೆಳಗೆ ನೀಡಿರುವ ನುಡಿಗಟ್ಟುಗಳನ್ನು ಬಳಸಿ ವಾಕ್ಯ ರಚಿಸಿ :,4,ಪತ್ರದ ವಿಷಯ ಮತ್ತು ಶೈಲಿ – ಪತ್ರದ ವಿಚಾರಗಳು ಅರ್ಥಪೂರ್ಣವೂ ನೇರವೂ ಸಂಕ್ಷಿಪ್ತವೂ,,,,
kannada-7thstd,ಕೆಳಗೆ ನೀಡಿರುವ ನುಡಿಗಟ್ಟುಗಳನ್ನು ಬಳಸಿ ವಾಕ್ಯ ರಚಿಸಿ :,5,ಪತ್ರದ ಆರಂಭ ಮತ್ತು ಮುಕ್ತಾಯದ ಒಕ್ಕಣೆ - ಪತ್ರವನ್ನು ಯಾರಿಗೆ ಬರೆಯುತ್ತಿದ್ದೇವೆ,,,,
kannada-7thstd,ಕೆಳಗೆ ನೀಡಿರುವ ನುಡಿಗಟ್ಟುಗಳನ್ನು ಬಳಸಿ ವಾಕ್ಯ ರಚಿಸಿ :,6,"ವಿಳಾಸ ಪತ್ರ ಯಾರಿಂದ, ಯಾರಿಗೆ ಬರೆಯಲಾಗಿದೆ ಎಂಬುದನ್ನು ಸ್ಪಷ್ಟವಾಗಿ ನಿಗದಿತ",,,,
kannada-7thstd,ಕೆಳಗೆ ನೀಡಿರುವ ನುಡಿಗಟ್ಟುಗಳನ್ನು ಬಳಸಿ ವಾಕ್ಯ ರಚಿಸಿ :,7,ಪತ್ರಗಳಲ್ಲಿ ದಿನಾಂಕ ಮತ್ತು ಪತ್ರ ಬರೆದವರ ಸಹಿ ಇರಬೇಕು. ಸಹಿ ಇರದ ಪತ್ರಗಳಿಗೆ,,,,
kannada-7thstd,ಕೆಳಗೆ ನೀಡಿರುವ ನುಡಿಗಟ್ಟುಗಳನ್ನು ಬಳಸಿ ವಾಕ್ಯ ರಚಿಸಿ :,1,ಕೆಳಗೆ ನೀಡಿರುವ ನುಡಿಗಟ್ಟುಗಳನ್ನು ಬಳಸಿ ವಾಕ್ಯ ರಚಿಸಿ :: ಖಾಸಗಿ ಪತ್ರಗಳು,,,,
kannada-7thstd,ಕೆಳಗೆ ನೀಡಿರುವ ನುಡಿಗಟ್ಟುಗಳನ್ನು ಬಳಸಿ ವಾಕ್ಯ ರಚಿಸಿ :,2,ಕೆಳಗೆ ನೀಡಿರುವ ನುಡಿಗಟ್ಟುಗಳನ್ನು ಬಳಸಿ ವಾಕ್ಯ ರಚಿಸಿ :: ವ್ಯಾವಹಾರಿಕ ಪತ್ರಗಳು,,,,
kannada-7thstd,ಕೆಳಗೆ ನೀಡಿರುವ ನುಡಿಗಟ್ಟುಗಳನ್ನು ಬಳಸಿ ವಾಕ್ಯ ರಚಿಸಿ :,1,ಖಾಸಗಿ ಪತ್ರಗಳು/ ವೈಯಕ್ತಿಕ ಪತ್ರಗಳು / ಅನೌಪಚಾರಿಕ ಪತ್ರಗಳು :,,,,
kannada-7thstd,ಕೆಳಗೆ ನೀಡಿರುವ ನುಡಿಗಟ್ಟುಗಳನ್ನು ಬಳಸಿ ವಾಕ್ಯ ರಚಿಸಿ :,2,ವ್ಯಾವಹಾರಿಕ ಪತ್ರಗಳು / ಮನವಿ ಪತ್ರಗಳು / ಔಪಚಾರಿಕ ಪತ್ರಗಳು :,,,,
kannada-7thstd,ಕೆಳಗೆ ನೀಡಿರುವ ನುಡಿಗಟ್ಟುಗಳನ್ನು ಬಳಸಿ ವಾಕ್ಯ ರಚಿಸಿ :,4,ಕೆಳಗೆ ನೀಡಿರುವ ನುಡಿಗಟ್ಟುಗಳನ್ನು ಬಳಸಿ ವಾಕ್ಯ ರಚಿಸಿ :: ವಚನಗಳ ಭಾವಸಂಗಮ,,,,
kannada-7thstd,ಕೊಟ್ಟಿರುವ ಪ್ರಶ್ನೆಗಳಿಗೆ ಒಂದು ವಾಕ್ಯದಲ್ಲಿ ಉತ್ತರಿಸಿ.,1,ಹರಿದ ಗೋಣಿಯಲೊಬ್ಬ ಇರುಳೆಲ್ಲಾ ಏಕೆ ನಡೆದನು?,,,,
kannada-7thstd,ಕೊಟ್ಟಿರುವ ಪ್ರಶ್ನೆಗಳಿಗೆ ಒಂದು ವಾಕ್ಯದಲ್ಲಿ ಉತ್ತರಿಸಿ.,2,ಶಿವನ ಮೇಲಿನ ಭಕ್ತಿ ಯಾವುದರಿಂದ ಪ್ರಭೆಯಾಯಿತು?,,,,
kannada-7thstd,ಕೊಟ್ಟಿರುವ ಪ್ರಶ್ನೆಗಳಿಗೆ ಒಂದು ವಾಕ್ಯದಲ್ಲಿ ಉತ್ತರಿಸಿ.,3,ಕೊಟ್ಟಿರುವ ಪ್ರಶ್ನೆಗಳಿಗೆ ಒಂದು ವಾಕ್ಯದಲ್ಲಿ ಉತ್ತರಿಸಿ.: ಮಹಾಜ್ಞಾನದಾಚರಣೆ ಯಾವುದು?,,,,
kannada-7thstd,ಕೊಟ್ಟಿರುವ ಪ್ರಶ್ನೆಗಳಿಗೆ ಒಂದು ವಾಕ್ಯದಲ್ಲಿ ಉತ್ತರಿಸಿ.,4,ಯಾವುದಕ್ಕೆ ಆಸೆ ಮಾಡಿದರೆ ನರಕದಲ್ಲಿ ಅದ್ದ ಬೇಕು?,,,,
kannada-7thstd,ಕೊಟ್ಟಿರುವ ಪ್ರಶ್ನೆಗಳಿಗೆ ಒಂದು ವಾಕ್ಯದಲ್ಲಿ ಉತ್ತರಿಸಿ.,5,ಹೊನ್ನುವಸ್ತ್ರ ಎಲ್ಲಿ ಬಿದ್ದಿದ್ದರೆ ಕೈಮುಟ್ಟಿ ಎತ್ತುವುದಿಲ್ಲ?,,,,
kannada-7thstd,ಕೊಟ್ಟಿರುವ ಪ್ರಶ್ನೆಗಳಿಗೆ ಎರಡು-ಮೂರು ವಾಕ್ಯದಲ್ಲಿ ಉತ್ತರಿಸಿ.,1,ಶಿವಾಚಾರದ ಪಥವನ್ನು ತೋರಿಸಲು ಏನು ಮಾಡಬೇಕು?,,,,
kannada-7thstd,ಕೊಟ್ಟಿರುವ ಪ್ರಶ್ನೆಗಳಿಗೆ ಎರಡು-ಮೂರು ವಾಕ್ಯದಲ್ಲಿ ಉತ್ತರಿಸಿ.,2,ನಡೆ-ನುಡಿಗಳ ಬಗೆಗೆ ಮುಕ್ತಾಯಕ್ಕನ ಅಭಿಪ್ರಾಯವೇನು?,,,,
kannada-7thstd,ಕೊಟ್ಟಿರುವ ಪ್ರಶ್ನೆಗಳಿಗೆ ಐದು-ಆರು ವಾಕ್ಯಗಳಲ್ಲಿ ಉತ್ತರಿಸಿ.,1,ಜೇಡರದಾಸಿಮಯ್ಯನವರು ಅಳಿಮನದವನ ಭಕ್ತಿಯನ್ನು ಹೇಗೆ ತಿಳಿಸಿದ್ದಾರೆ ?,,,,
kannada-7thstd,ಕೊಟ್ಟಿರುವ ಪ್ರಶ್ನೆಗಳಿಗೆ ಐದು-ಆರು ವಾಕ್ಯಗಳಲ್ಲಿ ಉತ್ತರಿಸಿ.,2,ಆಸೆ ಆಮಿಷಗಳಿಂದ ಮುಕ್ತರಾಗುವ ಬಗೆಯನ್ನು ಸತ್ಯಕ್ಕ ತನ್ನ ವಚನದಲ್ಲಿ ಹೇಗೆ,,,,
kannada-7thstd,ಕೊಟ್ಟಿರುವ ಪ್ರಶ್ನೆಗಳಿಗೆ ಐದು-ಆರು ವಾಕ್ಯಗಳಲ್ಲಿ ಉತ್ತರಿಸಿ.,1,ಕೊಟ್ಟಿರುವ ಪ್ರಶ್ನೆಗಳಿಗೆ ಐದು-ಆರು ವಾಕ್ಯಗಳಲ್ಲಿ ಉತ್ತರಿಸಿ.: ಇರುಳೆಲ್ಲಾ ನಡೆದನಾ,,,,
kannada-7thstd,ಕೊಟ್ಟಿರುವ ಪ್ರಶ್ನೆಗಳಿಗೆ ಐದು-ಆರು ವಾಕ್ಯಗಳಲ್ಲಿ ಉತ್ತರಿಸಿ.,2,ಕೊಟ್ಟಿರುವ ಪ್ರಶ್ನೆಗಳಿಗೆ ಐದು-ಆರು ವಾಕ್ಯಗಳಲ್ಲಿ ಉತ್ತರಿಸಿ.: ಕುತರ್ಕಶಾಸ್ತ್ರದಿಂದ,,,,
kannada-7thstd,ಕೊಟ್ಟಿರುವ ಪ್ರಶ್ನೆಗಳಿಗೆ ಐದು-ಆರು ವಾಕ್ಯಗಳಲ್ಲಿ ಉತ್ತರಿಸಿ.,3,ಕೊಟ್ಟಿರುವ ಪ್ರಶ್ನೆಗಳಿಗೆ ಐದು-ಆರು ವಾಕ್ಯಗಳಲ್ಲಿ ಉತ್ತರಿಸಿ.: ನುಡಿಯಲುಬಾರದು ಕೆಟ್ಟ,,,,
kannada-7thstd,ಕೊಟ್ಟಿರುವ ಪ್ರಶ್ನೆಗಳಿಗೆ ಐದು-ಆರು ವಾಕ್ಯಗಳಲ್ಲಿ ಉತ್ತರಿಸಿ.,4,ಕೊಟ್ಟಿರುವ ಪ್ರಶ್ನೆಗಳಿಗೆ ಐದು-ಆರು ವಾಕ್ಯಗಳಲ್ಲಿ ಉತ್ತರಿಸಿ.: ಇಂತಲ್ಲದೆ ನಾನು,,,,
kannada-7thstd,ಮೊದಲೆರಡು ಪದಗಳಿಗಿರುವ ಪದದಂತೆ ಮೂರನೆಯ ಪದಕ್ಕೆ ಸಂಬಂಧಿಸಿ ಪದ ಬರೆಯಿರಿ.,1,ಕಳವೆ : ಭತ್ತ : : ಸುಂಕ :,,,,
kannada-7thstd,ಮೊದಲೆರಡು ಪದಗಳಿಗಿರುವ ಪದದಂತೆ ಮೂರನೆಯ ಪದಕ್ಕೆ ಸಂಬಂಧಿಸಿ ಪದ ಬರೆಯಿರಿ.,2,ನುಡಿಯಲು ಬಾರದು : ಕೆಟ್ಟ ನುಡಿಗಳ : : ನಡೆಯಲು ಬಾರದು :,,,,
kannada-7thstd,ಮೊದಲೆರಡು ಪದಗಳಿಗಿರುವ ಪದದಂತೆ ಮೂರನೆಯ ಪದಕ್ಕೆ ಸಂಬಂಧಿಸಿ ಪದ ಬರೆಯಿರಿ.,3,ಬಟ್ಟೆ : ಮಾರ್ಗ : : ವ್ರತ :,,,,
kannada-7thstd,ಮೊದಲೆರಡು ಪದಗಳಿಗಿರುವ ಪದದಂತೆ ಮೂರನೆಯ ಪದಕ್ಕೆ ಸಂಬಂಧಿಸಿ ಪದ ಬರೆಯಿರಿ.,4,ಮುಕ್ತಾಯಕ್ಕ : ಅಜಗಣ್ಣ ತಂದೆ : : ಸತ್ಯಕ್ಕ :,,,,
kannada-7thstd,ಕೆಳಗಿನ ವಾಕ್ಯಗಳಲ್ಲಿ ಕ್ರಿಯಾಪದಗಳನ್ನೂ ಕ್ರಿಯಾಪದದ ವಿಧಗಳನ್ನೂ ಸೂಚಿಸಿ.,1,ಬಸವಣ್ಣನವರ ಜೀವನ ದರ್ಶನ,,,,
kannada-7thstd,General Exercise,1,"ಬಸವಣ್ಣನವರ ತಂದೆ, ತಾಯಿಯವರ ಹೆಸರೇನು",,,,
kannada-7thstd,General Exercise,2,ಬಸವಣ್ಣನವರು ಬಾಗೇವಾಡಿಯನ್ನು ಬಿಟ್ಟು ಎಲ್ಲಿಗೆ ಹೋದರು?,,,,
kannada-7thstd,General Exercise,3,ಈಶಾನ ಗುರುಗಳು ಬಸವಣ್ಣನವರಿಗೆ ಏನು ಹೇಳಿದರು?,,,,
kannada-7thstd,General Exercise,4,ಬಸವಣ್ಣನವರ ವಚನಗಳು ಏಕೆ ಪ್ರಸಿದ್ಧವಾಗಿವೆ?,,,,
kannada-7thstd,General Exercise,5,ಬಸವಣ್ಣನವರು ಬೋಧಿಸಿದ ಧರ್ಮದ ಜೀವಾಳ ಯಾವುದು?,,,,
kannada-7thstd,General Exercise,2,ಗೊಂಬೆ ಕಲಿಸುವ ನೀತಿ,,,,
kannada-7thstd,General Exercise,1,ಜೀವನದಲ್ಲಿ ಸೋತವರಿಗೆ ಗೊಂಬೆಯು ಕೊಡುವ ಧೈರ್ಯವೇನು?,,,,
kannada-7thstd,General Exercise,2,ಗೊಂಬೆಯು ಹೇಗೆ ತೂಗುತ್ತಿರುತ್ತದೆ?,,,,
kannada-7thstd,General Exercise,3,ತಾವು ಕಷ್ಟಪಟ್ಟರೂ ಲೋಕಕ್ಕೆ ಉಪಕಾರ ಮಾಡುವ ಮೂರು ಸಂಗತಿಗಳು ಯಾವುವು?,,,,
kannada-7thstd,General Exercise,4,ಗೊಂಬೆಯು ನಿಶ್ಚಲವಾಗುವುದು ಯಾವಾಗ?,,,,
kannada-7thstd,General Exercise,5,ಗೊಂಬೆಯು ಹೇಳುವ ನೀತಿಯ ಸಾರಾಂಶವೇನು?,,,,
kannada-8thstd,General Exercise,1,"ರಾಷ್ಟ್ರೀಯ ಹಾಗೂ ರಾಜ್ಯ ಪಠ್ಯಕ್ರಮ ಚೌಕಟ್ಟುಗಳು ಮತ್ತು ಸಂವಿಧಾನದ ಆಶಯಗಳಿಗೆ ವ್ಯತಿರಿಕ್ತವಾಗದಂತೆ,",,,,
kannada-8thstd,General Exercise,2,ಪ್ರಸ್ತುತ ಪರಿಷ್ಕರಣ ಸಮಿತಿಗೆ ಪೂರ್ವದಲ್ಲಿಯೇ ಶಾಲಾ ಶಿಕ್ಷಣ ಇಲಾಖೆಯು ಹೊರಡಿಸಿದ್ದ “೨೦೨೩-೨೪ನೇ,,,,
kannada-8thstd,General Exercise,2,"ವಿವಿಧ ಸಂಘಟನೆಗಳು, ವ್ಯಕ್ತಿಗಳು ಹಾಗೂ ಸರ್ಕಾರದ ಇಲಾಖೆಗಳು ಪಠ್ಯಪುಸ್ತಕದಲ್ಲಿ ನಿರ್ದಿಷ್ಟ ವಿಷಯಾಂಶವನ್ನು",,,,
kannada-8thstd,General Exercise,5,ನಿರ್ದಿಷ್ಟ ಪಠ್ಯಗಳನ್ನು ಬೋಧಿಸುವ ಶಿಕ್ಷಕರಿಂದ ಪಡೆದುಕೊಂಡ ಅಭಿಪ್ರಾಯಗಳು ಸಹ ಪ್ರಸ್ತುತ ಪರಿಷ್ಕರಣೆಯಲ್ಲಿ,,,,
kannada-8thstd,General Exercise,1,General Exercise: ಮಗ್ಗದ ಸಾಹೇಬ,,,,
kannada-8thstd,ಕೊಟ್ಟಿರುವ ಪ್ರಶ್ನೆಗಳಿಗೆ ಒಂದು ವಾಕ್ಯದಲ್ಲಿ ಉತ್ತರಿಸಿ,1,ರಹೀಮ ಮಗ್ಗವನ್ನು ಮುಟ್ಟದೆ ಎಷ್ಟು ವರ್ಷಗಳಾಗಿತ್ತು?,,,,
kannada-8thstd,ಕೊಟ್ಟಿರುವ ಪ್ರಶ್ನೆಗಳಿಗೆ ಒಂದು ವಾಕ್ಯದಲ್ಲಿ ಉತ್ತರಿಸಿ,2,ಹುಸೇನ್ ಸಾಹೇಬರ ಮನೆತನದವರಿಗೆ ದೇವಾಲಯದಲ್ಲಿದ್ದ ಹಕ್ಕು ಯಾವುದು?,,,,
kannada-8thstd,ಕೊಟ್ಟಿರುವ ಪ್ರಶ್ನೆಗಳಿಗೆ ಒಂದು ವಾಕ್ಯದಲ್ಲಿ ಉತ್ತರಿಸಿ,3,ಅಬ್ದುಲ್ ರಹೀಮನ ಹಠವೇನು?,,,,
kannada-8thstd,ಕೊಟ್ಟಿರುವ ಪ್ರಶ್ನೆಗಳಿಗೆ ಒಂದು ವಾಕ್ಯದಲ್ಲಿ ಉತ್ತರಿಸಿ,4,ತಂದೆಯ ಆಸೆಯನ್ನು ಮೊದಲೆರಡು ಮಕ್ಕಳು ನೆರವೇರಿಸಿದ ಬಗೆ ಹೇಗೆ?,,,,
kannada-8thstd,ಕೊಟ್ಟಿರುವ ಪ್ರಶ್ನೆಗಳಿಗೆ ಒಂದು ವಾಕ್ಯದಲ್ಲಿ ಉತ್ತರಿಸಿ,5,ರಹೀಮ ಮಗನನ್ನು ಶಾಲೆಯಿಂದ ಬಿಡಿಸಿದ್ದೇಕೆ?,,,,
kannada-8thstd,ಕೊಟ್ಟಿರುವ ಪ್ರಶ್ನೆಗಳಿಗೆ ಎರಡು-ಮೂರು ವಾಕ್ಯಗಳಲ್ಲಿ ಉತ್ತರಿಸಿ.,1,ಹುಸೇನ್ ಸಾಹೇಬರ ವ್ಯಕ್ತಿತ್ವವನ್ನು ವಿವರಿಸಿ.,,,,
kannada-8thstd,ಕೊಟ್ಟಿರುವ ಪ್ರಶ್ನೆಗಳಿಗೆ ಎರಡು-ಮೂರು ವಾಕ್ಯಗಳಲ್ಲಿ ಉತ್ತರಿಸಿ.,2,ಲೇಖಕರ ಹುಟ್ಟೂರಿನಲ್ಲಿದ್ದ ಮುಸ್ಲಿಂ ಧಾರ್ಮಿಕ ಉತ್ಸವದ ಸಂಪ್ರದಾಯವೇನು?,,,,
kannada-8thstd,ಕೊಟ್ಟಿರುವ ಪ್ರಶ್ನೆಗಳಿಗೆ ಎರಡು-ಮೂರು ವಾಕ್ಯಗಳಲ್ಲಿ ಉತ್ತರಿಸಿ.,3,ಮಿಠಾಯಿ ಕೊಟ್ಟಿದ್ದಕ್ಕೆ ಅತಿಥಿಗಳ ಆಕ್ಷೇಪವೇನು?,,,,
kannada-8thstd,ಕೊಟ್ಟಿರುವ ಪ್ರಶ್ನೆಗಳಿಗೆ ಎರಡು-ಮೂರು ವಾಕ್ಯಗಳಲ್ಲಿ ಉತ್ತರಿಸಿ.,4,ಕರೀಮನಿಗೆ ಶಾಲೆಯಲ್ಲಿ ಮಗ್ಗ ಕಲಿತುದರಿಂದ ಆದ ಪ್ರಯೋಜನವೇನು?,,,,
kannada-8thstd,ಕೊಟ್ಟಿರುವ ಪ್ರಶ್ನೆಗಳಿಗೆ ಎರಡು-ಮೂರು ವಾಕ್ಯಗಳಲ್ಲಿ ಉತ್ತರಿಸಿ.,5,ಶಾಲಾ ವಾರ್ಷಿಕೋತ್ಸವದಂದು ಕರೀಮ ಮಾಡಿದ ಕೆಲಸವೇನು?,,,,
kannada-8thstd,ಕೊಟ್ಟಿರುವ ಪ್ರಶ್ನೆಗಳಿಗೆ ನಾಲ್ಕು-ಐದು ವಾಕ್ಯಗಳಲ್ಲಿ ಉತ್ತರಿಸಿ.,1,ನವೀನ ಶಿಕ್ಷಣದ ವೈಶಿಷ್ಟ್ಯಗಳೇನು?,,,,
kannada-8thstd,ಕೊಟ್ಟಿರುವ ಪ್ರಶ್ನೆಗಳಿಗೆ ನಾಲ್ಕು-ಐದು ವಾಕ್ಯಗಳಲ್ಲಿ ಉತ್ತರಿಸಿ.,2,ಶಂಕರಪ್ಪ ಅವರು ರಹೀಮನ ಬಳಿಗೆ ಸಂಧಾನಕ್ಕಾಗಿ ಬಂದ ಪ್ರಸಂಗವನ್ನು ತಿಳಿಸಿ.,,,,
kannada-8thstd,ಕೊಟ್ಟಿರುವ ಪ್ರಶ್ನೆಗಳಿಗೆ ನಾಲ್ಕು-ಐದು ವಾಕ್ಯಗಳಲ್ಲಿ ಉತ್ತರಿಸಿ.,1,ಕರೀಮ ಧನವಂತನಾದ ಬಗೆ ಹೇಗೆ? ವಿವರಿಸಿ.,,,,
kannada-8thstd,ಕೊಟ್ಟಿರುವ ಪ್ರಶ್ನೆಗಳಿಗೆ ನಾಲ್ಕು-ಐದು ವಾಕ್ಯಗಳಲ್ಲಿ ಉತ್ತರಿಸಿ.,2,ರಹೀಮನಿಗೆ ಮಗ್ಗದ ಬಗ್ಗೆ ದ್ವೇಷ ಉಂಟಾಗಲು ಕಾರಣವೇನು?,,,,
kannada-8thstd,ಸಂದರ್ಭಸಹಿತ ಸ್ವಾರಸ್ಯವನ್ನು ವಿವರಿಸಿ.,1,“ಮಗ್ಗವಲ್ಲ ಕೊರಳಿಗೆ ಹಗ್ಗ!”,,,,
kannada-8thstd,ಸಂದರ್ಭಸಹಿತ ಸ್ವಾರಸ್ಯವನ್ನು ವಿವರಿಸಿ.,2,"“ಕಳ್ಳನಾದವನು, ಮನೆ ಬಿಟ್ಟು ಓಡಿ ಹೋದವನು ಮಗನೇ ಅಲ್ಲ”",,,,
kannada-8thstd,ಸಂದರ್ಭಸಹಿತ ಸ್ವಾರಸ್ಯವನ್ನು ವಿವರಿಸಿ.,3,“ನಿಮ್ಮ ಹಳೆಯ ಶಿಷ್ಯನಿಗೆ ಇದೊಂದು ಉಪಕಾರ ಮಾಡಿ”,,,,
kannada-8thstd,ಸಂದರ್ಭಸಹಿತ ಸ್ವಾರಸ್ಯವನ್ನು ವಿವರಿಸಿ.,4,“ದೇವರು ದೊಡ್ಡವನು ದೇವರು ದಯಾಳು”,,,,
kannada-8thstd,ಬಿಟ್ಟ ಸ್ಥಳಗಳನ್ನು ಸೂಕ್ತ ಉತ್ತರಗಳಿಂದ ತುಂಬಿರಿ.,2,ಬಿಟ್ಟ ಸ್ಥಳಗಳನ್ನು ಸೂಕ್ತ ಉತ್ತರಗಳಿಂದ ತುಂಬಿರಿ.: ಮನೆಯಲ್ಲಿ,,,,
kannada-8thstd,ಬಿಟ್ಟ ಸ್ಥಳಗಳನ್ನು ಸೂಕ್ತ ಉತ್ತರಗಳಿಂದ ತುಂಬಿರಿ.,3,ಬಿಟ್ಟ ಸ್ಥಳಗಳನ್ನು ಸೂಕ್ತ ಉತ್ತರಗಳಿಂದ ತುಂಬಿರಿ.: ಹುಡುಗನ,,,,
kannada-8thstd,ಬಿಟ್ಟ ಸ್ಥಳಗಳನ್ನು ಸೂಕ್ತ ಉತ್ತರಗಳಿಂದ ತುಂಬಿರಿ.,4,ಬಿಟ್ಟ ಸ್ಥಳಗಳನ್ನು ಸೂಕ್ತ ಉತ್ತರಗಳಿಂದ ತುಂಬಿರಿ.: ಶಂಕರಪ್ಪ ಅವರು,,,,
kannada-8thstd,ಬಿಟ್ಟ ಸ್ಥಳಗಳನ್ನು ಸೂಕ್ತ ಉತ್ತರಗಳಿಂದ ತುಂಬಿರಿ.,5,"ನನಗೆ ಎರಡೇ ಮಕ್ಕಳು,",,,,
kannada-8thstd,ಬಿಟ್ಟ ಸ್ಥಳಗಳನ್ನು ಸೂಕ್ತ ಉತ್ತರಗಳಿಂದ ತುಂಬಿರಿ.,9,ಬಿಟ್ಟ ಸ್ಥಳಗಳನ್ನು ಸೂಕ್ತ ಉತ್ತರಗಳಿಂದ ತುಂಬಿರಿ.: :,,,,
kannada-8thstd,General Exercise,1,ಕನ್ನಡ ವರ್ಣಮಾಲೆಯಲ್ಲಿ ಒಟ್ಟು ಎಷ್ಟು ಅಕ್ಷರಗಳಿವೆ? ಅವುಗಳನ್ನು ಹೇಗೆ ವರ್ಗೀಕರಿಸುವಿರಿ?,,,,
kannada-8thstd,General Exercise,2,ಕನ್ನಡ ವರ್ಣಮಾಲೆಯಲ್ಲಿರುವ ಹಸ್ವ ಹಾಗೂ ದೀರ್ಘ ಸ್ವರಗಳನ್ನು ಬರೆಯಿರಿ.,,,,
kannada-8thstd,General Exercise,3,ಕನ್ನಡ ವರ್ಣಮಾಲೆಯಲ್ಲಿರುವ ಮಹಾಪ್ರಾಣ ಅಕ್ಷರಗಳನ್ನು ಬರೆಯಿರಿ.,,,,
kannada-8thstd,General Exercise,4,ಕನ್ನಡ ವರ್ಣಮಾಲೆಯಲ್ಲಿರುವ ವರ್ಗೀಯ ಅಕ್ಷರಗಳನ್ನು ತಿಳಿಸಿ.,,,,
kannada-8thstd,General Exercise,5,ಕನ್ನಡ ವರ್ಣಮಾಲೆಯಲ್ಲಿರುವ ಅನುನಾಸಿಕ ಅಕ್ಷರಗಳನ್ನು ಪಟ್ಟಿಮಾಡಿ.,,,,
kannada-8thstd,ಕೊಟ್ಟಿರುವ ಪ್ರಶ್ನೆಗಳಿಗೆ ಒಂದು ವಾಕ್ಯದಲ್ಲಿ ಉತ್ತರಿಸಿ.,1,ಡಿವಿಜಿ ಅವರ ಹುಟ್ಟೂರು ಯಾವುದು?,,,,
kannada-8thstd,ಕೊಟ್ಟಿರುವ ಪ್ರಶ್ನೆಗಳಿಗೆ ಒಂದು ವಾಕ್ಯದಲ್ಲಿ ಉತ್ತರಿಸಿ.,2,ಡಿವಿಜಿ ಅವರ ಮನಸ್ಸಿನ ಮೇಲೆ ಪ್ರಭಾವ ಬೀರಿದವರು ಯಾರು?,,,,
kannada-8thstd,ಕೊಟ್ಟಿರುವ ಪ್ರಶ್ನೆಗಳಿಗೆ ಒಂದು ವಾಕ್ಯದಲ್ಲಿ ಉತ್ತರಿಸಿ.,3,ಡಿವಿಜಿ ಅವರನ್ನು ವಿದ್ಯಾಭ್ಯಾಸಕ್ಕಾಗಿ ಬೆಂಗಳೂರಿಗೆ ಕಳುಹಿಸಿದವರು ಯಾರು?,,,,
kannada-8thstd,ಕೊಟ್ಟಿರುವ ಪ್ರಶ್ನೆಗಳಿಗೆ ಒಂದು ವಾಕ್ಯದಲ್ಲಿ ಉತ್ತರಿಸಿ.,4,ವಿಶ್ವೇಶ್ವರಯ್ಯ ಅವರು ಮೈಸೂರು ಸರ್ಕಾರದಲ್ಲಿ ಅಲಂಕರಿಸಿದ್ದ ಹುದ್ದೆ ಯಾವುದು?,,,,
kannada-8thstd,ಕೊಟ್ಟಿರುವ ಪ್ರಶ್ನೆಗಳಿಗೆ ಒಂದು ವಾಕ್ಯದಲ್ಲಿ ಉತ್ತರಿಸಿ.,5,ಡಿವಿಜಿ ಅವರು ಸ್ಥಾಪಿಸಿದ ಸಂಸ್ಥೆ ಯಾವುದು?,,,,
kannada-8thstd,ಕೊಟ್ಟಿರುವ ಪ್ರಶ್ನೆಗಳಿಗೆ ಎರಡು-ಮೂರು ವಾಕ್ಯಗಳಲ್ಲಿ ಉತ್ತರಿಸಿ.,1,ರಸೂಲ್‌ ಖಾನ್ ಅವರು ಡಿವಿಜಿ ಅವರ ವಿದ್ಯಾಭ್ಯಾಸಕ್ಕಾಗಿ ಮಾಡಿದ ಸಹಾಯವೇನು?,,,,
kannada-8thstd,ಕೊಟ್ಟಿರುವ ಪ್ರಶ್ನೆಗಳಿಗೆ ಎರಡು-ಮೂರು ವಾಕ್ಯಗಳಲ್ಲಿ ಉತ್ತರಿಸಿ.,2,ವಿಶ್ವೇಶ್ವರಯ್ಯ ಅವರು ತಮ್ಮ ಕಾರ್ಯದರ್ಶಿಗೆ ಏನು ಹೇಳಿದರು?,,,,
kannada-8thstd,ಕೊಟ್ಟಿರುವ ಪ್ರಶ್ನೆಗಳಿಗೆ ಎರಡು-ಮೂರು ವಾಕ್ಯಗಳಲ್ಲಿ ಉತ್ತರಿಸಿ.,3,ಡಿವಿಜಿ ಅವರು ಏಕೆ ಸಂಭಾವನೆಯನ್ನು ಪಡೆಯಲಿಲ್ಲ?,,,,
kannada-8thstd,ಕೊಟ್ಟಿರುವ ಪ್ರಶ್ನೆಗಳಿಗೆ ಎರಡು-ಮೂರು ವಾಕ್ಯಗಳಲ್ಲಿ ಉತ್ತರಿಸಿ.,4,ಡಿವಿಜಿ ಅವರ ಶ್ರೀಮತಿ ಅವರು ಬಂಧುಗಳ ಮನೆಯಲ್ಲಿ ನಡೆದ ಉತ್ಸವಕ್ಕೆ ಏಕೆ,,,,
kannada-8thstd,ಕೊಟ್ಟಿರುವ ಪ್ರಶ್ನೆಗಳಿಗೆ ಎರಡು-ಮೂರು ವಾಕ್ಯಗಳಲ್ಲಿ ಉತ್ತರಿಸಿ.,5,ಎಲ್ಲರೊಳಗೊಂದಾಗಿ ಬಾಳುವ ಬಗೆಯನ್ನು ಡಿ.ವಿ.ಜಿ. ಹೇಗೆ ಚಿತ್ರಿಸಿದ್ದಾರೆ?,,,,
kannada-8thstd,ಕೊಟ್ಟಿರುವ ಪ್ರಶ್ನೆಗಳಿಗೆ ಏಳು-ಎಂಟು ವಾಕ್ಯಗಳಲ್ಲಿ ಉತ್ತರಿಸಿ.,1,ಡಿವಿಜಿ ಅವರ ವ್ಯಕ್ತಿತ್ವವನ್ನು ಸಂಗ್ರಹಿಸಿ ಬರೆಯಿರಿ.,,,,
kannada-8thstd,ಕೊಟ್ಟಿರುವ ಪ್ರಶ್ನೆಗಳಿಗೆ ಏಳು-ಎಂಟು ವಾಕ್ಯಗಳಲ್ಲಿ ಉತ್ತರಿಸಿ.,2,ಡಿವಿಜಿ ಅವರಿಗೂ ಅವರ ಶ್ರೀಮತಿ ಅವರಿಗೂ ನಡೆದ ಸಂಭಾಷಣೆಯನ್ನು ಬರೆಯಿರಿ.,,,,
kannada-8thstd,ಕೊಟ್ಟಿರುವ ಪ್ರಶ್ನೆಗಳಿಗೆ ಏಳು-ಎಂಟು ವಾಕ್ಯಗಳಲ್ಲಿ ಉತ್ತರಿಸಿ.,1,“ಏನು ಬಂದಿರಿ ಗುಂಡಪ್ಪ?”,,,,
kannada-8thstd,ಕೊಟ್ಟಿರುವ ಪ್ರಶ್ನೆಗಳಿಗೆ ಏಳು-ಎಂಟು ವಾಕ್ಯಗಳಲ್ಲಿ ಉತ್ತರಿಸಿ.,2,“ನೀನು ಉತ್ಸವಕ್ಕೆ ಹೋಗುವುದಿಲ್ಲವೇ?”,,,,
kannada-8thstd,ಕೊಟ್ಟಿರುವ ಪ್ರಶ್ನೆಗಳಿಗೆ ಏಳು-ಎಂಟು ವಾಕ್ಯಗಳಲ್ಲಿ ಉತ್ತರಿಸಿ.,3,“ನನ್ನ ಹತ್ತಿರ ಇರುವುದು ಇದೊಂದೇ ಸೀರೆ”,,,,
kannada-8thstd,ಕೊಟ್ಟಿರುವ ಪ್ರಶ್ನೆಗಳಿಗೆ ಏಳು-ಎಂಟು ವಾಕ್ಯಗಳಲ್ಲಿ ಉತ್ತರಿಸಿ.,4,“ಹೊಲಿ ನಿನ್ನ ತುಟಿಗಳನು ಮಂಕುತಿಮ್ಮ,,,,
kannada-8thstd,ಕೊಟ್ಟಿರುವ ಪ್ರಶ್ನೆಗಳಿಗೆ ಏಳು-ಎಂಟು ವಾಕ್ಯಗಳಲ್ಲಿ ಉತ್ತರಿಸಿ.,5,“ಬೆಲ್ಲ ಸಕ್ಕರೆಯಾಗು ದೀನ ದುರ್ಬಲರಿಂಗೆ”,,,,
kannada-8thstd,ಬಿಟ್ಟ ಸ್ಥಳವನ್ನು ಸೂಕ್ತ ಪದಗಳಿಂದ ತುಂಬಿರಿ.,1,ಮೈಸೂರು ರಾಜ್ಯದ ಪರಮೋಚ್ಚ ಅಧಿಕಾರ ಹಿಡಿದಿದ್ದವರು,,,,
kannada-8thstd,ಬಿಟ್ಟ ಸ್ಥಳವನ್ನು ಸೂಕ್ತ ಪದಗಳಿಂದ ತುಂಬಿರಿ.,2,ಮಿರ್ಜಾ ಅವರ ಕಾಲಕ್ಕೆ ಡಿವಿಜಿ ದೊಡ್ಡ,,,,
kannada-8thstd,ಬಿಟ್ಟ ಸ್ಥಳವನ್ನು ಸೂಕ್ತ ಪದಗಳಿಂದ ತುಂಬಿರಿ.,3,ಬಿಟ್ಟ ಸ್ಥಳವನ್ನು ಸೂಕ್ತ ಪದಗಳಿಂದ ತುಂಬಿರಿ.: ಮುಳಬಾಗಿಲು,,,,
kannada-8thstd,ಬಿಟ್ಟ ಸ್ಥಳವನ್ನು ಸೂಕ್ತ ಪದಗಳಿಂದ ತುಂಬಿರಿ.,4,ಡಿವಿಜಿ ಅವರು ಮುಳಬಾಗಿಲಿನ,,,,
kannada-8thstd,ಬಿಟ್ಟ ಸ್ಥಳವನ್ನು ಸೂಕ್ತ ಪದಗಳಿಂದ ತುಂಬಿರಿ.,5,ಡಿವಿಜಿ ಅವರು ಕನ್ನಡ ಸಾರಸ್ವತ ಲೋಕದ,,,,
kannada-8thstd,ಬಿಟ್ಟ ಸ್ಥಳವನ್ನು ಸೂಕ್ತ ಪದಗಳಿಂದ ತುಂಬಿರಿ.,1,"ವಸ್ತುವಾಚಕ ಅಥವಾ ನಾಮವಾಚಕ : ಯಾವುದೇ ವಸ್ತು, ವ್ಯಕ್ತಿ, ಪ್ರಾಣಿ ಹಾಗೂ ಸ್ಥಳಗಳಿಗೆ",,,,
kannada-8thstd,"ಅನ್ವರ್ಥನಾಮ : ವಸ್ತುವಿನ ರೂಪ, ಗುಣ, ವೃತ್ತಿ, ಸ್ವಭಾವಾದಿ ವಿಶೇಷವಾದ ಹಾಗೂ",2,"ಗುಣವಾಚಕ : ವಸ್ತು ಅಥವಾ ವ್ಯಕ್ತಿಗಳ ಗುಣ, ರೀತಿ ಸ್ವಭಾವಗಳನ್ನು ತಿಳಿಸುವ ವಿಶೇಷಣಗಳಿಗೆ",,,,
kannada-8thstd,"ಅನ್ವರ್ಥನಾಮ : ವಸ್ತುವಿನ ರೂಪ, ಗುಣ, ವೃತ್ತಿ, ಸ್ವಭಾವಾದಿ ವಿಶೇಷವಾದ ಹಾಗೂ",3,"ಸಂಖ್ಯಾವಾಚಕ : ಸಂಖ್ಯೆಯನ್ನು ಹೇಳುವ ಶಬ್ದಗಳನ್ನು ಸಂಖ್ಯಾ ವಾಚಕಗಳು, ಉದಾ :",,,,
kannada-8thstd,"ಅನ್ವರ್ಥನಾಮ : ವಸ್ತುವಿನ ರೂಪ, ಗುಣ, ವೃತ್ತಿ, ಸ್ವಭಾವಾದಿ ವಿಶೇಷವಾದ ಹಾಗೂ",4,ಸಂಖ್ಯೆಯ ವಾಚಕ : ಸಂಖ್ಯೆಯಿಂದ ಕೂಡಿದ ವಸ್ತು ವ್ಯಕ್ತಿಗಳನ್ನು ಹೇಳುವ ಶಬ್ದಗಳೆಲ್ಲಾ,,,,
kannada-8thstd,"ಅನ್ವರ್ಥನಾಮ : ವಸ್ತುವಿನ ರೂಪ, ಗುಣ, ವೃತ್ತಿ, ಸ್ವಭಾವಾದಿ ವಿಶೇಷವಾದ ಹಾಗೂ",5,ಭಾವನಾಮ : ವಸ್ತುಗಳ ಮತ್ತು ಕ್ರಿಯೆಯ ಭಾವವನ್ನು ತಿಳಿಸುವ ಶಬ್ದಗಳನ್ನು 'ಭಾವನಾಮ',,,,
kannada-8thstd,"ಅನ್ವರ್ಥನಾಮ : ವಸ್ತುವಿನ ರೂಪ, ಗುಣ, ವೃತ್ತಿ, ಸ್ವಭಾವಾದಿ ವಿಶೇಷವಾದ ಹಾಗೂ",6,"ಪರಿಮಾಣ ವಾಚಕ : ವಸ್ತುಗಳ ಸಾಮಾನ್ಯ ಅಳತೆ, ಪರಿಮಾಣ, ಗಾತ್ರ ಇತ್ಯಾದಿಗಳನ್ನು",,,,
kannada-8thstd,"ಅನ್ವರ್ಥನಾಮ : ವಸ್ತುವಿನ ರೂಪ, ಗುಣ, ವೃತ್ತಿ, ಸ್ವಭಾವಾದಿ ವಿಶೇಷವಾದ ಹಾಗೂ",7,ಪ್ರಕಾರ ವಾಚಕ : ವಸ್ತುಗಳ ಸ್ಥಿತಿ ಅಥವಾ ರೀತಿಗಳನ್ನು ತಿಳಿಸುವ ಶಬ್ದಗಳನ್ನು ಪ್ರಕಾರ,,,,
kannada-8thstd,"ಅನ್ವರ್ಥನಾಮ : ವಸ್ತುವಿನ ರೂಪ, ಗುಣ, ವೃತ್ತಿ, ಸ್ವಭಾವಾದಿ ವಿಶೇಷವಾದ ಹಾಗೂ",8,ದಿಗ್ವಾಚಕಗಳು : ದಿಕ್ಕುಗಳ ಹೆಸರನ್ನು ಸೂಚಿಸುವ ಶಬ್ದಗಳನ್ನು 'ದಿಗ್ವಾಚಕ' ಎನ್ನುವರು.,,,,
kannada-8thstd,"ಅನ್ವರ್ಥನಾಮ : ವಸ್ತುವಿನ ರೂಪ, ಗುಣ, ವೃತ್ತಿ, ಸ್ವಭಾವಾದಿ ವಿಶೇಷವಾದ ಹಾಗೂ",9,ಸರ್ವನಾಮ : ನಾಮಪದಗಳ ಬದಲಾಗಿ ಬಳಸುವ ಪದಗಳಿಗೆ ಸರ್ವನಾಮಗಳು ಎನ್ನುವರು.,,,,
kannada-8thstd,"ಅನ್ವರ್ಥನಾಮ : ವಸ್ತುವಿನ ರೂಪ, ಗುಣ, ವೃತ್ತಿ, ಸ್ವಭಾವಾದಿ ವಿಶೇಷವಾದ ಹಾಗೂ",1,ಪುರುಷಾರ್ಥಕ ಸರ್ವನಾಮ : ಪುರುಷಾರ್ಥಕ ಸರ್ವನಾಮಗಳಲ್ಲಿ ಮೂರು ವಿಧ.,,,,
kannada-8thstd,ಪ್ರಥಮ ಪುರುಷ : ಮಾತನಾಡುವವನಿಂದ ದೂರವಿರುವ ವ್ಯಕ್ತಿ ಇಲ್ಲವೇ ವಸ್ತುವನ್ನು,2,ಆತ್ಮಾರ್ಥಕ ಸರ್ವನಾಮ : ಮಾತನಾಡುವವನು ತನ್ನನ್ನು ಹಾಗೂ ಇತರರನ್ನು ಗೌರವ,,,,
kannada-8thstd,ಪ್ರಥಮ ಪುರುಷ : ಮಾತನಾಡುವವನಿಂದ ದೂರವಿರುವ ವ್ಯಕ್ತಿ ಇಲ್ಲವೇ ವಸ್ತುವನ್ನು,3,ಪ್ರಶ್ನಾರ್ಥಕ ಸರ್ವನಾಮ : ಪ್ರಶ್ನೆಯಿಂದ ಕೂಡಿದ ಎಲ್ಲ ಸರ್ವನಾಮಗಳನ್ನು ಪ್ರಶ್ನಾರ್ಥಕ,,,,
kannada-8thstd,ಕೊಟ್ಟಿರುವ ಪ್ರಶ್ನೆಗಳಿಗೆ ಉತ್ತರಿಸಿ.,1,ಕೊಟ್ಟಿರುವ ಪ್ರಶ್ನೆಗಳಿಗೆ ಉತ್ತರಿಸಿ.: ನಾಮಪದ ಎಂದರೇನು?,,,,
kannada-8thstd,ಕೊಟ್ಟಿರುವ ಪ್ರಶ್ನೆಗಳಿಗೆ ಉತ್ತರಿಸಿ.,2,ಕೊಟ್ಟಿರುವ ಪ್ರಶ್ನೆಗಳಿಗೆ ಉತ್ತರಿಸಿ.: ಭಾವನಾಮ ಎಂದರೇನು?,,,,
kannada-8thstd,General Exercise,3,ಸರ್ವನಾಮ ಎಂದರೇನು? ವಿಧಗಳಾವುವು?,,,,
kannada-8thstd,General Exercise,4,ಪುರುಷಾರ್ಥಕ ಸರ್ವನಾಮಗಳಲ್ಲಿ ಎಷ್ಟು ವಿಧ?,,,,
kannada-8thstd,ಕೊಟ್ಟಿರುವ ವಾಕ್ಯಗಳಲ್ಲಿರುವ ನಾಮಪದಗಳನ್ನು ಆರಿಸಿ ಬರೆಯಿರಿ.,1,"ಡಿವಿಜಿಯ ಊರು ಮುಳಬಾಗಿಲು,",,,,
kannada-8thstd,ಕೊಟ್ಟಿರುವ ವಾಕ್ಯಗಳಲ್ಲಿರುವ ನಾಮಪದಗಳನ್ನು ಆರಿಸಿ ಬರೆಯಿರಿ.,2,ಬೆಂಗಳೂರಿನ ರೈಲಿನಲ್ಲಿ ಕೂರಿಸುತ್ತೇನೆ.,,,,
kannada-8thstd,ಕೊಟ್ಟಿರುವ ವಾಕ್ಯಗಳಲ್ಲಿರುವ ನಾಮಪದಗಳನ್ನು ಆರಿಸಿ ಬರೆಯಿರಿ.,3,ವಿಶ್ವೇಶ್ವರಯ್ಯನವರು ದಿವಾನರಾಗಿದ್ದ ಕಾಲವದು.,,,,
kannada-8thstd,ಕೊಟ್ಟಿರುವ ವಾಕ್ಯಗಳಲ್ಲಿರುವ ನಾಮಪದಗಳನ್ನು ಆರಿಸಿ ಬರೆಯಿರಿ.,4,ಡಿವಿಜಿಯ ಬಂಧುಗಳ ಮನೆಯಲ್ಲಿ ಒಂದು ಉತ್ಸವವು ನಡೆಯಿತು.,,,,
kannada-8thstd,ಕೊಟ್ಟಿರುವ ಪ್ರಶ್ನೆಗಳಿಗೆ ಒಂದು ವಾಕ್ಯದಲ್ಲಿ ಉತ್ತರಿಸಿ.,1,ಎಲ್ಲೆಲ್ಲಿ ನೀರು ಕೊಡುವ ಸಂಪ್ರದಾಯವಿಲ್ಲ?,,,,
kannada-8thstd,ಕೊಟ್ಟಿರುವ ಪ್ರಶ್ನೆಗಳಿಗೆ ಒಂದು ವಾಕ್ಯದಲ್ಲಿ ಉತ್ತರಿಸಿ.,2,ಮನೆಗೆ ಬಂದವರನ್ನು ಹೇಗೆ ಸತ್ಕರಿಸುವ ಸಂಪ್ರದಾಯ ನಮ್ಮಲ್ಲಿದೆ?,,,,
kannada-8thstd,ಕೊಟ್ಟಿರುವ ಪ್ರಶ್ನೆಗಳಿಗೆ ಒಂದು ವಾಕ್ಯದಲ್ಲಿ ಉತ್ತರಿಸಿ.,3,ವಿದೇಶಗಳಲ್ಲಿ ನೀರಿಗಿಂತ ಅಗ್ಗವಾಗಿ ಸಿಗುವುದೇನು?,,,,
kannada-8thstd,ಕೊಟ್ಟಿರುವ ಪ್ರಶ್ನೆಗಳಿಗೆ ಒಂದು ವಾಕ್ಯದಲ್ಲಿ ಉತ್ತರಿಸಿ.,4,ಭಾರತದಲ್ಲಿ ಇತ್ತೀಚೆಗೆ ಯಾವ ಹುನ್ನಾರ ನಡೆದಿದೆ?,,,,
kannada-8thstd,ಕೊಟ್ಟಿರುವ ಪ್ರಶ್ನೆಗಳಿಗೆ ಒಂದು ವಾಕ್ಯದಲ್ಲಿ ಉತ್ತರಿಸಿ.,5,ಸರ್ವರಿಗೂ ವೇದ್ಯವಾಗಿರುವ ಅಂಶಗಳಾವುವು?,,,,
kannada-8thstd,ಕೊಟ್ಟಿರುವ ಪ್ರಶ್ನೆಗಳಿಗೆ ಒಂದು ವಾಕ್ಯದಲ್ಲಿ ಉತ್ತರಿಸಿ.,6,ಲೇಖಕಿಗೆ ಹೋಟೆಲ್‌ನಲ್ಲಿ ನಾಲ್ಕು ಲೋಟ ನೀರು ತಂದಿಟ್ಟಾಗ ಆದ ಅನುಭವವೇನು?,,,,
kannada-8thstd,ಕೊಟ್ಟಿರುವ ಪ್ರಶ್ನೆಗಳಿಗೆ ಎರಡು-ಮೂರು ವಾಕ್ಯಗಳಲ್ಲಿ ಉತ್ತರಿಸಿ.,1,ವಿದೇಶಗಳಲ್ಲಿ ಬಾಯಾರಿಕೆಗೆ ಧಾರಾಳವಾಗಿ ಏನೇನು ದೊರೆಯುವವು?,,,,
kannada-8thstd,ಕೊಟ್ಟಿರುವ ಪ್ರಶ್ನೆಗಳಿಗೆ ಎರಡು-ಮೂರು ವಾಕ್ಯಗಳಲ್ಲಿ ಉತ್ತರಿಸಿ.,2,ಗುರುದ್ವಾರಗಳ ಬಳಿ ಸ್ವಯಂ ಸೇವಕರು ಏನು ಮಾಡುತ್ತಿದ್ದರು?,,,,
kannada-8thstd,ಕೊಟ್ಟಿರುವ ಪ್ರಶ್ನೆಗಳಿಗೆ ಎರಡು-ಮೂರು ವಾಕ್ಯಗಳಲ್ಲಿ ಉತ್ತರಿಸಿ.,3,ಕೋಲಾಗಳ ಆಸೆಯಿಂದ ನಾವು ಏನೆಲ್ಲವನ್ನು ತೊರೆಯುತ್ತಿದ್ದೇವೆ?,,,,
kannada-8thstd,ಕೊಟ್ಟಿರುವ ಪ್ರಶ್ನೆಗಳಿಗೆ ಎರಡು-ಮೂರು ವಾಕ್ಯಗಳಲ್ಲಿ ಉತ್ತರಿಸಿ.,4,ನಾಗರೀಕತೆಯ ದೊಡ್ಡ ಅನಾಹುತಗಳಾಗಿ ಕಾಣಿಸಿಕೊಳ್ಳುತ್ತಿರುವ ಆಚರಣೆಗಳಾವುವು?,,,,
kannada-8thstd,ಕೊಟ್ಟಿರುವ ಪ್ರಶ್ನೆಗಳಿಗೆ ಎರಡು-ಮೂರು ವಾಕ್ಯಗಳಲ್ಲಿ ಉತ್ತರಿಸಿ.,5,ಜನಪ್ರಿಯ ಹೋಟಲಿನ ಮಾಲೀಕನಿಗೆ ತಂಪುಪಾನೀಯ ಕಂಪನಿ ಹೇಳಿದ್ದೇನು?,,,,
kannada-8thstd,ಕೊಟ್ಟಿರುವ ಪ್ರಶ್ನೆಗಳಿಗೆ ಐದು-ಆರು ವಾಕ್ಯಗಳಲ್ಲಿ ಉತ್ತರಿಸಿ.,1,ದುಡ್ಡಿಲ್ಲದೇ ಕುಡಿಯಬಲ್ಲ ನೀರು ಸಿಗುತ್ತಿದ್ದ ಕಾಲದ ಬಗ್ಗೆ ಲೇಖಕರ ಅಭಿಪ್ರಾಯವೇನು?,,,,
kannada-8thstd,ಕೊಟ್ಟಿರುವ ಪ್ರಶ್ನೆಗಳಿಗೆ ಐದು-ಆರು ವಾಕ್ಯಗಳಲ್ಲಿ ಉತ್ತರಿಸಿ.,2,ಕಂಪನಿಗಳು ಅಪ್ಪಟ ಅಗತ್ಯದ ವಸ್ತುಗಳನ್ನು ಇವಿಲ್ಲದೆ ಬದುಕಿಲ್ಲ' ಎಂಬಂತೆ ಹೇಗೆ,,,,
kannada-8thstd,ಕೊಟ್ಟಿರುವ ಪ್ರಶ್ನೆಗಳಿಗೆ ಐದು-ಆರು ವಾಕ್ಯಗಳಲ್ಲಿ ಉತ್ತರಿಸಿ.,3,ಲೇಖಕಿಗೆ ಬೆಂಗಳೂರಿನಲ್ಲಿ 'ನೀರು ಕೊಡದ ಸಂಸ್ಕೃತಿಯ ಬಗ್ಗೆ ಆದ,,,,
kannada-8thstd,ಕೊಟ್ಟಿರುವ ಪ್ರಶ್ನೆಗಳಿಗೆ ಐದು-ಆರು ವಾಕ್ಯಗಳಲ್ಲಿ ಉತ್ತರಿಸಿ.,1,ಭಾರತದಿಂದ ಹೊರಗೆ ಕಾಲಿಟ್ಟರೆ ಉಳಿದೆಲ್ಲವು,,,,
kannada-8thstd,ಕೊಟ್ಟಿರುವ ಪ್ರಶ್ನೆಗಳಿಗೆ ಐದು-ಆರು ವಾಕ್ಯಗಳಲ್ಲಿ ಉತ್ತರಿಸಿ.,2,ಈ ದೇಶಗಳಲ್ಲಿ ಮನೆಯ,,,,
kannada-8thstd,ಕೊಟ್ಟಿರುವ ಪ್ರಶ್ನೆಗಳಿಗೆ ಐದು-ಆರು ವಾಕ್ಯಗಳಲ್ಲಿ ಉತ್ತರಿಸಿ.,3,ಗ್ರೀಟಿಂಗ್ ಕಾರ್ಡ್ ಮಾರುವ ಹೊಸ,,,,
kannada-8thstd,ಕೊಟ್ಟಿರುವ ಪ್ರಶ್ನೆಗಳಿಗೆ ಐದು-ಆರು ವಾಕ್ಯಗಳಲ್ಲಿ ಉತ್ತರಿಸಿ.,4,ಸ್ಯಾಂಡ್ರಿಚ್ ಬರ್ಗರ್ ಜೊತೆಗೆ ದೊಡ್ಡ ಗಾತ್ರದ,,,,
kannada-8thstd,ಕೊಟ್ಟಿರುವ ಪ್ರಶ್ನೆಗಳಿಗೆ ಐದು-ಆರು ವಾಕ್ಯಗಳಲ್ಲಿ ಉತ್ತರಿಸಿ.,1,"ಸಿರಿ, ಬಾವಿ, ದನಿ, ಆಸೆ ಮುಂತಾದ ಪದಗಳು ಅಲ್ಪಸ್ವಲ್ಪ ಬದಲಾವಣೆ ಹೊಂದಿದ",,,,
kannada-8thstd,ಕೊಟ್ಟಿರುವ ಪ್ರಶ್ನೆಗಳಿಗೆ ಐದು-ಆರು ವಾಕ್ಯಗಳಲ್ಲಿ ಉತ್ತರಿಸಿ.,2,"ಬಸದಿ, ಬೇಸಗೆ, ಕೊಡಲಿ, ಬಸವ, ಬಿನ್ನಣ, ಮುಂತಾದ ಪದಗಳು ಪೂರ್ಣ ಬದಲಾವಣೆ",,,,
kannada-8thstd,General Exercise,1,ದೇಶ್ಯ ಮತ್ತು ಅನ್ಯದೇಶ್ಯ ಪದಗಳನ್ನು ಪಟ್ಟಿ ಮಾಡಿ.,,,,
kannada-8thstd,General Exercise,2,ಕನ್ನಡದಲ್ಲಿರುವ ಯಾವುದಾದರು ಐದು ತದ್ಭವ ಪದಗಳನ್ನು ಪಟ್ಟಿ ಮಾಡಿ.,,,,
kannada-8thstd,ಪ್ರಾಯೋಗಿಕ ಭಾಷಾಭ್ಯಾಸ,1,ಕೊಟ್ಟಿರುವ ಪದಗಳಲ್ಲಿರುವ ಗುಣಿತಾಕ್ಷರಗಳನ್ನು ಪ್ರತ್ಯೇಕಿಸಿ ಬರೆಯಿರಿ.,,,,
kannada-8thstd,ಪ್ರಾಯೋಗಿಕ ಭಾಷಾಭ್ಯಾಸ,2,ಕೊಟ್ಟಿರುವ ಪದಗಳಲ್ಲಿರುವ ಸಜಾತೀಯ ಮತ್ತು ವಿಜಾತೀಯ ಸಂಯುಕ್ತಾಕ್ಷರಗಳನ್ನು,,,,
kannada-8thstd,ಪ್ರಾಯೋಗಿಕ ಭಾಷಾಭ್ಯಾಸ,3,ಕೊಟ್ಟಿರುವ ಪದಗಳ ತದ್ಭವ ರೂಪ ಬರೆಯಿರಿ,,,,
kannada-8thstd,ಪ್ರಾಯೋಗಿಕ ಭಾಷಾಭ್ಯಾಸ,4,ಕೊಟ್ಟಿರುವ ಪದಗಳಲ್ಲಿರುವ ದೇಶೀಯ ಮತ್ತು ಅನ್ಯದೇಶೀಯ ಪದಗಳನ್ನು ಆರಿಸಿ ಬರೆಯಿರಿ,,,,
kannada-8thstd,ಪ್ರಾಯೋಗಿಕ ಭಾಷಾಭ್ಯಾಸ,5,ಈ ಗದ್ಯ ಭಾಗದಲ್ಲಿ ಬಳಕೆಯಾಗಿರುವ ಆಂಗ್ಲ ಪದಗಳನ್ನು ಪಟ್ಟಿ ಮಾಡಿ.,,,,
kannada-8thstd,ಕೆಳಗಿನ ಪ್ರಶ್ನೆಗಳಿಗೆ ಒಂದು ವಾಕ್ಯದಲ್ಲಿ ಉತ್ತರಿಸಿ.,1,ಯಶೋಧರೆ ಮತ್ತೊಮ್ಮೆ ಯಾರನ್ನು ನೀಡಬೇಕೆಂದು ರಾಜನಲ್ಲಿ ಬೇಡುತ್ತಾಳೆ?,,,,
kannada-8thstd,ಕೆಳಗಿನ ಪ್ರಶ್ನೆಗಳಿಗೆ ಒಂದು ವಾಕ್ಯದಲ್ಲಿ ಉತ್ತರಿಸಿ.,2,ತಂದೆಯನ್ನು ಕರೆತರಲು ಹೋಗುವೆನೆಂದು ಹೇಳಿದವರಾರು?,,,,
kannada-8thstd,ಕೆಳಗಿನ ಪ್ರಶ್ನೆಗಳಿಗೆ ಒಂದು ವಾಕ್ಯದಲ್ಲಿ ಉತ್ತರಿಸಿ.,3,ರಾಜನಿಗೆ ಕನಸಿನ ವಿಚಾರವನ್ನು ತಿಳಿಸಿದವರಾರು?,,,,
kannada-8thstd,ಕೆಳಗಿನ ಪ್ರಶ್ನೆಗಳಿಗೆ ಒಂದು ವಾಕ್ಯದಲ್ಲಿ ಉತ್ತರಿಸಿ.,4,ಸಂಪ್ರದಾಯಕ್ಕೆ ವಿರುದ್ಧವಾದದ್ದು ಯಾವುದು?,,,,
kannada-8thstd,ಕೆಳಗಿನ ಪ್ರಶ್ನೆಗಳಿಗೆ ಒಂದು ವಾಕ್ಯದಲ್ಲಿ ಉತ್ತರಿಸಿ.,5,ಈಗ ನೀನಿರುವ ರೀತಿ ಯಾವುದೆಂದು ಯಶೋಧರೆಯನ್ನು ರಾಜ ಕೇಳಿದನು?,,,,
kannada-8thstd,ಈ ಕೆಳಗಿನ ಪ್ರಶ್ನೆಗಳಿಗೆ ಎರಡು-ಮೂರು ವಾಕ್ಯದಲ್ಲಿ ಉತ್ತರಿಸಿ.,1,ರಾಜನನ್ನು ಪೀಠದಲ್ಲಿ ಕುಳ್ಳಿರಿಸಿ ಯಶೋಧರೆ ಏನೆಂದು ವಿನಂತಿಸುತ್ತಾಳೆ?,,,,
kannada-8thstd,ಈ ಕೆಳಗಿನ ಪ್ರಶ್ನೆಗಳಿಗೆ ಎರಡು-ಮೂರು ವಾಕ್ಯದಲ್ಲಿ ಉತ್ತರಿಸಿ.,2,ಯಶೋಧರೆ ಮಂಡಿಯೂರಿ ನಮಸ್ಕರಿಸುತ್ತಾ ಏನು ಹೇಳುತ್ತಾಳೆ?,,,,
kannada-8thstd,ಈ ಕೆಳಗಿನ ಪ್ರಶ್ನೆಗಳಿಗೆ ಎರಡು-ಮೂರು ವಾಕ್ಯದಲ್ಲಿ ಉತ್ತರಿಸಿ.,3,ರಾಜನು ಈಗ ನೀನಿರುವ ರೀತಿ ಸನ್ಯಾಸವಲ್ಲವೆ ಎನ್ನಲು ಕಾರಣವೇನು?,,,,
kannada-8thstd,ಈ ಕೆಳಗಿನ ಪ್ರಶ್ನೆಗಳಿಗೆ ಎರಡು-ಮೂರು ವಾಕ್ಯದಲ್ಲಿ ಉತ್ತರಿಸಿ.,4,ಯಶೋಧರೆಯ ಆಂತರ್ಯದಲ್ಲಿರುವ ಸಂದೇಹವೇನು?,,,,
kannada-8thstd,ಈ ಕೆಳಗಿನ ಪ್ರಶ್ನೆಗಳಿಗೆ ಎರಡು-ಮೂರು ವಾಕ್ಯದಲ್ಲಿ ಉತ್ತರಿಸಿ.,1,ಬೇಹಿನವರನ್ನು ಕಳಿಸುವ ವಿಚಾರದಲ್ಲಿ ರಾಹುಲನ ಅಭಿಪ್ರಾಯವೇನು?,,,,
kannada-8thstd,ಈ ಕೆಳಗಿನ ಪ್ರಶ್ನೆಗಳಿಗೆ ಎರಡು-ಮೂರು ವಾಕ್ಯದಲ್ಲಿ ಉತ್ತರಿಸಿ.,2,ಯಶೋಧರೆಯ ವಿಧಿಯ ಬಗ್ಗೆ ರಾಜನು ಏನೆಂದು ಹೇಳಿದನು?,,,,
kannada-8thstd,ಈ ಕೆಳಗಿನ ಪ್ರಶ್ನೆಗಳಿಗೆ ಎರಡು-ಮೂರು ವಾಕ್ಯದಲ್ಲಿ ಉತ್ತರಿಸಿ.,1,“ಸೋದರಿಯ ಸುತೆಯೆಂದು ಎಳೆತನದಲೇ ನನ್ನ ಕರೆತಂದು ಸಾಕಿದಿರಿ,,,,
kannada-8thstd,ಈ ಕೆಳಗಿನ ಪ್ರಶ್ನೆಗಳಿಗೆ ಎರಡು-ಮೂರು ವಾಕ್ಯದಲ್ಲಿ ಉತ್ತರಿಸಿ.,2,"“ಅಮ್ಮಾಜಿ, ನಿನಗೆ ಭಯ ಬೇಡಮ್ಮ ನಾ ಮರಳಿ ಬಹೆನಮ್ಮ”",,,,
kannada-8thstd,ಈ ಕೆಳಗಿನ ಪ್ರಶ್ನೆಗಳಿಗೆ ಎರಡು-ಮೂರು ವಾಕ್ಯದಲ್ಲಿ ಉತ್ತರಿಸಿ.,3,“ನಿನ್ನ ವಿಧಿ ಕೆಟ್ಟುದೆಂದೆಣಿಸದಿರು ಅಮ್ಮಾಜಿ”,,,,
kannada-8thstd,ಈ ಕೆಳಗಿನ ಪ್ರಶ್ನೆಗಳಿಗೆ ಎರಡು-ಮೂರು ವಾಕ್ಯದಲ್ಲಿ ಉತ್ತರಿಸಿ.,4,“ನಿದ್ದೆಯಲಿ ಮುಳುಗಲಿನ್ನಾವ ಕನಸಿನ ಮೊಸಳೆ ಹಿಡಿಯುವುದೋ”,,,,
kannada-8thstd,ಯಶೋಧರೆ ಗದ್ಯಭಾಗವನ್ನು ಸರಳ ಕಥಾರೂಪದಲ್ಲಿ ಬರೆಯಿರಿ.,1,ಯಶೋಧರೆ ಗದ್ಯಭಾಗವನ್ನು ಸರಳ ಕಥಾರೂಪದಲ್ಲಿ ಬರೆಯಿರಿ.: ಯಶೋಧರೆ,,,,
kannada-8thstd,ಯಶೋಧರೆ ಗದ್ಯಭಾಗವನ್ನು ಸರಳ ಕಥಾರೂಪದಲ್ಲಿ ಬರೆಯಿರಿ.,2,ಯಶೋಧರೆ ಗದ್ಯಭಾಗವನ್ನು ಸರಳ ಕಥಾರೂಪದಲ್ಲಿ ಬರೆಯಿರಿ.: ಶುದ್ಧೋದನ,,,,
kannada-8thstd,ಯಶೋಧರೆ ಗದ್ಯಭಾಗವನ್ನು ಸರಳ ಕಥಾರೂಪದಲ್ಲಿ ಬರೆಯಿರಿ.,3,ಯಶೋಧರೆ ಗದ್ಯಭಾಗವನ್ನು ಸರಳ ಕಥಾರೂಪದಲ್ಲಿ ಬರೆಯಿರಿ.: ಅಂಬಿಕೆ,,,,
kannada-8thstd,ಯಶೋಧರೆ ಗದ್ಯಭಾಗವನ್ನು ಸರಳ ಕಥಾರೂಪದಲ್ಲಿ ಬರೆಯಿರಿ.,4,ಯಶೋಧರೆ ಗದ್ಯಭಾಗವನ್ನು ಸರಳ ಕಥಾರೂಪದಲ್ಲಿ ಬರೆಯಿರಿ.: ರಾಹುಲ,,,,
kannada-8thstd,ಯಶೋಧರೆ ಗದ್ಯಭಾಗವನ್ನು ಸರಳ ಕಥಾರೂಪದಲ್ಲಿ ಬರೆಯಿರಿ.,5,ಯಶೋಧರೆ ಗದ್ಯಭಾಗವನ್ನು ಸರಳ ಕಥಾರೂಪದಲ್ಲಿ ಬರೆಯಿರಿ.: ಸಿದ್ದಾರ್ಥ,,,,
kannada-8thstd,ಈ ಕೆಳಗಿನ ಪದಗಳಿಗೆ ತದ್ಭವ ಪದಗಳನ್ನು ಬರೆಯಿರಿ.,1,ಜಿಂಕೆಯು ಹುಲ್ಲನ್ನು ತಿಂದಿತು.,,,,
kannada-8thstd,ಈ ಕೆಳಗಿನ ಪದಗಳಿಗೆ ತದ್ಭವ ಪದಗಳನ್ನು ಬರೆಯಿರಿ.,2,ಕೃಷ್ಣನು ಧೇನುಕಾಸುರನನ್ನು ಕೊಂದ.,,,,
kannada-8thstd,ಈ ಕೆಳಗಿನ ಪದಗಳಿಗೆ ತದ್ಭವ ಪದಗಳನ್ನು ಬರೆಯಿರಿ.,1,ಸಾಮಾನ್ಯವಾಕ್ಯ : ೧. ಸುಬ್ರಹ್ಮಣ್ಯಮ್ ನಮ್ಮನ್ನು ವಿಶ್ವಾಸದಿಂದ ಸ್ವಾಗತಿಸಿದರು.,,,,
kannada-8thstd,ಈ ಕೆಳಗಿನ ಪದಗಳಿಗೆ ತದ್ಭವ ಪದಗಳನ್ನು ಬರೆಯಿರಿ.,2,ಹತ್ತನೆಯ ಶತಮಾನದವರೆಗೆ ಗಂಗರು ತಲೆಯೆತ್ತಿ ಬಾಳಿದರು.,,,,
kannada-8thstd,ಈ ಕೆಳಗಿನ ಪದಗಳಿಗೆ ತದ್ಭವ ಪದಗಳನ್ನು ಬರೆಯಿರಿ.,2,ಸಂಯೋಜಿತವಾಕ್ಯ : ಪಾಂಡವರ ಯಜ್ಞ ತುರಗ ಮಣಿಪುರವನ್ನು ಪ್ರವೇಶಿಸಿತು; ಆಗ,,,,
kannada-8thstd,ಈ ಕೆಳಗಿನ ಪದಗಳಿಗೆ ತದ್ಭವ ಪದಗಳನ್ನು ಬರೆಯಿರಿ.,3,ಮಿಶ್ರವಾಕ್ಯ : ಗಾಯತ್ರಿ ಗಾಯನ ಸ್ಪರ್ಧೆಯಲ್ಲಿ ಗೆದ್ದಳಾದರೂ ಅವಳಿಗೆ ಬಹುಮಾನ,,,,
kannada-8thstd,General Exercise,1,General Exercise: ಲಿಂಗದ ವಿಧಗಳಾವುವು?,,,,
kannada-8thstd,General Exercise,2,ಬಹುವಚನವನ್ನು ನಿದರ್ಶನದ ಮೂಲಕ ವಿವರಿಸಿ.,,,,
kannada-8thstd,General Exercise,3,General Exercise: ವಾಕ್ಯ ಎಂದರೇನು?,,,,
kannada-8thstd,General Exercise,4,ವಾಕ್ಯ ಪ್ರಭೇದಗಳ ಪರಿಚಯ ಮಾಡಿ.,,,,
kannada-8thstd,General Exercise,1,"ಕೊಟ್ಟಿರುವ ಪದಗಳನ್ನು ಪುಲ್ಲಿಂಗ, ಸ್ತ್ರೀಲಿಂಗ ಮತ್ತು ನಪುಂಸಕ ಲಿಂಗಗಳಾಗಿ ವರ್ಗೀಕರಿಸಿ.",,,,
kannada-8thstd,General Exercise,2,ಕೊಟ್ಟಿರುವ ಪದಗಳ ಬಹುವಚನ ರೂಪ ಬರೆಯಿರಿ.,,,,
kannada-8thstd,General Exercise,3,"ಕೊಟ್ಟಿರುವ ವಾಕ್ಯಗಳಲ್ಲಿರುವ ಕರ್ಮ, ಕ್ರಿಯಾ ಹಾಗೂ ಕರ್ತೃಪದಗಳನ್ನು ಆರಿಸಿ ಬರೆಯಿರಿ.",,,,
kannada-8thstd,General Exercise,1,ಅಮ್ಮ ಅಣ್ಣನನ್ನು ಕರೆಯುವೆನು.,,,,
kannada-8thstd,General Exercise,2,ಸನ್ಯಾಸವನು ಕೊಂಡು ಪತಿಯನ್ನು ಸೇರುವೆನು.,,,,
kannada-8thstd,General Exercise,3,ಸಿದ್ದಾರ್ಥನು ಕರೆಯನ್ನು ಕೇಳಿಸಿಕೊಳ್ಳಲಿಲ್ಲ.,,,,
kannada-8thstd,General Exercise,4,ಕೊಟ್ಟಿರುವ ಸಾಮಾನ್ಯ ವಾಕ್ಯಗಳನ್ನು ಸಂಯೋಜಿತ ವಾಕ್ಯವಾಗಿ ಪರಿವರ್ತಿಸಿ ಬರೆಯಿರಿ.,,,,
kannada-8thstd,ಕೊಟ್ಟಿರುವ ಪ್ರಶ್ನೆಗಳಿಗೆ ಒಂದು ವಾಕ್ಯದಲ್ಲಿ ಉತ್ತರಿಸಿ.,1,ನಮ್ಮನ್ನು ಆಳುವವಳು ಯಾರು?,,,,
kannada-8thstd,ಕೊಟ್ಟಿರುವ ಪ್ರಶ್ನೆಗಳಿಗೆ ಒಂದು ವಾಕ್ಯದಲ್ಲಿ ಉತ್ತರಿಸಿ.,2,ಲತೆ ಯಾವುದನೆಲ್ಲಾ ನೀಡುತ್ತದೆ?,,,,
kannada-8thstd,ಕೊಟ್ಟಿರುವ ಪ್ರಶ್ನೆಗಳಿಗೆ ಒಂದು ವಾಕ್ಯದಲ್ಲಿ ಉತ್ತರಿಸಿ.,3,ಕನ್ನಡ ತಾಯಿಯ ಬಸಿರ ಹೊನ್ನಗನಿ ಯಾರು?,,,,
kannada-8thstd,ಕೊಟ್ಟಿರುವ ಪ್ರಶ್ನೆಗಳಿಗೆ ಒಂದು ವಾಕ್ಯದಲ್ಲಿ ಉತ್ತರಿಸಿ.,4,ಕನ್ನಡ ತಾಯಿಯ ಹಾಡನ್ನು ಯಾವುದರಿಂದ ಉಕ್ಕಿಸಬೇಕು?,,,,
kannada-8thstd,ಕೊಟ್ಟಿರುವ ಪ್ರಶ್ನೆಗಳಿಗೆ ಒಂದು ವಾಕ್ಯದಲ್ಲಿ ಉತ್ತರಿಸಿ.,5,ಕನ್ನಡಿಗರ ಪಾಡು ಏನು?,,,,
kannada-8thstd,ಕೊಟ್ಟಿರುವ ಪ್ರಶ್ನೆಗಳಿಗೆ ಎರಡು-ಮೂರು ವಾಕ್ಯಗಳಲ್ಲಿ ಉತ್ತರಿಸಿ.,1,ಕನ್ನಡ ನಾಡಿನ ಪ್ರಕೃತಿ ವೈಶಿಷ್ಟ್ಯವೇನು?,,,,
kannada-8thstd,ಕೊಟ್ಟಿರುವ ಪ್ರಶ್ನೆಗಳಿಗೆ ಎರಡು-ಮೂರು ವಾಕ್ಯಗಳಲ್ಲಿ ಉತ್ತರಿಸಿ.,2,ಕನ್ನಡದ ಕವಿಶ್ರೇಷ್ಠರ ಹಿರಿಮೆಯೇನು?,,,,
kannada-8thstd,ಕೊಟ್ಟಿರುವ ಪ್ರಶ್ನೆಗಳಿಗೆ ಎರಡು-ಮೂರು ವಾಕ್ಯಗಳಲ್ಲಿ ಉತ್ತರಿಸಿ.,3,ಕನ್ನಡದ ಹೆಸರನ್ನು ಹೇಗೆ ಹಬ್ಬಿಸಬೇಕೆಂದು ಕವಿ ಆಶಿಸುತ್ತಾರೆ?,,,,
kannada-8thstd,ಕೊಟ್ಟಿರುವ ಪ್ರಶ್ನೆಗಳಿಗೆ ನಾಲ್ಕು-ಐದು ವಾಕ್ಯಗಳಲ್ಲಿ ಉತ್ತರಿಸಿ.,1,ಕನ್ನಡ ತಾಯಿಯನ್ನು ಮರೆಯಲು ಸಾಧ್ಯವಿಲ್ಲ ಏಕೆ?,,,,
kannada-8thstd,ಕೊಟ್ಟಿರುವ ಪ್ರಶ್ನೆಗಳಿಗೆ ನಾಲ್ಕು-ಐದು ವಾಕ್ಯಗಳಲ್ಲಿ ಉತ್ತರಿಸಿ.,2,ಕವಿ ಕನ್ನಡ ತಾಯಿಯಲ್ಲಿ ಏನೆಂದು ಕೋರುತ್ತಾರೆ?,,,,
kannada-8thstd,ಕೊಟ್ಟಿರುವ ಪ್ರಶ್ನೆಗಳಿಗೆ ನಾಲ್ಕು-ಐದು ವಾಕ್ಯಗಳಲ್ಲಿ ಉತ್ತರಿಸಿ.,3,ಗೋವಿಂದ ಪೈ ಅವರ ಪ್ರಮುಖ ಕೃತಿಗಳಾವುವು?,,,,
kannada-8thstd,ಕೊಟ್ಟಿರುವ ಪ್ರಶ್ನೆಗಳಿಗೆ ನಾಲ್ಕು-ಐದು ವಾಕ್ಯಗಳಲ್ಲಿ ಉತ್ತರಿಸಿ.,1,ಕನ್ನಡಿಗರ ತಾಯಿ ಮೊಗ ತೋರಬೇಕೆಂದು ಕವಿ ಏಕೆ ಬಯಸುತ್ತಾರೆ?ವಿವರಿಸಿ.,,,,
kannada-8thstd,ಕೊಟ್ಟಿರುವ ಪ್ರಶ್ನೆಗಳಿಗೆ ನಾಲ್ಕು-ಐದು ವಾಕ್ಯಗಳಲ್ಲಿ ಉತ್ತರಿಸಿ.,2,ಕನ್ನಡ ನಾಡಿನ ಕವಿ ಹಾಗೂ ಕಲೆಯ ಮಹತ್ವವೇನು? ವಿವರಿಸಿ.,,,,
kannada-8thstd,ಈ ಹೇಳಿಕೆಗಳಿಗೆ ಸಂದರ್ಭಸಹಿತ ಸ್ವಾರಸ್ಯವನ್ನು ವಿವರಿಸಿ.,1,ಈ ಹೇಳಿಕೆಗಳಿಗೆ ಸಂದರ್ಭಸಹಿತ ಸ್ವಾರಸ್ಯವನ್ನು ವಿವರಿಸಿ.: “ಖಗ ಮೃಗೋರಗಾಳಿಯೋ”,,,,
kannada-8thstd,ಈ ಹೇಳಿಕೆಗಳಿಗೆ ಸಂದರ್ಭಸಹಿತ ಸ್ವಾರಸ್ಯವನ್ನು ವಿವರಿಸಿ.,2,“ನಿನ್ನ ಕಲ್ಲೆ ನುಡಿವುದಲ್ಲ!”,,,,
kannada-8thstd,ಈ ಹೇಳಿಕೆಗಳಿಗೆ ಸಂದರ್ಭಸಹಿತ ಸ್ವಾರಸ್ಯವನ್ನು ವಿವರಿಸಿ.,3,“ನಮ್ಮ ಮನಮನೊಂದೆ ಕಲಸು!”,,,,
kannada-8thstd,ಹೊಂದಿಸಿ ಬರೆಯಿರಿ.,1,ಹೊಂದಿಸಿ ಬರೆಯಿರಿ.: ಬೇಲನಾಡು,,,,
kannada-8thstd,ಹೊಂದಿಸಿ ಬರೆಯಿರಿ.,2,ಹೊಂದಿಸಿ ಬರೆಯಿರಿ.: ಶರ್ವ,,,,
kannada-8thstd,ಹೊಂದಿಸಿ ಬರೆಯಿರಿ.,3,ಹೊಂದಿಸಿ ಬರೆಯಿರಿ.: ಗೊಲ್ಗೊಥಾ,,,,
kannada-8thstd,ಹೊಂದಿಸಿ ಬರೆಯಿರಿ.,4,ಹೊಂದಿಸಿ ಬರೆಯಿರಿ.: ಗಿಳಿವಿಂಡು,,,,
kannada-8thstd,ಬಿಟ್ಟ ಸ್ಥಳ ತುಂಬಿ.,1,ಬಿಟ್ಟ ಸ್ಥಳ ತುಂಬಿ.: ಹರಸು ತಾಯೆ,,,,
kannada-8thstd,ಬಿಟ್ಟ ಸ್ಥಳ ತುಂಬಿ.,2,ಬಿಟ್ಟ ಸ್ಥಳ ತುಂಬಿ.: ಹಾಲು ಹರಿವ,,,,
kannada-8thstd,ಬಿಟ್ಟ ಸ್ಥಳ ತುಂಬಿ.,3,ಬಿಟ್ಟ ಸ್ಥಳ ತುಂಬಿ.: ಜೈನರಾದ ಪೂಜ್ಯಪಾದ,,,,
kannada-8thstd,ಬಿಟ್ಟ ಸ್ಥಳ ತುಂಬಿ.,1,ಗಾದೆಯ ಹೊರ ಅರ್ಥವನ್ನು ಮೊದಲು ವಿವರಿಸಬೇಕು.,,,,
kannada-8thstd,ಬಿಟ್ಟ ಸ್ಥಳ ತುಂಬಿ.,2,ಗಾದೆಯ ಅಂತರಾರ್ಥ ಯಾವ ವಿಚಾರಗಳಿಗೆ ಸಂಬಂಧಿಸಿದೆ ಎಂಬುದನ್ನು ವಿವರಿಸಬೇಕು.,,,,
kannada-8thstd,ಬಿಟ್ಟ ಸ್ಥಳ ತುಂಬಿ.,3,ಗಾದೆಯು ಒಳಗೊಂಡಿರುವ ಸತ್ಯ ಹಾಗೂ ಮೌಲ್ಯಗಳನ್ನು ಸ್ಪಷ್ಟಪಡಿಸಬೇಕು.,,,,
kannada-8thstd,ಬಿಟ್ಟ ಸ್ಥಳ ತುಂಬಿ.,4,ಗಾದೆಯ ವಿಚಾರಗಳಿಗೆ ಪೂರಕವಾಗುವ ಕಥೆ ಇಲ್ಲವೆ ಘಟನೆಗಳನ್ನು ಉದಾಹರಿಸಬೇಕು.,,,,
kannada-8thstd,ಬಿಟ್ಟ ಸ್ಥಳ ತುಂಬಿ.,5,ಗಾದೆಗಳನ್ನು ವಿಸ್ತರಿಸುವಾಗ ಅದೇ ಅರ್ಥ ನೀಡುವ ಇನ್ನಿತರ ಗಾದೆಗಳನ್ನು ಹೆಸರಿಸಬೇಕು,,,,
kannada-8thstd,ಬಿಟ್ಟ ಸ್ಥಳ ತುಂಬಿ.,6,ಗಾದೆಯ ಮೂಲಕ ನಾವು ಕಲಿಯಬೇಕಾದ ಅಥವಾ ತಿಳಿದುಕೊಳ್ಳಬೇಕಾದ ನೀತಿಯನ್ನು,,,,
kannada-8thstd,ಬಿಟ್ಟ ಸ್ಥಳ ತುಂಬಿ.,1,ಮಾತು ಬೆಳ್ಳಿ; ಮೌನ ಬಂಗಾರ.,,,,
kannada-8thstd,ಬಿಟ್ಟ ಸ್ಥಳ ತುಂಬಿ.,2,ಕೈ ಕೆಸರಾದರೆ ಬಾಯಿ ಮೊಸರು.,,,,
kannada-8thstd,ಬಿಟ್ಟ ಸ್ಥಳ ತುಂಬಿ.,3,ಕುಂಬಾರನಿಗೆ ವರುಷ; ದೊಣ್ಣೆಗೆ ನಿಮಿಷ.,,,,
kannada-8thstd,ಬಿಟ್ಟ ಸ್ಥಳ ತುಂಬಿ.,4,ಗಿಡವಾಗಿ ಬಗ್ಗದ್ದು ಮರವಾಗಿ ಬಗೀತೆ.,,,,
kannada-8thstd,ಬಿಟ್ಟ ಸ್ಥಳ ತುಂಬಿ.,5,ಹಾಸಿಗೆ ಇದ್ದಷ್ಟು ಕಾಲು ಚಾಚು.,,,,
kannada-8thstd,ಬಿಟ್ಟ ಸ್ಥಳ ತುಂಬಿ.,7,ಬೆಕ್ಕಿಗೆ ಚೆಲ್ಲಾಟ; ಇಲಿಗೆ ಪ್ರಾಣ ಸಂಕಟ.,,,,
kannada-8thstd,ಬಿಟ್ಟ ಸ್ಥಳ ತುಂಬಿ.,8,ಊಟಬಲ್ಲವನಿಗೆ ರೋಗವಿಲ್ಲ; ಮಾತು ಬಲ್ಲವನಿಗೆ ಜಗಳ ಇಲ್ಲ.,,,,
kannada-8thstd,ಬಿಟ್ಟ ಸ್ಥಳ ತುಂಬಿ.,9,ದೇಶ ಸುತ್ತಿ ನೋಡು; ಕೋಶ ಓದಿನೋಡು.,,,,
kannada-8thstd,ಕೊಟ್ಟಿರುವ ಪದ್ಯಭಾಗವನ್ನು ಕಂಠಪಾಠ ಮಾಡಿ.,1,ಕೊಟ್ಟಿರುವ ಪದ್ಯಭಾಗವನ್ನು ಕಂಠಪಾಠ ಮಾಡಿ.: ಜೈನರಾದ,,,,
kannada-8thstd,ಕೊಟ್ಟಿರುವ ಪ್ರಶ್ನೆಗಳಿಗೆ ಒಂದು ವಾಕ್ಯದಲ್ಲಿ ಉತ್ತರಿಸಿ.,1,ಪರ್ವತ ಹಿಮ ಯಾವ ಎತ್ತರಕ್ಕೆ ಎದ್ದು ನಿಂತಿದೆ?,,,,
kannada-8thstd,ಕೊಟ್ಟಿರುವ ಪ್ರಶ್ನೆಗಳಿಗೆ ಒಂದು ವಾಕ್ಯದಲ್ಲಿ ಉತ್ತರಿಸಿ.,2,ಪರ್ದೆರೆಗಳು ಯಾವುದಕ್ಕೆ ಮುತ್ತನಿಡುತ್ತಿವೆ?,,,,
kannada-8thstd,ಕೊಟ್ಟಿರುವ ಪ್ರಶ್ನೆಗಳಿಗೆ ಒಂದು ವಾಕ್ಯದಲ್ಲಿ ಉತ್ತರಿಸಿ.,3,ಹಸಿರು ದೀಪವನ್ನು ಎಲ್ಲಿ ಹಚ್ಚಲಾಗಿದೆ?,,,,
kannada-8thstd,ಕೊಟ್ಟಿರುವ ಪ್ರಶ್ನೆಗಳಿಗೆ ಒಂದು ವಾಕ್ಯದಲ್ಲಿ ಉತ್ತರಿಸಿ.,4,ಯಂತ್ರಘೋಷ ಏಳುತ್ತಿರುವ ಬಗೆ ಹೇಗೆ?,,,,
kannada-8thstd,ಕೊಟ್ಟಿರುವ ಪ್ರಶ್ನೆಗಳಿಗೆ ಒಂದು ವಾಕ್ಯದಲ್ಲಿ ಉತ್ತರಿಸಿ.,5,ನಮ್ಮ ಧ್ವಜವನ್ನು ಎತ್ತಿ ಹಿಡಿದಿರುವವರು ಯಾರು?,,,,
kannada-8thstd,ಕೊಟ್ಟಿರುವ ಪ್ರಶ್ನೆಗಳಿಗೆ ಒಂದು ವಾಕ್ಯದಲ್ಲಿ ಉತ್ತರಿಸಿ.,6,ನಮ್ಮ ಪಯಣ ಎತ್ತ ಸಾಗಿದೆ?,,,,
kannada-8thstd,ಕೊಟ್ಟಿರುವ ಪ್ರಶ್ನೆಗಳಿಗೆ ಎರಡು ಮೂರು ವಾಕ್ಯಗಳಲ್ಲಿ ಉತ್ತರಿಸಿ.,1,ಕಣ್ಣು ಬೇರೆಯಾದರೂ ನೋಟ ಒಂದಾಗುವ ಸಂದರ್ಭಗಳನ್ನು ತಿಳಿಸಿ.,,,,
kannada-8thstd,ಕೊಟ್ಟಿರುವ ಪ್ರಶ್ನೆಗಳಿಗೆ ಎರಡು ಮೂರು ವಾಕ್ಯಗಳಲ್ಲಿ ಉತ್ತರಿಸಿ.,2,ಭಾಷೆ ಬೇರೆಯಾದರೂ ಭಾವ ಒಂದು' -ಸಮರ್ಥಿಸಿ.,,,,
kannada-8thstd,ಕೊಟ್ಟಿರುವ ಪ್ರಶ್ನೆಗೆ ಎಂಟು/ಹತ್ತು ವಾಕ್ಯಗಳಲ್ಲಿ ಉತ್ತರಿಸಿ.,1,ನಾವು ಭಾರತೀಯರು ಎಂಬ ಅಭಿಮಾನ ಮಿಡಿಯುವ ಸನ್ನಿವೇಶಗಳನ್ನು ವಿವರಿಸಿ.,,,,
kannada-8thstd,ಕೊಟ್ಟಿರುವ ಪ್ರಶ್ನೆಗೆ ಎಂಟು/ಹತ್ತು ವಾಕ್ಯಗಳಲ್ಲಿ ಉತ್ತರಿಸಿ.,1,"“ಕಣ್ಣು ಬೇರೆ, ನೋಟವೊಂದು”",,,,
kannada-8thstd,ಕೊಟ್ಟಿರುವ ಪ್ರಶ್ನೆಗೆ ಎಂಟು/ಹತ್ತು ವಾಕ್ಯಗಳಲ್ಲಿ ಉತ್ತರಿಸಿ.,2,"“ಭಾಷೆ ಬೇರೆ, ಭಾವವೊಂದು”",,,,
kannada-8thstd,ಕೊಟ್ಟಿರುವ ಪ್ರಶ್ನೆಗೆ ಎಂಟು/ಹತ್ತು ವಾಕ್ಯಗಳಲ್ಲಿ ಉತ್ತರಿಸಿ.,3,"“ಎಲ್ಲೆ ಇರಲಿ, ನಾವು ಒಂದು”",,,,
kannada-8thstd,ಬಿಟ್ಟ ಸ್ಥಳ ತುಂಬಿ.,1,ಬಿಟ್ಟ ಸ್ಥಳ ತುಂಬಿ.: ಯಂತ್ರ,,,,
kannada-8thstd,ಬಿಟ್ಟ ಸ್ಥಳ ತುಂಬಿ.,2,ಬಿಟ್ಟ ಸ್ಥಳ ತುಂಬಿ.: ಒಂದೆ ನೆಲದ,,,,
kannada-8thstd,ಬಿಟ್ಟ ಸ್ಥಳ ತುಂಬಿ.,3,ನಮ್ಮ ಯುಗದ ದನಿಗಳಾಗಿ ಮೂಡಿದೆಲ್ಲ,,,,
kannada-8thstd,ಬಿಟ್ಟ ಸ್ಥಳ ತುಂಬಿ.,5,ಬಿಟ್ಟ ಸ್ಥಳ ತುಂಬಿ.: ನಡೆವ,,,,
kannada-8thstd,ಕೊಟ್ಟಿರುವ ಪ್ರಶ್ನೆಗಳಿಗೆ ಉತ್ತರಿಸಿ.,1,ಕೊಟ್ಟಿರುವ ಪ್ರಶ್ನೆಗಳಿಗೆ ಉತ್ತರಿಸಿ.: ಛಂದಸ್ಸು ಎಂದರೇನು?,,,,
kannada-8thstd,ಕೊಟ್ಟಿರುವ ಪ್ರಶ್ನೆಗಳಿಗೆ ಉತ್ತರಿಸಿ.,2,ಪಾಸ ಎಂದರೇನು? ಅದರ ವಿಧಗಳಾವುವು?,,,,
kannada-8thstd,ಕೊಟ್ಟಿರುವ ಪ್ರಶ್ನೆಗಳಿಗೆ ಉತ್ತರಿಸಿ.,3,ಗಣ ಎಂದರೇನು? ವಿವರಿಸಿ.,,,,
kannada-8thstd,ಕೊಟ್ಟಿರುವ ಪ್ರಶ್ನೆಗಳಿಗೆ ಉತ್ತರಿಸಿ.,4,ಭಾರತೀಯತೆ ಪದ್ಯದಲ್ಲಿ ಯಾವ ಪ್ರಾಸವಿದೆ?,,,,
kannada-8thstd,ಕೊಟ್ಟಿರುವ ಪ್ರಶ್ನೆಗಳಿಗೆ ಉತ್ತರಿಸಿ.,5,ಭಾರತೀಯತೆ ಪದ್ಯದ ಮೂರನೆಯ ಚರಣದಲ್ಲಿರುವ ಪ್ರಾಸಾಕ್ಷರ ಪದಗಳನ್ನು ಬರೆಯಿರಿ.,,,,
kannada-8thstd,ಕೊಟ್ಟಿರುವ ಪದ್ಯಭಾಗವನ್ನು ಕಂಠಪಾಠ ಮಾಡಿ.,1,ಕೊಟ್ಟಿರುವ ಪದ್ಯಭಾಗವನ್ನು ಕಂಠಪಾಠ ಮಾಡಿ.: ನಾಡಿಗಾಗಿ,,,,
kannada-8thstd,ಕೆಳಗಿನ ಪ್ರಶ್ನೆಗಳಿಗೆ ಒಂದು ವಾಕ್ಯದಲ್ಲಿ ಉತ್ತರಿಸಿ.,1,ಪುರಂದರದಾಸರ ಅಂಕಿತ ಯಾವುದು?,,,,
kannada-8thstd,ಕೆಳಗಿನ ಪ್ರಶ್ನೆಗಳಿಗೆ ಒಂದು ವಾಕ್ಯದಲ್ಲಿ ಉತ್ತರಿಸಿ.,2,ಜಪದ ಫಲ' ನಮಗೆ ಸಿಗಬೇಕಾದರೆ ಯಾವುದನ್ನು ಬಿಡಬೇಕು ?,,,,
kannada-8thstd,ಕೆಳಗಿನ ಪ್ರಶ್ನೆಗಳಿಗೆ ಒಂದು ವಾಕ್ಯದಲ್ಲಿ ಉತ್ತರಿಸಿ.,3,ಮಂತ್ರ ಪಠನೆಯ ಫಲ ಸಿಗಬೇಕೆಂದರೆ ಮನುಜ ಏನನ್ನು ಬಿಡಬೇಕು?,,,,
kannada-8thstd,ಕೆಳಗಿನ ಪ್ರಶ್ನೆಗಳಿಗೆ ಒಂದು ವಾಕ್ಯದಲ್ಲಿ ಉತ್ತರಿಸಿ.,4,ಗೀತೆಯನ್ನು ಓದಿದಷ್ಟು ಫಲ ಯಾವಾಗ ದೊರೆಯುತ್ತದೆ ?,,,,
kannada-8thstd,ಕೆಳಗಿನ ಪ್ರಶ್ನೆಗಳಿಗೆ ಮೂರು-ನಾಲ್ಕು ವಾಕ್ಯದಲ್ಲಿ ಉತ್ತರಿಸಿ.,1,ಯಾತ್ರೆ ಮಾಡುವುದು ಮತ್ತು ಗೀತೆಯನ್ನು ಓದಿದರೆ ದೊರೆಯುವ ಫಲವೇನು?,,,,
kannada-8thstd,ಕೆಳಗಿನ ಪ್ರಶ್ನೆಗಳಿಗೆ ಮೂರು-ನಾಲ್ಕು ವಾಕ್ಯದಲ್ಲಿ ಉತ್ತರಿಸಿ.,2,ಜಪ ಹಾಗೂ ಉಪವಾಸ ವ್ರತಗಳ ಫಲ ಯಾವಾಗ ದೊರೆಯುವುದಿಲ್ಲ?,,,,
kannada-8thstd,ಕೆಳಗಿನ ಹೇಳಿಕೆಗಳಿಗೆ ಸಂದರ್ಭಸಹಿತ ಸ್ವಾರಸ್ಯವನ್ನು ಬರೆಯಿರಿ.,1,“ಮಂತ್ರವ ಪಠನೆಯ ಮಾಡಿದರೇನು ಫಲ”,,,,
kannada-8thstd,ಕೆಳಗಿನ ಹೇಳಿಕೆಗಳಿಗೆ ಸಂದರ್ಭಸಹಿತ ಸ್ವಾರಸ್ಯವನ್ನು ಬರೆಯಿರಿ.,2,ಕೆಳಗಿನ ಹೇಳಿಕೆಗಳಿಗೆ ಸಂದರ್ಭಸಹಿತ ಸ್ವಾರಸ್ಯವನ್ನು ಬರೆಯಿರಿ.: “ಮಾತಾಪಿತರನು ಬಳಲಿಸುವಾತನು”,,,,
kannada-8thstd,ಕೆಳಗಿನ ಹೇಳಿಕೆಗಳಿಗೆ ಸಂದರ್ಭಸಹಿತ ಸ್ವಾರಸ್ಯವನ್ನು ಬರೆಯಿರಿ.,3,“ಸ್ನಾನವ ಮಾಡಿದರೇನು ಫಲ”,,,,
kannada-8thstd,ಕೆಳಗಿನ ಹೇಳಿಕೆಗಳಿಗೆ ಸಂದರ್ಭಸಹಿತ ಸ್ವಾರಸ್ಯವನ್ನು ಬರೆಯಿರಿ.,1,ಪುರಂದರ ದಾಸರ ದೃಷ್ಟಿಯಲ್ಲಿ ನಮ್ಮ ಶ್ರಮಕ್ಕೆ ಫಲ ದೊರೆಯುವುದು ಯಾವಾಗ ?,,,,
kannada-8thstd,ಕೆಳಗಿನ ಗಾದೆಗಳನ್ನು ವಿಸ್ತರಿಸಿ ಬರೆಯಿರಿ.,1,ಕೋಪದಿಂದ ಕೊಯ್ದ ಮೂಗು ಮತ್ತೆ ಬಂದಿತೇ?,,,,
kannada-8thstd,ಕೆಳಗಿನ ಗಾದೆಗಳನ್ನು ವಿಸ್ತರಿಸಿ ಬರೆಯಿರಿ.,2,ಆಚಾರವೇ ಸ್ವರ್ಗ; ಅನಾಚಾರವೇ ನರಕ,,,,
kannada-8thstd,ಕೊಟ್ಟಿರುವ ಪ್ರಶ್ನೆಗಳಿಗೆ ಒಂದು ವಾಕ್ಯದಲ್ಲಿ ಉತ್ತರಿಸಿ.,1,ನಿಜವಾದ ಬಂಧು ಯಾರು?,,,,
kannada-8thstd,ಕೊಟ್ಟಿರುವ ಪ್ರಶ್ನೆಗಳಿಗೆ ಒಂದು ವಾಕ್ಯದಲ್ಲಿ ಉತ್ತರಿಸಿ.,2,ಧಾರ್ಮಿಕನೆಂದು ಯಾರನ್ನು ಕರೆಯಲಾಗಿದೆ?,,,,
kannada-8thstd,ಕೊಟ್ಟಿರುವ ಪ್ರಶ್ನೆಗಳಿಗೆ ಒಂದು ವಾಕ್ಯದಲ್ಲಿ ಉತ್ತರಿಸಿ.,3,ಕೊಟ್ಟಿರುವ ಪ್ರಶ್ನೆಗಳಿಗೆ ಒಂದು ವಾಕ್ಯದಲ್ಲಿ ಉತ್ತರಿಸಿ.: ರಾಜನಾದವನ ಕರ್ತವ್ಯವೇನು?,,,,
kannada-8thstd,ಕೊಟ್ಟಿರುವ ಪ್ರಶ್ನೆಗಳಿಗೆ ಒಂದು ವಾಕ್ಯದಲ್ಲಿ ಉತ್ತರಿಸಿ.,4,ಆಲದ ಮರದ ಬೀಜ ಸಿಡಿದು ಭೂಮಿಗೆ ಬಿದ್ದು ಏನಾಗುತ್ತದೆ?,,,,
kannada-8thstd,ಕೊಟ್ಟಿರುವ ಪ್ರಶ್ನೆಗಳಿಗೆ ಒಂದು ವಾಕ್ಯದಲ್ಲಿ ಉತ್ತರಿಸಿ.,5,ಪುಲಿಗೆರೆ ಸೋಮನಾಥನ ಅಂಕಿತನಾಮವೇನು?,,,,
kannada-8thstd,ಕೊಟ್ಟಿರುವ ಪ್ರಶ್ನೆಗಳಿಗೆ ಎರಡು-ಮೂರು ವಾಕ್ಯಗಳಲ್ಲಿ ಉತ್ತರಿಸಿ,1,ಸುವ್ರತಿ ಹಾಗೂ ಸುತನ ಬಗೆಗೆ ಕವಿ ಏನು ಹೇಳಿದ್ದಾನೆ?,,,,
kannada-8thstd,ಕೊಟ್ಟಿರುವ ಪ್ರಶ್ನೆಗಳಿಗೆ ಎರಡು-ಮೂರು ವಾಕ್ಯಗಳಲ್ಲಿ ಉತ್ತರಿಸಿ,2,ಭಟ ಮತ್ತು ದ್ವಿಜರ ಲಕ್ಷಣಗಳೇನು?,,,,
kannada-8thstd,ಕೊಟ್ಟಿರುವ ಪ್ರಶ್ನೆಗಳಿಗೆ ಐದು-ಆರು ವಾಕ್ಯಗಳಲ್ಲಿ ಉತ್ತರಿಸಿ.,1,ಶ್ರೇಷ್ಠ ಮಂತ್ರಿಯಲ್ಲಿರಬೇಕಾದ ಲಕ್ಷಣಗಳೇನು?,,,,
kannada-8thstd,ಕೊಟ್ಟಿರುವ ಪ್ರಶ್ನೆಗಳಿಗೆ ಐದು-ಆರು ವಾಕ್ಯಗಳಲ್ಲಿ ಉತ್ತರಿಸಿ.,2,ಬಡವ ಬಲ್ಲಿದನಾಗುವನು ಎಂಬುದಕ್ಕೆ ಕವಿ ನೀಡಿರುವ ನಿದರ್ಶನಗಳಾವುವು?,,,,
kannada-8thstd,ಕೊಟ್ಟಿರುವ ಪ್ರಶ್ನೆಗಳಿಗೆ ಐದು-ಆರು ವಾಕ್ಯಗಳಲ್ಲಿ ಉತ್ತರಿಸಿ.,1,“ಸದ್ಧರ್ಮದಾ ಸತಿಯೇ ಸರ್ವಕೆ ಸಾಧನಂ”,,,,
kannada-8thstd,ಕೊಟ್ಟಿರುವ ಪ್ರಶ್ನೆಗಳಿಗೆ ಐದು-ಆರು ವಾಕ್ಯಗಳಲ್ಲಿ ಉತ್ತರಿಸಿ.,2,“ಅತಿ ಗಂಭೀರನುದಾರ ಧೀರನು,,,,
kannada-8thstd,ಕೊಟ್ಟಿರುವ ಪ್ರಶ್ನೆಗಳಿಗೆ ಐದು-ಆರು ವಾಕ್ಯಗಳಲ್ಲಿ ಉತ್ತರಿಸಿ.,3,“ಉಡುರಾಜಂ ಕಳೆಗುಂದಿ ಪೆರ್ಚದಿಹನೇ”,,,,
kannada-8thstd,ಮೊದಲೆರಡು ಪದಗಳಿಗಿರುವ ಸಂಬಂಧದಂತೆ ಮೂರನೆಯ ಪದಕ್ಕೆ ಸಂಬಂಧಿಸಿದ ಪದ ಬರೆಯಿರಿ.,1,ಮೊದಲೆರಡು ಪದಗಳಿಗಿರುವ ಸಂಬಂಧದಂತೆ ಮೂರನೆಯ ಪದಕ್ಕೆ ಸಂಬಂಧಿಸಿದ ಪದ ಬರೆಯಿರಿ.: ಮಿಡಿ,,,,
kannada-8thstd,ಮೊದಲೆರಡು ಪದಗಳಿಗಿರುವ ಸಂಬಂಧದಂತೆ ಮೂರನೆಯ ಪದಕ್ಕೆ ಸಂಬಂಧಿಸಿದ ಪದ ಬರೆಯಿರಿ.,2,ಮೊದಲೆರಡು ಪದಗಳಿಗಿರುವ ಸಂಬಂಧದಂತೆ ಮೂರನೆಯ ಪದಕ್ಕೆ ಸಂಬಂಧಿಸಿದ ಪದ ಬರೆಯಿರಿ.: ನೃಗೋಧ :,,,,
kannada-8thstd,ಮೊದಲೆರಡು ಪದಗಳಿಗಿರುವ ಸಂಬಂಧದಂತೆ ಮೂರನೆಯ ಪದಕ್ಕೆ ಸಂಬಂಧಿಸಿದ ಪದ ಬರೆಯಿರಿ.,3,ಭಕ್ತಿಯುಳ್ಳ : ಆಗಮಸಂಧಿ : :,,,,
kannada-8thstd,ಮೊದಲೆರಡು ಪದಗಳಿಗಿರುವ ಸಂಬಂಧದಂತೆ ಮೂರನೆಯ ಪದಕ್ಕೆ ಸಂಬಂಧಿಸಿದ ಪದ ಬರೆಯಿರಿ.,4,ಧರ್ಮ : ಅಧರ್ಮ,,,,
kannada-8thstd,ಮೊದಲೆರಡು ಪದಗಳಿಗಿರುವ ಸಂಬಂಧದಂತೆ ಮೂರನೆಯ ಪದಕ್ಕೆ ಸಂಬಂಧಿಸಿದ ಪದ ಬರೆಯಿರಿ.,5,ಕಾರ್ಯ : ಕಜ್ಜ,,,,
kannada-8thstd,ಕೊಟ್ಟಿರುವ ಪ್ರಶ್ನೆಗಳಿಗೆ ಉತ್ತರಿಸಿ.,1,ಕೊಟ್ಟಿರುವ ಪ್ರಶ್ನೆಗಳಿಗೆ ಉತ್ತರಿಸಿ.: ಅಲಂಕಾರ ಎಂದರೇನು?,,,,
kannada-8thstd,General Exercise,2,ಉಪಮಾಲಂಕಾರ ಎಂದರೇನು? ನಿದರ್ಶನ ಸಹಿತ ವಿವರಿಸಿ.,,,,
kannada-8thstd,General Exercise,3,ಪೂರ್ಣೋಪಮಾಲಂಕಾರ ಎಂದರೇನು? ವಿವರಣೆ ನೀಡಿ.,,,,
kannada-8thstd,ಕೊಟ್ಟಿರುವ ವಾಕ್ಯದಲ್ಲಿರುವ ಅಲಂಕಾರವನ್ನು ಹೆಸರಿಸಿ ಸಮನ್ವಯ ಮಾಡಿ.,1,ಸೀತೆಯ ಮುಖ ಕಮಲದಂತೆ ಅರಳಿತು.,,,,
kannada-8thstd,ಕೊಟ್ಟಿರುವ ವಾಕ್ಯದಲ್ಲಿರುವ ಅಲಂಕಾರವನ್ನು ಹೆಸರಿಸಿ ಸಮನ್ವಯ ಮಾಡಿ.,2,ಗೀಜಗನ ಗೂಡುಗಳು ತೂಗುವ ತೊಟ್ಟಿಲಿನಂತೆ ತೂಗುತ್ತಿದ್ದವು.,,,,
kannada-8thstd,General Exercise,1,ಗಾಳಿಯಲ್ಲಿ ಬೂದಿಯನ್ನು ತೂರಿದಾಗ ಎಲ್ಲಿ ಬೀಳುತ್ತದೆ?,,,,
kannada-8thstd,General Exercise,2,ಬೂದಿಯನ್ನು ಹೊಳೆಯಲ್ಲಿ ಹರಿಯಬಿಟ್ಟಾಗ ಯಾರಿಗೆ ಸಿಗುತ್ತದೆ?,,,,
kannada-8thstd,General Exercise,3,ದೇಹ ಏಕೆ ವ್ಯರ್ಥವಾಗಿದೆ?,,,,
kannada-8thstd,General Exercise,4,ಬೂದಿಯನ್ನು ಕೊಳದಲ್ಲಿ ಬಿಡುವುದರಿಂದ ಬದುಕು ಧನ್ಯವಾಗುವುದು ಹೇಗೆ?,,,,
kannada-8thstd,General Exercise,5,ಸಾರ್ಥಕ ಪದ್ಯದ ಯಾವ ಅಂಶಗಳನ್ನು ನೀವು ಮೆಚ್ಚುವಿರಿ?,,,,
kannada-8thstd,General Exercise,9,General Exercise: ಆಹುತಿ,,,,
kannada-8thstd,General Exercise,1,ರೈಲಿನಲ್ಲಿ ಸಿಕ್ಕಿದ ಮುದುಕನ ಉದ್ಯೋಗವೇನು?,,,,
kannada-8thstd,General Exercise,2,ಯುವಕನು ರೈಲಿನಲ್ಲಿ ಸಿಕ್ಕಿದ ಮುದುಕನ ಮನೆಗೆ ಏಕೆ ಬಂದನು?,,,,
kannada-8thstd,General Exercise,3,ಮುದುಕನ ಮಗಳು ಮತ್ತು ಸೊಸೆಯ ಹೆಸರೇನು?,,,,
kannada-8thstd,General Exercise,4,ವರದಕ್ಷಿಣೆಯ ಪಿಶಾಚಿ ಯಾರನ್ನು ಬಲಿ ತೆಗೆದುಕೊಂಡಿದೆ?,,,,
kannada-8thstd,General Exercise,5,ಯುವಕನು ಬಡವರ ಹುಡುಗಿಯನ್ನು ಮದುವೆಯಾಗದಿರಲು ಕಾರಣಗಳೇನು?,,,,
kannada-8thstd,General Exercise,6,ಪತ್ರಿಕೆಯನ್ನು ತೋರಿಸಿ ವಿಜಯಳು ಅಣ್ಣನಿಗೆ ಏನು ಹೇಳಿದಳು?,,,,
kannada-8thstd,General Exercise,3,ಮಗಳಿಗೆ ಬರೆದ ಪತ್ರ,,,,
kannada-8thstd,General Exercise,1,ಈ ಪತ್ರವನ್ನು ನೆಹರುರವರು ಯಾರಿಗೆ ಬರೆದಿದ್ದಾರೆ?,,,,
kannada-8thstd,General Exercise,2,ಹೂಯಾನ್‌ತ್ಸಾಂಗ್ ಭರತಖಂಡಕ್ಕೆ ಏಕೆ ಬಂದನು?,,,,
kannada-8thstd,General Exercise,3,ನಲಂದ ವಿಶ್ವವಿದ್ಯಾನಿಲಯವು ಎಲ್ಲಿತ್ತು?,,,,
kannada-8thstd,General Exercise,4,ದಕ್ಷಿಣ ದೇಶದಿಂದ ಬಂದ ಯಾತ್ರಿಕ ಅವನ ವೇಷದ ಬಗ್ಗೆ ಏನು ಹೇಳುತ್ತಿದ್ದನು?,,,,
kannada-8thstd,General Exercise,5,ಬಾಪೂಜಿಯವರ ವ್ಯಕ್ತಿತ್ವದ ಬಗ್ಗೆ ನೆಹರೂರವರು ಏನು ಹೇಳಿದ್ದಾರೆ?,,,,
kannada-8thstd,General Exercise,6,ತೆರೆಮರೆಯಲ್ಲಿ ಕೆಲಸ ಮಾಡಿದರೆ ಯಾವ ಅರ್ಥ ಬರುತ್ತದೆ?,,,,
kannada-9thstd,General Exercise,1,"ರಾಷ್ಟ್ರೀಯ ಹಾಗೂ ರಾಜ್ಯ ಪಠ್ಯಕ್ರಮ ಚೌಕಟ್ಟುಗಳು ಮತ್ತು ಸಂವಿಧಾನದ ಆಶಯಗಳಿಗೆ ವ್ಯತಿರಿಕ್ತವಾಗದಂತೆ,",,,,
kannada-9thstd,General Exercise,5,ನಿರ್ದಿಷ್ಟ ಪಠ್ಯಗಳನ್ನು ಬೋಧಿಸುವ ಶಿಕ್ಷಕರಿಂದ ಪಡೆದುಕೊಂಡ ಅಭಿಪ್ರಾಯಗಳು ಸಹ ಪ್ರಸ್ತುತ ಪರಿಷ್ಕರಣೆಯಲ್ಲಿ,,,,
kannada-9thstd,General Exercise,1,General Exercise: ಪ್ರಜಾನಿಷ್ಠೆ,,,,
kannada-9thstd,ಕೊಟ್ಟಿರುವ ಪ್ರಶ್ನೆಗಳಿಗೆ ಒಂದು ವಾಕ್ಯದಲ್ಲಿ ಉತ್ತರಿಸಿ.,1,ಚೋಳರು ಮತ್ತು ಹೊಯ್ಸಳರ ನಡುವೆ ಎಲ್ಲಿ ಯುದ್ಧ ನಡೆಯಿತು?,,,,
kannada-9thstd,ಕೊಟ್ಟಿರುವ ಪ್ರಶ್ನೆಗಳಿಗೆ ಒಂದು ವಾಕ್ಯದಲ್ಲಿ ಉತ್ತರಿಸಿ.,2,ಸಾಮ್ರಾಟನು ರಾಜಧಾನಿಯಲ್ಲಿ ಇಲ್ಲದಿದ್ದಾಗ ರಾಜ್ಯದ ಸಂರಕ್ಷಕರಾಗಿ ನಿಂತಿದ್ದವರು ಯಾರು?,,,,
kannada-9thstd,ಕೊಟ್ಟಿರುವ ಪ್ರಶ್ನೆಗಳಿಗೆ ಒಂದು ವಾಕ್ಯದಲ್ಲಿ ಉತ್ತರಿಸಿ.,3,ಬನದಮ್ಮನ ಹಳ್ಳಿಯ ಜನರು ಎಲ್ಲಿ ಪಂಚಾಯಿತಿ ಸೇರಿದ್ದರು?,,,,
kannada-9thstd,ಕೊಟ್ಟಿರುವ ಪ್ರಶ್ನೆಗಳಿಗೆ ಒಂದು ವಾಕ್ಯದಲ್ಲಿ ಉತ್ತರಿಸಿ.,4,ಬನದಮ್ಮನ ಹಳ್ಳಿಯ ಪಂಚಾಯಿತಿಯಲ್ಲಿ ಯಾರಾರ ನಡುವಿನ ನ್ಯಾಯ ತೀರ್ಮಾನವಾಗುತ್ತಿತ್ತು?,,,,
kannada-9thstd,ಕೊಟ್ಟಿರುವ ಪ್ರಶ್ನೆಗಳಿಗೆ ಮೂರು ನಾಲ್ಕು ವಾಕ್ಯಗಳಲ್ಲಿ ಉತ್ತರಿಸಿ.,1,ತಲಕಾಡಿನ ಲೂಟಿಯ ವಿಚಾರದಲ್ಲಿ ವಿಷ್ಣುವರ್ಧನನ ನಿಲುವೇನು?,,,,
kannada-9thstd,ಕೊಟ್ಟಿರುವ ಪ್ರಶ್ನೆಗಳಿಗೆ ಮೂರು ನಾಲ್ಕು ವಾಕ್ಯಗಳಲ್ಲಿ ಉತ್ತರಿಸಿ.,2,ಬನದಮ್ಮನ ಹಳ್ಳಿಯ ದೇವಾಲಯದ ಮುಂದೆ ಯಾವ ವಿಚಾರವಾಗಿ ಚರ್ಚೆ,,,,
kannada-9thstd,ಕೊಟ್ಟಿರುವ ಪ್ರಶ್ನೆಗಳಿಗೆ ಮೂರು ನಾಲ್ಕು ವಾಕ್ಯಗಳಲ್ಲಿ ಉತ್ತರಿಸಿ.,3,ದೈವದವರ ತೀರ್ಪಿನ ಬಗೆಗೆ ಶಾಂತಲೆಯ ಅಭಿಪ್ರಾಯವೇನು?,,,,
kannada-9thstd,ಕೊಟ್ಟಿರುವ ಪ್ರಶ್ನೆಗಳಿಗೆ ಮೂರು ನಾಲ್ಕು ವಾಕ್ಯಗಳಲ್ಲಿ ಉತ್ತರಿಸಿ.,4,ಶಾಂತಲೆಯು ನೀಡಿದ ತೀರ್ಪೇನು?,,,,
kannada-9thstd,ಕೊಟ್ಟಿರುವ ಪ್ರಶ್ನೆಗಳಿಗೆ ಎಂಟು - ಹತ್ತು ವಾಕ್ಯಗಳಲ್ಲಿ ಉತ್ತರಿಸಿ.,1,ಚೋಳ ದೊರೆ ಕುಲೋತ್ತುಂಗನು ಹೊಯ್ಸಳ ಸಾಮ್ರಾಜ್ಯದ ಮೇಲೆ ಯುದ್ಧ,,,,
kannada-9thstd,ಕೊಟ್ಟಿರುವ ಪ್ರಶ್ನೆಗಳಿಗೆ ಎಂಟು - ಹತ್ತು ವಾಕ್ಯಗಳಲ್ಲಿ ಉತ್ತರಿಸಿ.,2,ಬನದಮ್ಮನ ಹಳ್ಳಿಯ ಪಂಚಾಯಿತಿಯಲ್ಲಿ ನಡೆದ ನ್ಯಾಯ ಹಾಗೂ ಅದರ ತೀರ್ಪಿನ ಬಗ್ಗೆ,,,,
kannada-9thstd,ಸಂದರ್ಭ ಸಹಿತ ಸ್ವಾರಸ್ಯವನ್ನು ವಿವರಿಸಿ.,1,ಸಂದರ್ಭ ಸಹಿತ ಸ್ವಾರಸ್ಯವನ್ನು ವಿವರಿಸಿ.: “ತಲಕಾಡುಗೊಂಡನಿಗೆ ಜಯವಾಗಲಿ”,,,,
kannada-9thstd,ಸಂದರ್ಭ ಸಹಿತ ಸ್ವಾರಸ್ಯವನ್ನು ವಿವರಿಸಿ.,2,“ಸೆರೆಸಿಕ್ಕ ಸೈನಿಕರ ಮೇಲೆ ದೌರ್ಜನ್ಯ ನಡೆಸುವುದು ಯೋಧ ಧರ್ಮ ಅಲ್ಲ”,,,,
kannada-9thstd,ಸಂದರ್ಭ ಸಹಿತ ಸ್ವಾರಸ್ಯವನ್ನು ವಿವರಿಸಿ.,3,“ತಂಬುಲ ಉಗದ ಮ್ಯಾಲೆ ಮತ್ತೆ ಎತ್ತಿ ಬಾಯಿಗಾಕ್ಕೊಳ್ಳೋ ಕೆಟ್ಟತನ ಬ್ಯಾಡಾ”,,,,
kannada-9thstd,ಬಿಟ್ಟ ಸ್ಥಳದಲ್ಲಿ ಸೂಕ್ತಪದವನ್ನು ತುಂಬಿರಿ.,1,ಬಿಟ್ಟ ಸ್ಥಳದಲ್ಲಿ ಸೂಕ್ತಪದವನ್ನು ತುಂಬಿರಿ.: ದ್ವಾರಸಮುದ್ರದ ಸೇನೆ,,,,
kannada-9thstd,ಬಿಟ್ಟ ಸ್ಥಳದಲ್ಲಿ ಸೂಕ್ತಪದವನ್ನು ತುಂಬಿರಿ.,2,ಬಿಟ್ಟ ಸ್ಥಳದಲ್ಲಿ ಸೂಕ್ತಪದವನ್ನು ತುಂಬಿರಿ.: ಮಾನವ ತನ್ನ,,,,
kannada-9thstd,ಬಿಟ್ಟ ಸ್ಥಳದಲ್ಲಿ ಸೂಕ್ತಪದವನ್ನು ತುಂಬಿರಿ.,3,ನಿಮ್ಮ ಊರಿನ ಹಣ ನಮ್ಮೂರಿನ,,,,
kannada-9thstd,ಬಿಟ್ಟ ಸ್ಥಳದಲ್ಲಿ ಸೂಕ್ತಪದವನ್ನು ತುಂಬಿರಿ.,4,ಬನದಮ್ಮನ ಹಳ್ಳಿಯ ಜನರಿಗೆ,,,,
kannada-9thstd,ಬನದಮ್ಮನಹಳ್ಳಿಯ ದೇವಾಲಯದ ಮುಂದೆ ನಡೆದ ಪಂಚಾಯಿತಿಯ ಸನ್ನಿವೇಶವನ್ನು,1,"ವಸ್ತುವಾಚಕ ಅಥವಾ ನಾಮವಾಚಕ : ಯಾವುದೇ ವಸ್ತು, ವ್ಯಕ್ತಿ, ಪ್ರಾಣಿ ಹಾಗೂ ಸ್ಥಳಗಳಿಗೆ ಇರುವ",,,,
kannada-9thstd,"ಅನ್ವರ್ಥನಾಮ : ವಸ್ತುವಿನ ರೂಪ, ಗುಣ, ವೃತ್ತಿ, ಸ್ವಭಾವಾದಿ ವಿಶೇಷವಾದ ಹಾಗೂ ಅರ್ಥಕ್ಕೆ",2,"ಗುಣವಾಚಕ : ವಸ್ತು ಅಥವಾ ವ್ಯಕ್ತಿಗಳ ಗುಣ, ರೀತಿ ಸ್ವಭಾವಗಳನ್ನು ತಿಳಿಸುವ ವಿಶೇಷಣಗಳಿಗೆ",,,,
kannada-9thstd,"ಅನ್ವರ್ಥನಾಮ : ವಸ್ತುವಿನ ರೂಪ, ಗುಣ, ವೃತ್ತಿ, ಸ್ವಭಾವಾದಿ ವಿಶೇಷವಾದ ಹಾಗೂ ಅರ್ಥಕ್ಕೆ",3,ಸಂಖ್ಯಾವಾಚಕ : ಸಂಖ್ಯೆಯನ್ನು ಹೇಳುವ ಶಬ್ದಗಳನ್ನು ಸಂಖ್ಯಾ ವಾಚಕಗಳು.,,,,
kannada-9thstd,"ಅನ್ವರ್ಥನಾಮ : ವಸ್ತುವಿನ ರೂಪ, ಗುಣ, ವೃತ್ತಿ, ಸ್ವಭಾವಾದಿ ವಿಶೇಷವಾದ ಹಾಗೂ ಅರ್ಥಕ್ಕೆ",4,ಸಂಖ್ಯೆಯ ವಾಚಕ : ಸಂಖ್ಯೆಯಿಂದ ಕೂಡಿದ ವಸ್ತುಗಳನ್ನು ಹೇಳುವ ಶಬ್ದಗಳೆಲ್ಲಾ ಸಂಖ್ಯೆಯ,,,,
kannada-9thstd,"ಅನ್ವರ್ಥನಾಮ : ವಸ್ತುವಿನ ರೂಪ, ಗುಣ, ವೃತ್ತಿ, ಸ್ವಭಾವಾದಿ ವಿಶೇಷವಾದ ಹಾಗೂ ಅರ್ಥಕ್ಕೆ",5,ಭಾವನಾಮ : ವಸ್ತುಗಳ ಮತ್ತು ಕ್ರಿಯೆಯ ಭಾವವನ್ನು ತಿಳಿಸುವ ಶಬ್ದಗಳನ್ನು 'ಭಾವನಾಮ',,,,
kannada-9thstd,"ಅನ್ವರ್ಥನಾಮ : ವಸ್ತುವಿನ ರೂಪ, ಗುಣ, ವೃತ್ತಿ, ಸ್ವಭಾವಾದಿ ವಿಶೇಷವಾದ ಹಾಗೂ ಅರ್ಥಕ್ಕೆ",7,ಪ್ರಕಾರ ವಾಚಕ : ವಸ್ತುಗಳ ಸ್ಥಿತಿ ಅಥವಾ ರೀತಿಗಳನ್ನು ತಿಳಿಸುವ ಶಬ್ದಗಳನ್ನು 'ಪ್ರಕಾರ ವಾಚಕ',,,,
kannada-9thstd,"ಅನ್ವರ್ಥನಾಮ : ವಸ್ತುವಿನ ರೂಪ, ಗುಣ, ವೃತ್ತಿ, ಸ್ವಭಾವಾದಿ ವಿಶೇಷವಾದ ಹಾಗೂ ಅರ್ಥಕ್ಕೆ",8,ದಿಗ್ವಾಚಕಗಳು : ದಿಕ್ಕುಗಳ ಹೆಸರನ್ನು ಸೂಚಿಸುವ ಶಬ್ದಗಳನ್ನು 'ದಿಗ್ವಾಚಕ' ಎನ್ನುವರು.,,,,
kannada-9thstd,"ಅನ್ವರ್ಥನಾಮ : ವಸ್ತುವಿನ ರೂಪ, ಗುಣ, ವೃತ್ತಿ, ಸ್ವಭಾವಾದಿ ವಿಶೇಷವಾದ ಹಾಗೂ ಅರ್ಥಕ್ಕೆ",9,ಸರ್ವನಾಮ : ನಾಮಪದಗಳ ಬದಲಾಗಿ ಬಳಸುವ ಪದಗಳಿಗೆ ಸರ್ವನಾಮಗಳು ಎನ್ನುವರು.,,,,
kannada-9thstd,"ಅನ್ವರ್ಥನಾಮ : ವಸ್ತುವಿನ ರೂಪ, ಗುಣ, ವೃತ್ತಿ, ಸ್ವಭಾವಾದಿ ವಿಶೇಷವಾದ ಹಾಗೂ ಅರ್ಥಕ್ಕೆ",1,ಪುರುಷಾರ್ಥಕ ಸರ್ವನಾಮ : ಪುರುಷಾರ್ಥಕ ಸರ್ವನಾಮಗಳಲ್ಲಿ ಮೂರು ವಿಧ.,,,,
kannada-9thstd,ಪ್ರಥಮ ಪುರುಷ : ಮಾತನಾಡುವವನಿಂದ ದೂರವಿರುವ ವ್ಯಕ್ತಿ ಇಲ್ಲವೇ ವಸ್ತುವನ್ನು,2,ಆತ್ಮಾರ್ಥಕ ಸರ್ವನಾಮ : ಮಾತನಾಡುವವನು ತನ್ನನ್ನು ಹಾಗೂ ಇತರರನ್ನು ಗೌರವ ಸೂಚಕವಾಗಿ,,,,
kannada-9thstd,ಪ್ರಥಮ ಪುರುಷ : ಮಾತನಾಡುವವನಿಂದ ದೂರವಿರುವ ವ್ಯಕ್ತಿ ಇಲ್ಲವೇ ವಸ್ತುವನ್ನು,3,ಪ್ರಶ್ನಾರ್ಥಕ ಸರ್ವನಾಮ : ಪ್ರಶ್ನೆಯಿಂದ ಕೂಡಿದ ಎಲ್ಲ ಸರ್ವನಾಮಗಳನ್ನು ಪ್ರಶ್ನಾರ್ಥಕ,,,,
kannada-9thstd,ಕೊಟ್ಟಿರುವ ಪ್ರಶ್ನೆಗಳಿಗೆ ಒಂದು ವಾಕ್ಯದಲ್ಲಿ ಉತ್ತರಿಸಿ.,1,ರೈಗಳ ಮನೆ ಎಂಥ ಪ್ರದೇಶದಲ್ಲಿತ್ತು?,,,,
kannada-9thstd,ಕೊಟ್ಟಿರುವ ಪ್ರಶ್ನೆಗಳಿಗೆ ಒಂದು ವಾಕ್ಯದಲ್ಲಿ ಉತ್ತರಿಸಿ.,2,ಲೇಖಕರಿಗೆ ಜಯಪುರದ ಮನೆಗಳ ಮೇಲೆ ಮೋಹವೇಕೆ?,,,,
kannada-9thstd,ಕೊಟ್ಟಿರುವ ಪ್ರಶ್ನೆಗಳಿಗೆ ಒಂದು ವಾಕ್ಯದಲ್ಲಿ ಉತ್ತರಿಸಿ.,3,ಜಯಪುರದ ಜನರಿಗೆ ಯಾವ ಯಾವ ಬಣ್ಣಗಳು ಇಷ್ಟ?,,,,
kannada-9thstd,ಕೊಟ್ಟಿರುವ ಪ್ರಶ್ನೆಗಳಿಗೆ ಒಂದು ವಾಕ್ಯದಲ್ಲಿ ಉತ್ತರಿಸಿ.,4,ಜಯಪುರದ ಪೂರ್ವದ ರಾಜಧಾನಿ ಯಾವುದು?,,,,
kannada-9thstd,ಕೊಟ್ಟಿರುವ ಪ್ರಶ್ನೆಗಳಿಗೆ ಒಂದು ವಾಕ್ಯದಲ್ಲಿ ಉತ್ತರಿಸಿ.,5,ಕೊಟ್ಟಿರುವ ಪ್ರಶ್ನೆಗಳಿಗೆ ಒಂದು ವಾಕ್ಯದಲ್ಲಿ ಉತ್ತರಿಸಿ.: ಲೇಖಕರಿಗಿದ್ದ ಹಂಬಲವೇನು?,,,,
kannada-9thstd,ಕೊಟ್ಟಿರುವ ಪ್ರಶ್ನೆಗಳಿಗೆ ಎರಡು-ಮೂರು ವಾಕ್ಯಗಳಲ್ಲಿ ಉತ್ತರಿಸಿ.,1,"ಜಯಪುರದ ಬೀದಿ ಹಾಗೂ ಮನೆಗಳ ಸೌಂದರ್ಯವನ್ನು ವರ್ಣಿಸಿ,",,,,
kannada-9thstd,ಕೊಟ್ಟಿರುವ ಪ್ರಶ್ನೆಗಳಿಗೆ ಎರಡು-ಮೂರು ವಾಕ್ಯಗಳಲ್ಲಿ ಉತ್ತರಿಸಿ.,2,ಲೇಖಕರ ಮೊದಲ ಅಂಬೇರ ಭೇಟಿಗೂ ಇತ್ತೀಚಿನ ಭೇಟಿಗೂ ಯಾವ ವ್ಯತ್ಯಾಸವಿತ್ತು?,,,,
kannada-9thstd,ಕೊಟ್ಟಿರುವ ಪ್ರಶ್ನೆಗಳಿಗೆ ಎರಡು-ಮೂರು ವಾಕ್ಯಗಳಲ್ಲಿ ಉತ್ತರಿಸಿ.,3,ಮೀರಾಬಾಯಿ ದೇವಾಲಯದ ಸೌಂದರ್ಯವನ್ನು ವಿವರಿಸಿ.,,,,
kannada-9thstd,ಕೊಟ್ಟಿರುವ ಪ್ರಶ್ನೆಗಳಿಗೆ ಎರಡು-ಮೂರು ವಾಕ್ಯಗಳಲ್ಲಿ ಉತ್ತರಿಸಿ.,4,ಲೇಖಕರು ನೋಡಿದ ಜನಪದ ನೃತ್ಯದ ಸೊಬಗನ್ನು ಚಿತ್ರಿಸಿ.,,,,
kannada-9thstd,ಕೊಟ್ಟಿರುವ ಪ್ರಶ್ನೆಗಳಿಗೆ ಎರಡು-ಮೂರು ವಾಕ್ಯಗಳಲ್ಲಿ ಉತ್ತರಿಸಿ.,1,ಜಯಪುರದ ಜನರಿಗೆ ಬಣ್ಣಗಳ ಬಗೆಗೆ ಇರುವ ಮೋಹವನ್ನು ತಿಳಿಸಿ.,,,,
kannada-9thstd,ಕೊಟ್ಟಿರುವ ಪ್ರಶ್ನೆಗಳಿಗೆ ಎರಡು-ಮೂರು ವಾಕ್ಯಗಳಲ್ಲಿ ಉತ್ತರಿಸಿ.,2,ಅಂಬೇರ ಬೆಟ್ಟದ ಮೂರು ಅಂತಸ್ತಿನ ಅರಮನೆಯ ಒಳಾಂಗಣ ಚೆಲುವನ್ನು ತಿಳಿಸಿ.,,,,
kannada-9thstd,ಕೊಟ್ಟಿರುವ ಪ್ರಶ್ನೆಗಳಿಗೆ ಎರಡು-ಮೂರು ವಾಕ್ಯಗಳಲ್ಲಿ ಉತ್ತರಿಸಿ.,3,ಜಂತ್ರ ಮಂತ್ರದ ವಿಶೇಷತೆಯನ್ನು ಪರಿಚಯ ಮಾಡಿಕೊಡಿ.,,,,
kannada-9thstd,ಸಂದರ್ಭಸಹಿತ ಸ್ವಾರಸ್ಯವನ್ನು ವಿವರಿಸಿ.,1,“ಅಲ್ಲಿ ಮಧ್ಯಾಹ್ನ ವೇಳೆ ಸ್ನಾನಕ್ಕೆ ನೀರು ಕಾಯಿಸುವ ಅಗತ್ಯವಿಲ್ಲ.”,,,,
kannada-9thstd,ಸಂದರ್ಭಸಹಿತ ಸ್ವಾರಸ್ಯವನ್ನು ವಿವರಿಸಿ.,2,ಸಂದರ್ಭಸಹಿತ ಸ್ವಾರಸ್ಯವನ್ನು ವಿವರಿಸಿ.: ಗಂಡಸರೂ ರಂಗುರಾಯರೇ”,,,,
kannada-9thstd,ಸಂದರ್ಭಸಹಿತ ಸ್ವಾರಸ್ಯವನ್ನು ವಿವರಿಸಿ.,3,“ಪ್ರಾಚೀನ ಗುಡಿಗೋಪುರಗಳು ಗೂಬೆಯ ಮನೆಗಳಾಗಿದ್ದವು”,,,,
kannada-9thstd,ಸಂದರ್ಭಸಹಿತ ಸ್ವಾರಸ್ಯವನ್ನು ವಿವರಿಸಿ.,4,“ಚಾವಡಿಗೆ ನಕ್ಷತ್ರಲೋಕದ ಸೊಬಗನ್ನು ಕೊಡುತ್ತವೆ”,,,,
kannada-9thstd,ಬಿಟ್ಟ ಜಾಗಗಳನ್ನು ಸೂಕ್ತ ಪದಗಳಿಂದ ತುಂಬಿರಿ.,1,ಬಿಟ್ಟ ಜಾಗಗಳನ್ನು ಸೂಕ್ತ ಪದಗಳಿಂದ ತುಂಬಿರಿ.: ಜಯಪುರ ಬಣ್ಣಗಾರರ,,,,
kannada-9thstd,ಬಿಟ್ಟ ಜಾಗಗಳನ್ನು ಸೂಕ್ತ ಪದಗಳಿಂದ ತುಂಬಿರಿ.,2,ಬಿಟ್ಟ ಜಾಗಗಳನ್ನು ಸೂಕ್ತ ಪದಗಳಿಂದ ತುಂಬಿರಿ.: ಚಿತ್ರಕೊರೆದು ಮಾಡಿದ,,,,
kannada-9thstd,ಬಿಟ್ಟ ಜಾಗಗಳನ್ನು ಸೂಕ್ತ ಪದಗಳಿಂದ ತುಂಬಿರಿ.,3,ರಾಜರ ಅಂತಃಪುರದ ಕೆಲವು ಭಾಗಗಳಲ್ಲಿ,,,,
kannada-9thstd,ಬಿಟ್ಟ ಜಾಗಗಳನ್ನು ಸೂಕ್ತ ಪದಗಳಿಂದ ತುಂಬಿರಿ.,4,ಬಿಟ್ಟ ಜಾಗಗಳನ್ನು ಸೂಕ್ತ ಪದಗಳಿಂದ ತುಂಬಿರಿ.: ಹಿಮ್ಮೇಳಕ್ಕೆ,,,,
kannada-9thstd,ಬಿಟ್ಟ ಜಾಗಗಳನ್ನು ಸೂಕ್ತ ಪದಗಳಿಂದ ತುಂಬಿರಿ.,5,ಬಿಟ್ಟ ಜಾಗಗಳನ್ನು ಸೂಕ್ತ ಪದಗಳಿಂದ ತುಂಬಿರಿ.: ಮಿತ್ರ ರೈಗಳ,,,,
kannada-9thstd,ಹೊಂದಿಸಿ ಬರೆಯಿರಿ.,5,ಹೊಂದಿಸಿ ಬರೆಯಿರಿ.: ಶೃಂಗಾರ,,,,
kannada-9thstd,ಹೊಂದಿಸಿ ಬರೆಯಿರಿ.,1,ಆಕರ ಮತ್ತು ಆಕಾರ,,,,
kannada-9thstd,ಹೊಂದಿಸಿ ಬರೆಯಿರಿ.,2,ವಿಭಿನ್ನ ಅರ್ಥಗಳನ್ನು ಕೊಡುವ ಇಂಥ ಪದಗಳ ಜೋಡಿಗಳನ್ನು ಬರೆಯಿರಿ.,,,,
kannada-9thstd,ಕ್ರಿಯಾಪದ ಎಂದರೇನು?,2,ಸಕರ್ಮಕ ಧಾತುವನ್ನು ಉದಾಹರಣೆ ಸಹಿತ ವಿವರಿಸಿ.,,,,
kannada-9thstd,ಕ್ರಿಯಾಪದ ಎಂದರೇನು?,8,ಕೊಟ್ಟಿರುವ ವಾಕ್ಯಗಳಲ್ಲಿ ಸಕರ್ಮಕ ಮತ್ತು ಅಕರ್ಮಕ ಧಾತುಗಳನ್ನು ಗುರುತಿಸಿ ಬರೆಯಿರಿ.,,,,
kannada-9thstd,ಕೊಟ್ಟಿರುವ ಪ್ರಶ್ನೆಗಳಿಗೆ ಉತ್ತರಿಸಿ.,1,ಕರ್ತರಿ ಪ್ರಯೋಗ ವಾಕ್ಯದ ವಿಶೇಷತೆಯನ್ನು ತಿಳಿಸಿ.,,,,
kannada-9thstd,ಕೊಟ್ಟಿರುವ ಪ್ರಶ್ನೆಗಳಿಗೆ ಉತ್ತರಿಸಿ.,2,ವಿಧ್ಯರ್ಥಕ ಕ್ರಿಯಾಪದ ಎಂದರೇನು? ಎರಡು ಉದಾಹರಣೆ ಕೊಡಿ.,,,,
kannada-9thstd,ಕೊಟ್ಟಿರುವ ಪ್ರಶ್ನೆಗಳಿಗೆ ಉತ್ತರಿಸಿ.,3,ಸಂಭಾವನಾರ್ಥಕ ಕ್ರಿಯಾಪದವನ್ನು ಸೂತ್ರ ಸಹಿತ ವಿವರಿಸಿ.,,,,
kannada-9thstd,ಕೊಟ್ಟಿರುವ ನಾಲ್ಕು ಆಯ್ಕೆಗಳಲ್ಲಿ ಸರಿಯಾದ ಉತ್ತರವನ್ನು ಆರಿಸಿ ಬರೆಯಿರಿ.,1,ದೇವರು ಎಲ್ಲರಿಗೂ ಒಳ್ಳೆಯದನ್ನೇ ಉಂಟು ಮಾಡಲಿ' ಈ ವಾಕ್ಯದಲ್ಲಿರುವ ಕ್ರಿಯಾಪದ.,,,,
kannada-9thstd,ತಿನ್ನಲಿ,3,ಇದು ಈ ಗುಂಪಿಗೆ ಸೇರದ ಪದವಾಗಿದೆ,,,,
kannada-9thstd,ಉಪಮಾ,4,ಎಳಸಿರ್ಪ' ಈ ಪದದ ಅರ್ಥ,,,,
kannada-9thstd,ತಿನ್ನುತ್ತಾನೆ,2,ತಿನ್ನುತ್ತಾನೆ: ಮಂದಾನಿಲ,,,,
kannada-9thstd,ಕೊಟ್ಟಿರುವ ವಿಷಯಗಳನ್ನು ಕುರಿತು ಒಂದು ಪುಟಕ್ಕೆ ಮೀರದಂತೆ ಪ್ರಬಂಧ ಬರೆಯಿರಿ.,1,ಕೊಟ್ಟಿರುವ ವಿಷಯಗಳನ್ನು ಕುರಿತು ಒಂದು ಪುಟಕ್ಕೆ ಮೀರದಂತೆ ಪ್ರಬಂಧ ಬರೆಯಿರಿ.: ಜನಸಂಖ್ಯೆ,,,,
kannada-9thstd,ಕೊಟ್ಟಿರುವ ವಿಷಯಗಳನ್ನು ಕುರಿತು ಒಂದು ಪುಟಕ್ಕೆ ಮೀರದಂತೆ ಪ್ರಬಂಧ ಬರೆಯಿರಿ.,2,ಕೊಟ್ಟಿರುವ ವಿಷಯಗಳನ್ನು ಕುರಿತು ಒಂದು ಪುಟಕ್ಕೆ ಮೀರದಂತೆ ಪ್ರಬಂಧ ಬರೆಯಿರಿ.: ನಿರುದ್ಯೋಗ,,,,
kannada-9thstd,ಈ ಕೆಳಗಿನ ಪ್ರಶ್ನೆಗಳಿಗೆ ಒಂದು ವಾಕ್ಯದಲ್ಲಿ ಉತ್ತರಿಸಿ:,1,ಅಮಾತ್ಯರು ಯಾವ ವಿಷಯದಲ್ಲಿ ನಿಪುಣರಾಗಿರಬೇಕು?,,,,
kannada-9thstd,ಈ ಕೆಳಗಿನ ಪ್ರಶ್ನೆಗಳಿಗೆ ಒಂದು ವಾಕ್ಯದಲ್ಲಿ ಉತ್ತರಿಸಿ:,2,ರಾಜನು ಯಾವ ಕಾರ್ಯವನ್ನು ಕೂಡಲೇ ಆಚರಣೆಗೆ ತರಬೇಕು?,,,,
kannada-9thstd,ಈ ಕೆಳಗಿನ ಪ್ರಶ್ನೆಗಳಿಗೆ ಒಂದು ವಾಕ್ಯದಲ್ಲಿ ಉತ್ತರಿಸಿ:,3,ಕಷ್ಟಕಾಲದಲ್ಲಿ ಸಹಾಯಕ್ಕೆ ನಿಲ್ಲುವವನು ಯಾರು?,,,,
kannada-9thstd,ಈ ಕೆಳಗಿನ ಪ್ರಶ್ನೆಗಳಿಗೆ ಒಂದು ವಾಕ್ಯದಲ್ಲಿ ಉತ್ತರಿಸಿ:,4,ರಾಜನಿಗೆ ಮಹತ್ತರವಾದ ಶ್ರೇಯಸ್ಸನ್ನು ತಂದುಕೊಡಬಲ್ಲವನು ಯಾರು?,,,,
kannada-9thstd,ಈ ಕೆಳಗಿನ ಪ್ರಶ್ನೆಗಳಿಗೆ ಒಂದು ವಾಕ್ಯದಲ್ಲಿ ಉತ್ತರಿಸಿ:,5,ದೇಶಕ್ಕೆ ದೊಡ್ಡ ಗಂಡಾಂತರ ತರಬಲ್ಲವರು ಯಾರು?,,,,
kannada-9thstd,ಈ ಕೆಳಗಿನ ಪ್ರಶ್ನೆಗಳಿಗೆ ಒಂದು ವಾಕ್ಯದಲ್ಲಿ ಉತ್ತರಿಸಿ:,6,ಯಾರೊಡನೆ ಸಮಾಲೋಚಿಸುವುದು ರಾಜದೋಷ ಎಂದು ರಾಮನು ಹೇಳುತ್ತಾನೆ?,,,,
kannada-9thstd,ಈ ಕೆಳಗಿನ ಪ್ರಶ್ನೆಗಳಿಗೆ ಐದಾರು ವಾಕ್ಯಗಳಲ್ಲಿ ಉತ್ತರಿಸಿ:,1,ಮಂತ್ರಾಲೋಚನೆಯನ್ನು ಹೇಗೆ ನಡೆಸಬೇಕೆಂದು ರಾಮನ ಅಭಿಪ್ರಾಯ?,,,,
kannada-9thstd,ಈ ಕೆಳಗಿನ ಪ್ರಶ್ನೆಗಳಿಗೆ ಐದಾರು ವಾಕ್ಯಗಳಲ್ಲಿ ಉತ್ತರಿಸಿ:,2,ರಾಜ್ಯದ ಅಮಾತ್ಯರಲ್ಲಿ ಯಾವ ಗುಣಗಳಿರಬೇಕು?,,,,
kannada-9thstd,ಈ ಕೆಳಗಿನ ಪ್ರಶ್ನೆಗಳಿಗೆ ಐದಾರು ವಾಕ್ಯಗಳಲ್ಲಿ ಉತ್ತರಿಸಿ:,4,ಈ ಕೆಳಗಿನ ಪ್ರಶ್ನೆಗಳಿಗೆ ಐದಾರು ವಾಕ್ಯಗಳಲ್ಲಿ ಉತ್ತರಿಸಿ:: ದೂತನು ಹೇಗಿರಬೇಕು?,,,,
kannada-9thstd,ಈ ಕೆಳಗಿನ ಪ್ರಶ್ನೆಗಳಿಗೆ ಐದಾರು ವಾಕ್ಯಗಳಲ್ಲಿ ಉತ್ತರಿಸಿ:,5,ಸೇವಕರ ವಿಷಯದಲ್ಲಿ ರಾಜನು ಹೇಗೆ ವರ್ತಿಸಬೇಕು?,,,,
kannada-9thstd,ಈ ಕೆಳಗಿನ ಪ್ರಶ್ನೆಗಳಿಗೆ ಐದಾರು ವಾಕ್ಯಗಳಲ್ಲಿ ಉತ್ತರಿಸಿ:,6,ಖಜಾನೆಯನ್ನು ಹೇಗೆ ನಿಭಾಯಿಸಬೇಕೆಂದು ರಾಮನು ಹೇಳುತ್ತಾನೆ?,,,,
kannada-9thstd,ಈ ಕೆಳಗಿನ ಪ್ರಶ್ನೆಗಳಿಗೆ ೮-೧೦ ವಾಕ್ಯಗಳಲ್ಲಿ ವಿಸ್ತಾರವಾಗಿ ಉತ್ತರಿಸಿ:,1,ರಾಜ್ಯಾಡಳಿತದ ವಿಷಯದಲ್ಲಿ ರಾಮನ ಉಪದೇಶವನ್ನು ಸಂಗ್ರಹವಾಗಿ ಬರೆಯಿರಿ.,,,,
kannada-9thstd,ಈ ಕೆಳಗಿನ ಪ್ರಶ್ನೆಗಳಿಗೆ ೮-೧೦ ವಾಕ್ಯಗಳಲ್ಲಿ ವಿಸ್ತಾರವಾಗಿ ಉತ್ತರಿಸಿ:,2,ರಾಜನಲ್ಲಿ ತಲೆದೋರಬಹುದಾದ ಹದಿನಾಲ್ಕು ದೋಷಗಳ ಬಗ್ಗೆ ವಿವರಿಸಿ.,,,,
kannada-9thstd,ಸಂದರ್ಭ ಸಹಿತ ಸ್ವಾರಸ್ಯವನ್ನು ವಿವರಿಸಿ.,1,“ಸಾವಿರ ಮೂರ್ಖರಿಗಿಂತಲೂ ಒಬ್ಬ ಪಂಡಿತ ಲೇಸು.”,,,,
kannada-9thstd,ಸಂದರ್ಭ ಸಹಿತ ಸ್ವಾರಸ್ಯವನ್ನು ವಿವರಿಸಿ.,2,“ದೂತನು ಕಾರ್ಯಸಮರ್ಥನೂ ಪ್ರತಿಭಾಶಾಲಿಯೂ ಆಗಿರಬೇಕು.”,,,,
kannada-9thstd,ಸಂದರ್ಭ ಸಹಿತ ಸ್ವಾರಸ್ಯವನ್ನು ವಿವರಿಸಿ.,3,“ನಿನ್ನ ಆದಾಯವು ವ್ಯಯಕ್ಕಿಂತ ಹೆಚ್ಚಿದೆ ತಾನೆ?”,,,,
kannada-9thstd,ಈ ಕೆಳಗಿನ ಪದಗಳನ್ನು ಬಿಡಿಸಿ ಸಂಧಿ ಹೆಸರಿಸಿರಿ.,1,ಲೋಪಸಂಧಿ : ಸ್ವರದ ಮುಂದೆ ಸ್ವರವು ಬಂದು ಸಂಧಿಯಾಗುವಾಗ ಪೂರ್ವಪದದಲ್ಲಿರುವ,,,,
kannada-9thstd,ಈ ಕೆಳಗಿನ ಪದಗಳನ್ನು ಬಿಡಿಸಿ ಸಂಧಿ ಹೆಸರಿಸಿರಿ.,2,ಆಗಮಸಂಧಿ : ಸ್ವರದ ಮುಂದೆ ಸ್ವರವು ಬಂದು ಸಂಧಿಯಾದಾಗ ಪೂರ್ವಪದದ ಕೊನೆಯ,,,,
kannada-9thstd,ಈ ಕೆಳಗಿನ ಪದಗಳನ್ನು ಬಿಡಿಸಿ ಸಂಧಿ ಹೆಸರಿಸಿರಿ.,3,"ಆದೇಶಸಂಧಿ : ಉತ್ತರ ಪದದ ಆದಿಯಲ್ಲಿರುವ ಕ,ತ,ಪ ವ್ಯಂಜನಗಳಿಗೆ ಕ್ರಮವಾಗಿ ಗದ,ಬ",,,,
kannada-9thstd,ಕೊಟ್ಟಿರುವ ಪ್ರಶ್ನೆಗಳಿಗೆ ಉತ್ತರ ಬರೆಯಿರಿ.,1,ಆದೇಶ ಸಂಧಿ ಎಂದರೇನು? ಉದಾಹರಣೆ ಕೊಡಿ.,,,,
kannada-9thstd,ಕೊಟ್ಟಿರುವ ಪ್ರಶ್ನೆಗಳಿಗೆ ಉತ್ತರ ಬರೆಯಿರಿ.,2,ಕ್ರಿಯಾಸಮಾಸ ಎಂದರೇನು? ಉದಾಹರಣೆ ಕೊಡಿ.,,,,
kannada-9thstd,ಕೊಟ್ಟಿರುವ ಮೊದಲೆರಡು ಪದಗಳಿಗಿರುವ ಸಂಬಂಧದಂತೆ ಮೂರನೆಯ ಪದಕ್ಕೆ,1,"ಯ್ಲ್,ವ್ : ಅವರ್ಗೀಯ ವ್ಯಂಜನಗಳು :: ಜ್, ಇ, ಣ್, ನ್, ಮ್ :",,,,
kannada-9thstd,ಕೊಟ್ಟಿರುವ ಮೊದಲೆರಡು ಪದಗಳಿಗಿರುವ ಸಂಬಂಧದಂತೆ ಮೂರನೆಯ ಪದಕ್ಕೆ,2,ತುಪ್ಪಳದಂತೆ : ಲೋಪ ಸಂಧಿ :: ಬೆಟ್ಟದಾವರೆ :,,,,
kannada-9thstd,ಕೊಟ್ಟಿರುವ ಮೊದಲೆರಡು ಪದಗಳಿಗಿರುವ ಸಂಬಂಧದಂತೆ ಮೂರನೆಯ ಪದಕ್ಕೆ,3,ಈ ಹೊನ್ನು : ಗಮಕ ಸಮಾಸ :: ಸ್ಥಾಪನೆ ಮಾಡು :,,,,
kannada-9thstd,ಕೊಟ್ಟಿರುವ ಮೊದಲೆರಡು ಪದಗಳಿಗಿರುವ ಸಂಬಂಧದಂತೆ ಮೂರನೆಯ ಪದಕ್ಕೆ,4,ಮಳೆಯಲ್ಲಿ : ಆಗಮ ಸಂಧಿ :: ಮೆಲ್ವಾತು,,,,
kannada-9thstd,ಕೊಟ್ಟಿರುವ ಗಾದೆಯನ್ನು ವಿಸ್ತರಿಸಿ ಬರೆಯಿರಿ.,1,"ತುಂಬಿದ ಕೊಡ ತುಳುಕುವುದಿಲ್ಲ,",,,,
kannada-9thstd,ಕೊಟ್ಟಿರುವ ಗಾದೆಯನ್ನು ವಿಸ್ತರಿಸಿ ಬರೆಯಿರಿ.,2,ಕೊಟ್ಟಿರುವ ಗಾದೆಯನ್ನು ವಿಸ್ತರಿಸಿ ಬರೆಯಿರಿ.: ಬೆಳ್ಳಗಿರುವುದೆಲ್ಲ ಹಾಲಲ್ಲ.,,,,
kannada-9thstd,ಕೊಟ್ಟಿರುವ ಗಾದೆಯನ್ನು ವಿಸ್ತರಿಸಿ ಬರೆಯಿರಿ.,1,ರಾಮರಾಜ್ಯದ ಪರಿಕಲ್ಪನೆಗೂ ಕೌಟಿಲ್ಯನು ಪ್ರತಿಪಾದಿಸಿರುವ ರಾಜ್ಯಾಡಳಿತದ ಅಂಶಗಳಿಗೂ,,,,
kannada-9thstd,ಕೊಟ್ಟಿರುವ ಗಾದೆಯನ್ನು ವಿಸ್ತರಿಸಿ ಬರೆಯಿರಿ.,2,ಡಾ. ಎನ್. ರಂಗನಾಥ ಶರ್ಮಾ ಅವರ ಇನ್ನಿತರ ಕೃತಿಗಳನ್ನು ಓದಿ ಅಭ್ಯಸಿಸಿರಿ.,,,,
kannada-9thstd,ಕೊಟ್ಟಿರುವ ಗಾದೆಯನ್ನು ವಿಸ್ತರಿಸಿ ಬರೆಯಿರಿ.,4,ಆದರ್ಶ ಶಿಕ್ಷಕ ಸರ್ವೇಪಲ್ಲಿ ರಾಧಾಕೃಷ್ಣನ್,,,,
kannada-9thstd,ಕೊಟ್ಟಿರುವ ಪ್ರಶ್ನೆಗಳಿಗೆ ಒಂದು ವಾಕ್ಯದಲ್ಲಿ ಉತ್ತರಿಸಿ.,1,ರಾಧಾಕೃಷ್ಣನ್ ಅವರ ತಂದೆತಾಯಿಯರ ಹೆಸರೇನು?,,,,
kannada-9thstd,ಕೊಟ್ಟಿರುವ ಪ್ರಶ್ನೆಗಳಿಗೆ ಒಂದು ವಾಕ್ಯದಲ್ಲಿ ಉತ್ತರಿಸಿ.,2,ರಾಧಾಕೃಷ್ಣನ್ ಅವರ ತಂದೆಯ ಅಪೇಕ್ಷೆ ಏನಾಗಿತ್ತು?,,,,
kannada-9thstd,ಕೊಟ್ಟಿರುವ ಪ್ರಶ್ನೆಗಳಿಗೆ ಒಂದು ವಾಕ್ಯದಲ್ಲಿ ಉತ್ತರಿಸಿ.,3,ರಾಷ್ಟ್ರಪತಿಗಳಾಗಿ ಪಡೆಯುತ್ತಿದ್ದ ವೇತನವನ್ನು ರಾಧಾಕೃಷ್ಣನ್ ಅವರು ಹೇಗೆ,,,,
kannada-9thstd,ಕೊಟ್ಟಿರುವ ಪ್ರಶ್ನೆಗಳಿಗೆ ಒಂದು ವಾಕ್ಯದಲ್ಲಿ ಉತ್ತರಿಸಿ.,4,ರಾಧಾಕೃಷ್ಣನ್ ಅವರ ಜನ್ಮ ದಿನವನ್ನು ಯಾವ ಹೆಸರಿನಿಂದ ಆಚರಿಸಲಾಗುತ್ತಿದೆ?,,,,
kannada-9thstd,ಸಂದರ್ಭಸಹಿತ ಸ್ವಾರಸ್ಯವನ್ನು ವಿವರಿಸಿ.,1,“ನೀವೊಬ್ಬರೇ ನನ್ನನ್ನು ಒಬ್ಬ ಮನುಷ್ಯನಂತೆ ಕಂಡು ವರ್ತಿಸಿದವರು”,,,,
kannada-9thstd,ಸಂದರ್ಭಸಹಿತ ಸ್ವಾರಸ್ಯವನ್ನು ವಿವರಿಸಿ.,2,*ಆರ್ಥಿಕ ಪರಿಸ್ಥಿತಿ ತಮ್ಮ ಸಾಧನೆಯಲ್ಲಿ ನಿವಾರಿಸಲಾಗದ ತೊಡಕೆಂದು ಭಾವಿಸಲಿಲ್ಲ”,,,,
kannada-9thstd,ಸಂದರ್ಭಸಹಿತ ಸ್ವಾರಸ್ಯವನ್ನು ವಿವರಿಸಿ.,3,“ಏರು ಜವ್ವನದ ಯುವಕರಂತೆ ಹಾಸ್ಯ ವಿನೋದಗಳಲ್ಲಿ ತೊಡಗುತ್ತಿದ್ದರು”,,,,
kannada-9thstd,ಸಂದರ್ಭಸಹಿತ ಸ್ವಾರಸ್ಯವನ್ನು ವಿವರಿಸಿ.,4,“ಅಶೋಕನು ಕಳಿಂಗ ಯುದ್ಧದ ಅನಂತರ ಶ್ರೇಷ್ಠ ಮನುಷ್ಯನಾದಂತೆ ನೀವೂ ಆಗುವಿರಿ”,,,,
kannada-9thstd,ಸಂದರ್ಭಸಹಿತ ಸ್ವಾರಸ್ಯವನ್ನು ವಿವರಿಸಿ.,5,“ಮಾನವತೆಯೇ ವಿಶ್ವ ಅನುಸರಿಸಬೇಕಾದ ಮಾರ್ಗ”,,,,
kannada-9thstd,ಕೊಟ್ಟಿರುವ ಪ್ರತಿಯೊಂದು ಪ್ರಶ್ನೆಗೂ ನೀಡಿರುವ ನಾಲ್ಕು ಆಯ್ಕೆಗಳಲ್ಲಿ ಸೂಕ್ತ ಉತ್ತರವನ್ನು ಆರಿಸಿ,2,ರಾಧಾಕೃಷ್ಣನ್ ಅವರು ಸಂದರ್ಶಕ ಪ್ರಾಧ್ಯಾಪಕರಾಗಿ ಕಾರ್ಯ ನಿರ್ವಹಿಸಿದ,,,,
kannada-9thstd,ಹೊಂದಿಸಿ ಬರೆಯಿರಿ,2,ಹೊಂದಿಸಿ ಬರೆಯಿರಿ: ಭಾರತೀಯ ವಿದ್ಯಾಭವನ,,,,
kannada-9thstd,ಕೊಟ್ಟಿರುವ ಪ್ರಶ್ನೆಗಳಿಗೆ ಉತ್ತರಿಸಿ.,1,ಸಂಸ್ಕೃತ ಸಂಧಿ ಎಂದರೇನು? ಅದರ ವಿಧಗಳಾವುವು?,,,,
kannada-9thstd,ಕೊಟ್ಟಿರುವ ಪ್ರಶ್ನೆಗಳಿಗೆ ಉತ್ತರಿಸಿ.,2,ಕೊಟ್ಟಿರುವ ಪ್ರಶ್ನೆಗಳಿಗೆ ಉತ್ತರಿಸಿ.: ಸವರ್ಣದೀರ್ಘಸಂಧಿ ಎಂದರೇನು?,,,,
kannada-9thstd,ಕೊಟ್ಟಿರುವ ಪ್ರಶ್ನೆಗಳಿಗೆ ಉತ್ತರಿಸಿ.,3,ಗುಣಸಂಧಿ ಎಂದರೇನು? ಉದಾಹರಣೆ ಕೊಡಿ.,,,,
kannada-9thstd,ಕೊಟ್ಟಿರುವ ಗಾದೆ ಮಾತುಗಳನ್ನು ವಿಸ್ತರಿಸಿ ಬರೆಯಿರಿ.,1,ಹಿತ್ತಲ ಗಿಡ ಮದ್ದಲ್ಲ.,,,,
kannada-9thstd,ಕೊಟ್ಟಿರುವ ಗಾದೆ ಮಾತುಗಳನ್ನು ವಿಸ್ತರಿಸಿ ಬರೆಯಿರಿ.,2,ದೂರದ ಬೆಟ್ಟ ನುಣ್ಣಗೆ.,,,,
kannada-9thstd,ಕೊಟ್ಟಿರುವ ಪ್ರಶ್ನೆಗಳಿಗೆ ಒಂದು ವಾಕ್ಯದಲ್ಲಿ ಉತ್ತರಿಸಿ.,1,ಮುದ್ದು ಪಾರಿವಾಳಗಳ ಜೋಡಿ ಎಲ್ಲಿ ಸಂಸಾರ ಹೂಡಿದ್ದವು?,,,,
kannada-9thstd,ಕೊಟ್ಟಿರುವ ಪ್ರಶ್ನೆಗಳಿಗೆ ಒಂದು ವಾಕ್ಯದಲ್ಲಿ ಉತ್ತರಿಸಿ.,2,ಜೋಡಿ ಪಾರಿವಾಳಗಳು ಹೇಗೆ ಬಾಳುತ್ತಿದ್ದವು?,,,,
kannada-9thstd,ಕೊಟ್ಟಿರುವ ಪ್ರಶ್ನೆಗಳಿಗೆ ಒಂದು ವಾಕ್ಯದಲ್ಲಿ ಉತ್ತರಿಸಿ.,3,ಬಲೆಯಲ್ಲಿದ್ದ ಮರಿಗಳು ಹೊರಗೆ ಬರಲು ಏನು ಮಾಡಿದವು?,,,,
kannada-9thstd,ಕೊಟ್ಟಿರುವ ಪ್ರಶ್ನೆಗಳಿಗೆ ಒಂದು ವಾಕ್ಯದಲ್ಲಿ ಉತ್ತರಿಸಿ.,4,ಏನನ್ನು ತೊರೆದು ಬಾಳಬೇಕು?,,,,
kannada-9thstd,ಕೊಟ್ಟಿರುವ ಪ್ರಶ್ನೆಗಳಿಗೆ ಮೂರು-ನಾಲ್ಕು ವಾಕ್ಯಗಳಲ್ಲಿ ಉತ್ತರಿಸಿ.,1,ಪಾರಿವಾಳಗಳ ಆನಂದಕ್ಕೆ ಕಾಣವೇನು?,,,,
kannada-9thstd,ಕೊಟ್ಟಿರುವ ಪ್ರಶ್ನೆಗಳಿಗೆ ಮೂರು-ನಾಲ್ಕು ವಾಕ್ಯಗಳಲ್ಲಿ ಉತ್ತರಿಸಿ.,2,ಬೇಡ ಏನು ಮಾಡಿದನು?,,,,
kannada-9thstd,ಕೊಟ್ಟಿರುವ ಪ್ರಶ್ನೆಗಳಿಗೆ ಎಂಟು-ಹತ್ತು ವಾಕ್ಯಗಳಲ್ಲಿ ಉತ್ತರಿಸಿ.,1,ಜೋಡಿ ಪಾರಿವಾಳಗಳ ದುಡುಕಿನ ನಿರ್ಧಾರದ ಬಗ್ಗೆ ನಿಮ್ಮ ಅಭಿಪ್ರಾಯವೇನು?.,,,,
kannada-9thstd,ಕೊಟ್ಟಿರುವ ಪ್ರಶ್ನೆಗಳಿಗೆ ಎಂಟು-ಹತ್ತು ವಾಕ್ಯಗಳಲ್ಲಿ ಉತ್ತರಿಸಿ.,2,ಪಾರಿವಾಳ' ಪದ್ಯದ ಕಥೆಯನ್ನು ನಿಮ್ಮ ಮಾತುಗಳಲ್ಲಿ ಬರೆಯಿರಿ.,,,,
kannada-9thstd,ಸಂದರ್ಭ ಸಹಿತ ಸ್ವಾರಸ್ಯವನ್ನು ವಿವರಿಸಿ.,1,“ಒಳಗೆ ಬಂದಿತು ಬಳಿಗೆ ಬಿಕ್ಕಿ ಬಿಕ್ಕಿ,,,,
kannada-9thstd,ಸಂದರ್ಭ ಸಹಿತ ಸ್ವಾರಸ್ಯವನ್ನು ವಿವರಿಸಿ.,2,“ಮೋಹ ಮುಸುಕಿದ ಬುದ್ಧಿ ಸರ್ವನಾಶದ ಸಿದ್ಧಿ”,,,,
kannada-9thstd,ಉಪಮಾಲಂಕಾರ,2,ಕತ್ತಲೆಯ ಭಯದಿಂದ ಸೂರ ತನ್ನ ಕಿರಣವನ್ನು ಪಸರಿಸದಿರುವನೇ?,,,,
kannada-9thstd,ಕೊಟ್ಟಿರುವ ಪದ್ಯಭಾಗವನ್ನು ಪೂರ್ಣಗೊಳಿಸಿ ಕಂಠಪಾಠ ಮಾಡಿರಿ.,1,ಕೊಟ್ಟಿರುವ ಪದ್ಯಭಾಗವನ್ನು ಪೂರ್ಣಗೊಳಿಸಿ ಕಂಠಪಾಠ ಮಾಡಿರಿ.: ದಟ್ಟ,,,,
kannada-9thstd,ಕೊಟ್ಟಿರುವ ಪದ್ಯಭಾಗವನ್ನು ಪೂರ್ಣಗೊಳಿಸಿ ಕಂಠಪಾಠ ಮಾಡಿರಿ.,2,ಕೊಟ್ಟಿರುವ ಪದ್ಯಭಾಗವನ್ನು ಪೂರ್ಣಗೊಳಿಸಿ ಕಂಠಪಾಠ ಮಾಡಿರಿ.: ಹಗಲಿರುಳು,,,,
kannada-9thstd,ಕೊಟ್ಟಿರುವ ಪ್ರಶ್ನೆಗಳಿಗೆ ಒಂದು ವಾಕ್ಯದಲ್ಲಿ ಉತ್ತರಿಸಿ.,1,ಕವಿ ಎಂತಹ ಹಾಡು ಹಾಡಬೇಕೆಂದು ಬಯಸುವರು?,,,,
kannada-9thstd,ಕೊಟ್ಟಿರುವ ಪ್ರಶ್ನೆಗಳಿಗೆ ಒಂದು ವಾಕ್ಯದಲ್ಲಿ ಉತ್ತರಿಸಿ.,2,ವೀರಧ್ವನಿ ಹೇಗೆ ಏರಬೇಕು?,,,,
kannada-9thstd,ಕೊಟ್ಟಿರುವ ಪ್ರಶ್ನೆಗಳಿಗೆ ಒಂದು ವಾಕ್ಯದಲ್ಲಿ ಉತ್ತರಿಸಿ.,3,ಕಡಿದೊಗೆಯಬೇಕಾದ ಪಾಶಗಳು ಯಾವುವು?,,,,
kannada-9thstd,ಕೊಟ್ಟಿರುವ ಪ್ರಶ್ನೆಗಳಿಗೆ ಒಂದು ವಾಕ್ಯದಲ್ಲಿ ಉತ್ತರಿಸಿ.,4,ಹಾಡು ನುಡಿಗುಂಡುಗಳು ಯಾವುದರ ಬೆನ್ನಟ್ಟಬೇಕು?,,,,
kannada-9thstd,ಕೊಟ್ಟಿರುವ ಪ್ರಶ್ನೆಗಳಿಗೆ ಒಂದು ವಾಕ್ಯದಲ್ಲಿ ಉತ್ತರಿಸಿ.,5,ಬಾನು ಬುವಿ ಯಾವುದರಿಂದ ಬೆಳಗಬೇಕು?,,,,
kannada-9thstd,ಕೊಟ್ಟಿರುವ ಪ್ರಶ್ನೆಗಳಿಗೆ ಮೂರು-ನಾಲ್ಕು ವಾಕ್ಯಗಳಲ್ಲಿ ಉತ್ತರಿಸಿ.,1,ಕವಿ ಎಂತಹ ಹಾಡನ್ನು ಹಾಡಿದಾಗ ವೀರಧ್ವನಿಯೇರಬೇಕು ಎಂದು ಬಯಸುತ್ತಾರೆ?,,,,
kannada-9thstd,ಕೊಟ್ಟಿರುವ ಪ್ರಶ್ನೆಗಳಿಗೆ ಮೂರು-ನಾಲ್ಕು ವಾಕ್ಯಗಳಲ್ಲಿ ಉತ್ತರಿಸಿ.,2,ಕವಿ ಎಂತಹ ಹಾಡು ಗುಡುಗಬೇಕು ಎಂದು ಆಶಿಸುತ್ತಾರೆ?,,,,
kannada-9thstd,ಕೊಟ್ಟಿರುವ ಪ್ರಶ್ನೆಗಳಿಗೆ ಮೂರು-ನಾಲ್ಕು ವಾಕ್ಯಗಳಲ್ಲಿ ಉತ್ತರಿಸಿ.,3,ಈ ಹಾಡು ಹೊಸತು ಎಂದು ಕವಿ ಹೇಳಲು ಕಾರಣವೇನು?,,,,
kannada-9thstd,ಕೊಟ್ಟಿರುವ ಪ್ರಶ್ನೆಗೆ ಎಂಟು-ಹತ್ತು ವಾಕ್ಯಗಳಲ್ಲಿ ಉತ್ತರಿಸಿ.,1,ಹೊಸಹಾಡು ಪದ್ಯದ ಸಾರಾಂಶವನ್ನು ನಿಮ್ಮ ಮಾತುಗಳಲ್ಲಿ ಬರೆಯಿರಿ.,,,,
kannada-9thstd,ಸಂದರ್ಭಸಹಿತ ಸ್ವಾರಸ್ಯವನ್ನು ವಿವರಿಸಿ.,1,“ತೀವ್ರತರ ಗಂಭೀರ ಭಾವನೆಯ ತೆರೆ ಮಸಗಿ ವೀರಧ್ವನಿಯೇರಬೇಕು,,,,
kannada-9thstd,ಸಂದರ್ಭಸಹಿತ ಸ್ವಾರಸ್ಯವನ್ನು ವಿವರಿಸಿ.,2,“ಯುಗಯುಗಗಳಾಚೆಯಲಿ ಲೋಕಲೋಕಾಂತದಲ್ಲಿ ಆ ಹಾಡು ಗುಡುಗಬೇಕು”,,,,
kannada-9thstd,ಸಂದರ್ಭಸಹಿತ ಸ್ವಾರಸ್ಯವನ್ನು ವಿವರಿಸಿ.,3,“ಜಡನಿದ್ರೆ ಸಿಡಿದೆದ್ದ ವೀರಾಟ್ಟಹಾಸದಲಿ ಬಾನು ಬುವಿ ಬೆಳಗಬೇಕು”,,,,
kannada-9thstd,ಸಂದರ್ಭಸಹಿತ ಸ್ವಾರಸ್ಯವನ್ನು ವಿವರಿಸಿ.,4,“ನಡೆನುಡಿಗಳೆಡೆಯಲ್ಲಿ ಪದತಾಳ ಗತಿಯಲ್ಲಿ ಕ್ರಾಂತಿಕಿಡಿ ಕೆರಳಬೇಕು”,,,,
kannada-9thstd,ಸಂದರ್ಭಸಹಿತ ಸ್ವಾರಸ್ಯವನ್ನು ವಿವರಿಸಿ.,5,“ಇದೋ ಮೊದಲು ಮುನ್ನಿಲ್ಲ”,,,,
kannada-9thstd,ಮೊದಲೆರಡು ಪದಗಳಿಗಿರುವ ಸಂಬಂಧದಂತೆ ಮೂರನೆಯ ಪದಕ್ಕೆ ಸಂಬಂಧಿಸಿದ ಪದವನ್ನು,1,ಧ್ವನಿ : ದನಿ :: ಯುಗ :,,,,
kannada-9thstd,ಮೊದಲೆರಡು ಪದಗಳಿಗಿರುವ ಸಂಬಂಧದಂತೆ ಮೂರನೆಯ ಪದಕ್ಕೆ ಸಂಬಂಧಿಸಿದ ಪದವನ್ನು,2,ಲೋಕಾಂತರ : ಸವರ್ಣದೀರ್ಘ ಸಂಧಿ :: ಉನ್ನತೋನ್ನತ :,,,,
kannada-9thstd,ಮೊದಲೆರಡು ಪದಗಳಿಗಿರುವ ಸಂಬಂಧದಂತೆ ಮೂರನೆಯ ಪದಕ್ಕೆ ಸಂಬಂಧಿಸಿದ ಪದವನ್ನು,3,ಬಾನು : ಆಕಾಶ :: ಭಾನು :,,,,
kannada-9thstd,ಕೊಟ್ಟಿರುವ ನಾಲ್ಕು ಆಯ್ಕೆಗಳಲ್ಲಿ ಸರಿಯಾದ ಉತ್ತರವನ್ನು ಆರಿಸಿ ಬರೆಯಿರಿ.,1,ಹೊಸಹಾಡು' ಪದ್ಯದ ಆಕರ ಗ್ರಂಥ,,,,
kannada-9thstd,ಕೊಟ್ಟಿರುವ ನಾಲ್ಕು ಆಯ್ಕೆಗಳಲ್ಲಿ ಸರಿಯಾದ ಉತ್ತರವನ್ನು ಆರಿಸಿ ಬರೆಯಿರಿ.,2,ಹೊಸಹಾಡು' ಪದ್ಯದ ಕವಿ,,,,
kannada-9thstd,ಕೊಟ್ಟಿರುವ ನಾಲ್ಕು ಆಯ್ಕೆಗಳಲ್ಲಿ ಸರಿಯಾದ ಉತ್ತರವನ್ನು ಆರಿಸಿ ಬರೆಯಿರಿ.,3,ಕೊಟ್ಟಿರುವ ನಾಲ್ಕು ಆಯ್ಕೆಗಳಲ್ಲಿ ಸರಿಯಾದ ಉತ್ತರವನ್ನು ಆರಿಸಿ ಬರೆಯಿರಿ.: ಉನ್ನತೋನ್ನತ,,,,
kannada-9thstd,ಕೊಟ್ಟಿರುವ ನಾಲ್ಕು ಆಯ್ಕೆಗಳಲ್ಲಿ ಸರಿಯಾದ ಉತ್ತರವನ್ನು ಆರಿಸಿ ಬರೆಯಿರಿ.,2,ಕೊಟ್ಟಿರುವ ನಾಲ್ಕು ಆಯ್ಕೆಗಳಲ್ಲಿ ಸರಿಯಾದ ಉತ್ತರವನ್ನು ಆರಿಸಿ ಬರೆಯಿರಿ.: ಭೂತಕಾಲ,,,,
kannada-9thstd,ಕೊಟ್ಟಿರುವ ನಾಲ್ಕು ಆಯ್ಕೆಗಳಲ್ಲಿ ಸರಿಯಾದ ಉತ್ತರವನ್ನು ಆರಿಸಿ ಬರೆಯಿರಿ.,3,ಕೊಟ್ಟಿರುವ ನಾಲ್ಕು ಆಯ್ಕೆಗಳಲ್ಲಿ ಸರಿಯಾದ ಉತ್ತರವನ್ನು ಆರಿಸಿ ಬರೆಯಿರಿ.: ಭವಿಷ್ಯತ್ ಕಾಲ,,,,
kannada-9thstd,ಕೊಟ್ಟಿರುವ ಪದ್ಯಭಾಗವನ್ನು ಪೂರ್ಣಗೊಳಿಸಿ ಕಂಠಪಾಠ ಮಾಡಿರಿ.,2,ಕೊಟ್ಟಿರುವ ಪದ್ಯಭಾಗವನ್ನು ಪೂರ್ಣಗೊಳಿಸಿ ಕಂಠಪಾಠ ಮಾಡಿರಿ.: ಜಾತಿ-ಕುಲ,,,,
kannada-9thstd,ಕೊಟ್ಟಿರುವ ಪ್ರಶ್ನೆಗಳಿಗೆ ಒಂದು ವಾಕ್ಯದಲ್ಲಿ ಉತ್ತರಿಸಿ.,1,ಪಾರ್ಥನು ಬಾಣದಿಂದ ಯಾರಿಗೆ ವಂದಿಸಿದನು?,,,,
kannada-9thstd,ಕೊಟ್ಟಿರುವ ಪ್ರಶ್ನೆಗಳಿಗೆ ಒಂದು ವಾಕ್ಯದಲ್ಲಿ ಉತ್ತರಿಸಿ.,2,ಭೀಷ್ಮರು ಎದುರಾದಾಗ ಪಾರ್ಥನು ಏನೆಂದು ಕೇಳಿದನು?,,,,
kannada-9thstd,ಕೊಟ್ಟಿರುವ ಪ್ರಶ್ನೆಗಳಿಗೆ ಒಂದು ವಾಕ್ಯದಲ್ಲಿ ಉತ್ತರಿಸಿ.,3,ಪರಶುರಾಮರಿಂದ ಶರವನ್ನು ಪಡೆದವರು ಯಾರು?,,,,
kannada-9thstd,ಕೊಟ್ಟಿರುವ ಪ್ರಶ್ನೆಗಳಿಗೆ ಒಂದು ವಾಕ್ಯದಲ್ಲಿ ಉತ್ತರಿಸಿ.,4,ಕೃಷ್ಣನು ಚಕ್ರವನ್ನು ಹಿಡಿದಾಗ ಏನಾಯಿತು?,,,,
kannada-9thstd,ಕೊಟ್ಟಿರುವ ಪ್ರಶ್ನೆಗಳಿಗೆ ಮೂರು-ನಾಲ್ಕು ವಾಕ್ಯಗಳಲ್ಲಿ ಉತ್ತರಿಸಿ.,1,ಭೀಷ್ಮರು ಕ್ರೋಧಗೊಳ್ಳಲು ಕಾರಣವೇನು?,,,,
kannada-9thstd,ಕೊಟ್ಟಿರುವ ಪ್ರಶ್ನೆಗಳಿಗೆ ಮೂರು-ನಾಲ್ಕು ವಾಕ್ಯಗಳಲ್ಲಿ ಉತ್ತರಿಸಿ.,2,ಭೂಮಿಯ ನಾಲ್ಕು ದಿಕ್ಕುಗಳಲ್ಲಿ ತಲ್ಲಣವುಂಟಾಯಿತು. ಏಕೆ?,,,,
kannada-9thstd,ಕೊಟ್ಟಿರುವ ಪ್ರಶ್ನೆಗಳಿಗೆ ಮೂರು-ನಾಲ್ಕು ವಾಕ್ಯಗಳಲ್ಲಿ ಉತ್ತರಿಸಿ.,3,ಕೃಷ್ಣನ ಕ್ರೋಧಕ್ಕೆ ಭೀಷ್ಮನು ಹೇಗೆ ಪ್ರತಿಕ್ರಿಯಿಸಿದನು?,,,,
kannada-9thstd,ಕೊಟ್ಟಿರುವ ಪ್ರಶ್ನೆಗಳಿಗೆ ಮೂರು-ನಾಲ್ಕು ವಾಕ್ಯಗಳಲ್ಲಿ ಉತ್ತರಿಸಿ.,4,ಭೀಷ್ಮರು ಕೃಷ್ಣನ ಕೈಹಿಡಿದು ಏನೆಂದು ನಿವೇದಿಸಿಕೊಂಡರು?,,,,
kannada-9thstd,ಸಂದರ್ಭಸಹಿತ ಸ್ವಾರಸ್ಯವನ್ನು ವಿವರಿಸಿ.,1,“ಉಭಯ ಪಕ್ಷದಲ್ಲಿ ನಿಮಗೆ ಭೇದವೆ”,,,,
kannada-9thstd,ಸಂದರ್ಭಸಹಿತ ಸ್ವಾರಸ್ಯವನ್ನು ವಿವರಿಸಿ.,2,ಸಂದರ್ಭಸಹಿತ ಸ್ವಾರಸ್ಯವನ್ನು ವಿವರಿಸಿ.: “ಚತುರ್ದಶಭುವನ ತಲ್ಲಣಿಸಿತು”,,,,
kannada-9thstd,ಸಂದರ್ಭಸಹಿತ ಸ್ವಾರಸ್ಯವನ್ನು ವಿವರಿಸಿ.,3,“ಲೋಕವನ್ನು ರಕ್ಷಿಪ ದೇವ ಮಹಾನುಭಾವ”,,,,
kannada-9thstd,ಸಂದರ್ಭಸಹಿತ ಸ್ವಾರಸ್ಯವನ್ನು ವಿವರಿಸಿ.,4,“ತೃಣವ ಮುರಿವುದಕ್ಕೆ ಕೊಡಲಿಯು ಬೇಕೆ”,,,,
kannada-9thstd,ಕೊಟ್ಟಿರುವ ಕೆಳಗಿನ ಪ್ರಶ್ನೆಗಳಿಗೆ ೮-೧೦ ವಾಕ್ಯಗಳಲ್ಲಿ ಉತ್ತಿರಿಸಿರಿ.,1,ಕುಪಿತನಾದ ಕೃಷ್ಣನನ್ನು ಭೀಷ್ಮರು ಸಂತೈಸಿದ ಬಗೆಯನ್ನು ವಿವರಿಸಿ.,,,,
kannada-9thstd,ಕೊಟ್ಟಿರುವ ಕೆಳಗಿನ ಪ್ರಶ್ನೆಗಳಿಗೆ ೮-೧೦ ವಾಕ್ಯಗಳಲ್ಲಿ ಉತ್ತಿರಿಸಿರಿ.,2,ಪಾರ್ಥ-ಭೀಷ್ಮರ ನಡುವೆ ನಡೆದ ಶರಸಂವಾದವನ್ನು ನಿಮ್ಮ ಮಾತುಗಳಲ್ಲಿ ಬರೆಯಿರಿ.,,,,
kannada-9thstd,"ಕೊಟ್ಟಿರುವ ಪದ್ಯಭಾಗಕ್ಕೆ ಪ್ರಸ್ತಾರ ಹಾಕಿ, ಗಣ ವಿಭಾಗ ಮಾಡಿ, ಛಂದಸ್ಸಿನ ಹೆಸರು ಬರೆಯಿರಿ.",1,ನೊಸಲೊಡೆದು ರಕ್ತಸೂಸಲು ದೃಗುದ್ವಯದಿ ಕಿಡಿ |,,,,
kannada-9thstd,"ಕೊಟ್ಟಿರುವ ಪದ್ಯಭಾಗಕ್ಕೆ ಪ್ರಸ್ತಾರ ಹಾಕಿ, ಗಣ ವಿಭಾಗ ಮಾಡಿ, ಛಂದಸ್ಸಿನ ಹೆಸರು ಬರೆಯಿರಿ.",2,ಎನಲು ಕಿರುನಗೆಗೂಡಿ ಚಕ್ರವ |,,,,
kannada-9thstd,General Exercise,2,ಕುಸುಮದತ್ತನ ತಂದೆಯ ಹೆಸರೇನು?,,,,
kannada-9thstd,ಜೀವಿಗಳನ್ನು ಬಲಿಕೊಡುವುದರಿಂದ ಆಗುವ ಪರಿಣಾಮವೇನು?,4,ಅಭಯರುಚಿ ಮತ್ತು ಮಾರಿದತ್ತರಲ್ಲಿ ಯಾರನ್ನು ಮೆಚ್ಚುವಿರಿ? ಏಕೆ ?,,,,
kannada-9thstd,ಜೀವಿಗಳನ್ನು ಬಲಿಕೊಡುವುದರಿಂದ ಆಗುವ ಪರಿಣಾಮವೇನು?,9,ಜೀವಿಗಳನ್ನು ಬಲಿಕೊಡುವುದರಿಂದ ಆಗುವ ಪರಿಣಾಮವೇನು?: “ಬಲಿಯನಿತ್ತೊಡೆ ಮುನಿವೆಂ”,,,,
kannada-9thstd,ಬಿಟ್ಟಿರುವ ಜಾಗವನ್ನು ಸೂಕ್ತ ಪದದಿಂದ ತುಂಬಿ,0,ಅಭಯರುಚಿಯ ಸಹೋದರಿಯ ಹೆಸರು,,,,
kannada-9thstd,ಕೊಟ್ಟಿರುವ ಪ್ರಶ್ನೆಗಳಿಗೆ ಉತ್ತರ ಬರೆಯಿರಿ.,1,ಮಾತ್ರೆಗಳಲ್ಲಿ ಎಷ್ಟು ವಿಧ? ಅವು ಯಾವುವು?,,,,
kannada-9thstd,ಕೊಟ್ಟಿರುವ ಪ್ರಶ್ನೆಗಳಿಗೆ ಉತ್ತರ ಬರೆಯಿರಿ.,2,ಲಘು ಮತ್ತು ಗುರು ಎಂದರೇನು?,,,,
kannada-9thstd,ಕೊಟ್ಟಿರುವ ಪ್ರಶ್ನೆಗಳಿಗೆ ಉತ್ತರ ಬರೆಯಿರಿ.,3,ಕಂದ ಪದ್ಯದ ಲಕ್ಷಣವನ್ನು ಬರೆಯಿರಿ.,,,,
kannada-9thstd,"ಕೊಟ್ಟಿರುವ ಪದ್ಯಭಾಗವನ್ನು ಪೂರ್ಣಗೊಳಿಸಿ, ಕಂಠಪಾಠ ಮಾಡಿರಿ.",1,"ಕೊಟ್ಟಿರುವ ಪದ್ಯಭಾಗವನ್ನು ಪೂರ್ಣಗೊಳಿಸಿ, ಕಂಠಪಾಠ ಮಾಡಿರಿ.: ಸಂಕಲ್ಪ ಹಿಂಸೆ",,,,
kannada-9thstd,"ಕೊಟ್ಟಿರುವ ಪದ್ಯಭಾಗವನ್ನು ಪೂರ್ಣಗೊಳಿಸಿ, ಕಂಠಪಾಠ ಮಾಡಿರಿ.",2,"ಕೊಟ್ಟಿರುವ ಪದ್ಯಭಾಗವನ್ನು ಪೂರ್ಣಗೊಳಿಸಿ, ಕಂಠಪಾಠ ಮಾಡಿರಿ.: ಪ್ರಜೆಯೆಲ್ಲಂ",,,,
kannada-9thstd,"ಈ ಕೆಳಗಿನ ಪದ್ಯಭಾಗಕ್ಕೆ ಪ್ರಸ್ತಾರ ಹಾಕಿ, ಗಣ ವಿಭಾಗ ಮಾಡಿ, ಛಂದಸ್ಸಿನ ಹೆಸರನ್ನು",1,ಗುರುವಿಂದು ಬೆಸಸೆ ಭಿಕ್ಷೆಗೆ,,,,
kannada-9thstd,"ಈ ಕೆಳಗಿನ ಪದ್ಯಭಾಗಕ್ಕೆ ಪ್ರಸ್ತಾರ ಹಾಕಿ, ಗಣ ವಿಭಾಗ ಮಾಡಿ, ಛಂದಸ್ಸಿನ ಹೆಸರನ್ನು",2,ಗುಡುಗುಡನೆ ಸುರಿವ ಕಣ್ಣನಿ,,,,
kannada-9thstd,General Exercise,1,ಪುಟ್ಟಹಕ್ಕಿ ಗೂಡನ್ನು ಹೇಗೆ ಕಟ್ಟುತ್ತದೆ?,,,,
kannada-9thstd,General Exercise,2,ಗೀತೆಯನ್ನು ಹಾಡುತ್ತಾ ಪುಟ್ಟಹಕ್ಕಿ ಯಾರನ್ನು ಸ್ವಾಗತಿಸುತ್ತದೆ?,,,,
kannada-9thstd,General Exercise,3,ಜಗದಲ್ಲಿ ಎಂತಹ ಜನರಿರುವರು?,,,,
kannada-9thstd,General Exercise,4,ಪುಟ್ಟಹಕ್ಕಿ ಜಗದಂಗಳದಲ್ಲಿ ಹೇಗೆ ಹಾರುತ್ತದೆ?,,,,
kannada-9thstd,General Exercise,5,ಭೂಮಿ-ಆಕಾಶದಲ್ಲಿ ಪುಟ್ಟಹಕ್ಕಿಗೆ ಯಾರ ಭಯವಿದೆ?,,,,
kannada-9thstd,General Exercise,2,General Exercise: ಚೆನ್ನಭೈರಾದೇವಿ,,,,
kannada-9thstd,General Exercise,1,ಚೆನ್ನಭೈರಾದೇವಿಗೆ ಉದ್ಧಟತನದ ಪತ್ರ ಬರೆದವನು ಯಾರು?,,,,
kannada-9thstd,General Exercise,2,ಪೋರ್ಚುಗೀಸರು ಚೆನ್ನಭೈರಾದೇವಿಗೆ ನೀಡಿದ್ದ ಬಿರುದು ಯಾವುದು ?,,,,
kannada-9thstd,General Exercise,3,ಲೂಯಿಸ್ ಅಟಾಯಿಡೆ ಪತ್ರದಲ್ಲಿ ಚೆನ್ನಾಭೈರಾದೇವಿಗೆ ಏನೆಂದು ಬರೆದಿದ್ದನು?,,,,
kannada-9thstd,General Exercise,4,ಶಬಲೆ ಹೇಳಿದಂತೆ ಪೋರ್ಚುಗೀಸರು ಯಾವ ಕಾರಣಗಳಿಗಾಗಿ ಯುದ್ಧಕ್ಕೆ ಸಿದ್ಧರಾಗಿದ್ದರು?,,,,
kannada-9thstd,General Exercise,3,General Exercise: ಸಿರಿಯನಿನ್ನೇನ ಬಣ್ಣಿಪೆನು,,,,
kannada-9thstd,General Exercise,1,ಭರತೇಶವೈಭವ ಕಾವ್ಯದ ಕರ್ತೃ ಯಾರು?,,,,
kannada-9thstd,General Exercise,2,ಭರತನನ್ನು ಹೊಗಳುತ್ತಿದ್ದ ಮೂರು ಲೋಕಗಳು ಯಾವುವು?,,,,
kannada-9thstd,General Exercise,3,ಬೇರೆ ಬೇರೆ ಭಾಷಿಕರು ತನ್ನ ಕೃತಿಯನ್ನು ಹೇಗೆ ಹೊಗಳಬೇಕೆಂದು ಕವಿ ಬಯಸುವನು?,,,,
kannada-9thstd,General Exercise,4,ಭರತ ಚಕ್ರವರ್ತಿ ಓಲಗ ಮಂಟಪವನ್ನೇರಿದ ಸಂದರ್ಭವನ್ನು ಬಣ್ಣಿಸಿ.,,,,
https://textbooks.karnataka.gov.in/uploads/Karnataka_Textbook_Society/Text_Books_25_26/CLASS-10/KANNADA/10th%20Kan%20FL%20%20Part-1%202025-26.pdf,General Exercise,1,"ರಾಷ್ಟ್ರೀಯ ಹಾಗೂ ರಾಜ್ಯ ಪಠ್ಯಕ್ರಮ ಚೌಕಟ್ಟುಗಳು ಮತ್ತು ಸಂವಿಧಾನದ ಆಶಯಗಳಿಗೆ ವ್ಯತಿರಿಕ್ತವಾಗದಂತೆ,",,,,
kannada-10thstd,General Exercise,5,ನಿರ್ದಿಷ್ಟ ಪಠ್ಯಗಳನ್ನು ಬೋಧಿಸುವ ಶಿಕ್ಷಕರಿಂದ ಪಡೆದುಕೊಂಡ ಅಭಿಪ್ರಾಯಗಳು ಸಹ ಪ್ರಸ್ತುತ ಪರಿಷ್ಕರಣೆಯಲ್ಲಿ,,,,
kannada-10thstd,General Exercise,1,General Exercise: ನಮ್ಮ ಭಾಷೆ,,,,
kannada-10thstd,ಕೊಟ್ಟಿರುವ ಪ್ರಶ್ನೆಗಳಿಗೆ ಒಂದು ವಾಕ್ಯದಲ್ಲಿ ಉತ್ತರಿಸಿ,1,ಭಾಷೆ ಯಾವುದಕ್ಕೆ ಸಾಧನವಾಗಿದೆ ?,,,,
kannada-10thstd,ಕೊಟ್ಟಿರುವ ಪ್ರಶ್ನೆಗಳಿಗೆ ಒಂದು ವಾಕ್ಯದಲ್ಲಿ ಉತ್ತರಿಸಿ,2,ಪ್ರಾಣಿಗಳು ತಮ್ಮ ಮಕ್ಕಳಿಗೆ ಯಾವ ವಿಚಾರವಾಗಿ ತರಪೇತು ಕೊಡುತ್ತವೆ ?,,,,
kannada-10thstd,ಕೊಟ್ಟಿರುವ ಪ್ರಶ್ನೆಗಳಿಗೆ ಒಂದು ವಾಕ್ಯದಲ್ಲಿ ಉತ್ತರಿಸಿ,3,ಮನುಷ್ಯನಿಗೆ ಲೆಕ್ಕವಿಡುವ ಅವಶ್ಯಕತೆ ಯಾವಾಗ ಉಂಟಾಯಿತು ?,,,,
kannada-10thstd,ಕೊಟ್ಟಿರುವ ಪ್ರಶ್ನೆಗಳಿಗೆ ಒಂದು ವಾಕ್ಯದಲ್ಲಿ ಉತ್ತರಿಸಿ,4,ಎಣ್ಣೆ ತುಪ್ಪದ ಮಿಶ್ರಣ ಬೇಡವೆಂದು ಹೇಳಿದವರು ಯಾರು ?,,,,
kannada-10thstd,ಕೊಟ್ಟಿರುವ ಪ್ರಶ್ನೆಗಳಿಗೆ ಒಂದು ವಾಕ್ಯದಲ್ಲಿ ಉತ್ತರಿಸಿ,5,ಕನ್ನಡಕ್ಕೆ ಪರ್ಷಿಯನ್ ಶಬ್ದಗಳು ಯಾವಾಗ ಬಂದವು ?,,,,
kannada-10thstd,ಕೊಟ್ಟಿರುವ ಪ್ರಶ್ನೆಗಳಿಗೆ ಎರಡು-ಮೂರು ವಾಕ್ಯಗಳಲ್ಲಿ ಉತ್ತರಿಸಿ,1,ವ್ಯಾವಹಾರಿಕ ಮತ್ತು ಗ್ರಾಂಥಿಕ ಭಾಷೆಯ ಲಕ್ಷಣಗಳೇನು ?,,,,
kannada-10thstd,ಕೊಟ್ಟಿರುವ ಪ್ರಶ್ನೆಗಳಿಗೆ ಎರಡು-ಮೂರು ವಾಕ್ಯಗಳಲ್ಲಿ ಉತ್ತರಿಸಿ,2,ಲಿಪಿಯ ಜಾಡು ಆರಂಭಗೊಂಡ ಬಗೆ ಹೇಗೆ ?,,,,
kannada-10thstd,ಕೊಟ್ಟಿರುವ ಪ್ರಶ್ನೆಗಳಿಗೆ ಎರಡು-ಮೂರು ವಾಕ್ಯಗಳಲ್ಲಿ ಉತ್ತರಿಸಿ,2,ಲಿಪಿಯ ಮೂಲಕ ಜ್ಞಾನ ಭಂಡಾರ ಯಾವ ರೀತಿ ಭದ್ರವಾಯಿತು ?,,,,
kannada-10thstd,ಕೊಟ್ಟಿರುವ ಪ್ರಶ್ನೆಗಳಿಗೆ ಎರಡು-ಮೂರು ವಾಕ್ಯಗಳಲ್ಲಿ ಉತ್ತರಿಸಿ,4,ಕನ್ನಡ ಭಾಷೆ ಹದಗೊಂಡದ್ದು ಹೇಗೆ ?,,,,
kannada-10thstd,ಕೊಟ್ಟಿರುವ ಪ್ರಶ್ನೆಗಳಿಗೆ ಎರಡು-ಮೂರು ವಾಕ್ಯಗಳಲ್ಲಿ ಉತ್ತರಿಸಿ,5,ಆಂಗ್ಲ ಭಾಷೆ ವಿಶ್ವವ್ಯಾಪಿಯಾಗಲು ಕಾರಣವೇನು ?,,,,
kannada-10thstd,ಕೊಟ್ಟಿರುವ ಪ್ರಶ್ನೆಗಳಿಗೆ ಎಂಟು-ಹತ್ತು ವಾಕ್ಯಗಳಲ್ಲಿ ಉತ್ತರಿಸಿ,1,ಭಾಷೆ ಸತ್ವಪೂರ್ಣವಾಗಿ ವಿಕಾಸಗೊಳ್ಳುವುದು ಯಾವಾಗ ?,,,,
kannada-10thstd,ಕೊಟ್ಟಿರುವ ಪ್ರಶ್ನೆಗಳಿಗೆ ಎಂಟು-ಹತ್ತು ವಾಕ್ಯಗಳಲ್ಲಿ ಉತ್ತರಿಸಿ,2,ಕನ್ನಡಭಾಷೆ ಸಮೃದ್ಧವಾಗಿ ರೂಪುಗೊಂಡ ಬಗೆ ಹೇಗೆ ? ವಿವರಿಸಿ.,,,,
kannada-10thstd,ಕೊಟ್ಟಿರುವ ಪ್ರಶ್ನೆಗಳಿಗೆ ಎಂಟು-ಹತ್ತು ವಾಕ್ಯಗಳಲ್ಲಿ ಉತ್ತರಿಸಿ,1,“ಸಂಸ್ಕೃತಿಯ ಇತಿಹಾಸ ಉಳಿಯಿತು”,,,,
kannada-10thstd,ಕೊಟ್ಟಿರುವ ಪ್ರಶ್ನೆಗಳಿಗೆ ಎಂಟು-ಹತ್ತು ವಾಕ್ಯಗಳಲ್ಲಿ ಉತ್ತರಿಸಿ,2,“ತಕ್ಕುದೆ ಬೆರಸಿ ನೃತಮುಮಂ ತೈಲಮುಮಂ”,,,,
kannada-10thstd,ಕೊಟ್ಟಿರುವ ಪ್ರಶ್ನೆಗಳಿಗೆ ಎಂಟು-ಹತ್ತು ವಾಕ್ಯಗಳಲ್ಲಿ ಉತ್ತರಿಸಿ,3,"“ಸಿಗುರು ತೆಗೆದ ಕಬ್ಬಿನಂತೆ, ಉಷ್ಣ ಅಳಿದ ಹಾಲಿನಂತೆ'",,,,
kannada-10thstd,ಕೊಟ್ಟಿರುವ ಪ್ರಶ್ನೆಗಳಿಗೆ ಎಂಟು-ಹತ್ತು ವಾಕ್ಯಗಳಲ್ಲಿ ಉತ್ತರಿಸಿ,4,“ಒಬ್ಬ ತಾಯಿಯ ಗಾನದ ಶ್ರುತಿಯಂತೆ”,,,,
kannada-10thstd,ಬಿಟ್ಟಿರುವ ಸ್ಥಳಗಳನ್ನು ಸೂಕ್ತ ಪದಗಳಿಂದ ತುಂಬಿ.,1,ಭಾಷೆ ಇನ್ನೂ ಅದರ,,,,
kannada-10thstd,ಬಿಟ್ಟಿರುವ ಸ್ಥಳಗಳನ್ನು ಸೂಕ್ತ ಪದಗಳಿಂದ ತುಂಬಿ.,2,ಕನ್ನಡಕ್ಕೆ ಬಹಳ ಪ್ರಾಚೀನ ಕಾಲದಿಂದಲೂ,,,,
kannada-10thstd,ಬಿಟ್ಟಿರುವ ಸ್ಥಳಗಳನ್ನು ಸೂಕ್ತ ಪದಗಳಿಂದ ತುಂಬಿ.,3,ಬಿಟ್ಟಿರುವ ಸ್ಥಳಗಳನ್ನು ಸೂಕ್ತ ಪದಗಳಿಂದ ತುಂಬಿ.: ಕನ್ನಡ,,,,
kannada-10thstd,ಬಿಟ್ಟಿರುವ ಸ್ಥಳಗಳನ್ನು ಸೂಕ್ತ ಪದಗಳಿಂದ ತುಂಬಿ.,4,ಬಿಟ್ಟಿರುವ ಸ್ಥಳಗಳನ್ನು ಸೂಕ್ತ ಪದಗಳಿಂದ ತುಂಬಿ.: ಇಂಗ್ಲಿಷ್ ಶಬ್ದಗಳು,,,,
kannada-10thstd,ಬಿಟ್ಟಿರುವ ಸ್ಥಳಗಳನ್ನು ಸೂಕ್ತ ಪದಗಳಿಂದ ತುಂಬಿ.,5,ನಮ್ಮ ಭಾಷೆ ಗದ್ಯ ಭಾಗದ ಆಕರ ಗ್ರಂಥ,,,,
kannada-10thstd,ಬಿಟ್ಟಿರುವ ಸ್ಥಳಗಳನ್ನು ಸೂಕ್ತ ಪದಗಳಿಂದ ತುಂಬಿ.,1,ಬಿಟ್ಟಿರುವ ಸ್ಥಳಗಳನ್ನು ಸೂಕ್ತ ಪದಗಳಿಂದ ತುಂಬಿ.: ವ್ಯಾವಹಾರಿಕ,,,,
kannada-10thstd,ಬಿಟ್ಟಿರುವ ಸ್ಥಳಗಳನ್ನು ಸೂಕ್ತ ಪದಗಳಿಂದ ತುಂಬಿ.,2,ಬಿಟ್ಟಿರುವ ಸ್ಥಳಗಳನ್ನು ಸೂಕ್ತ ಪದಗಳಿಂದ ತುಂಬಿ.: ದಾಸರು,,,,
kannada-10thstd,ಬಿಟ್ಟಿರುವ ಸ್ಥಳಗಳನ್ನು ಸೂಕ್ತ ಪದಗಳಿಂದ ತುಂಬಿ.,3,ಬಿಟ್ಟಿರುವ ಸ್ಥಳಗಳನ್ನು ಸೂಕ್ತ ಪದಗಳಿಂದ ತುಂಬಿ.: ದಿವಾನ,,,,
kannada-10thstd,ಬಿಟ್ಟಿರುವ ಸ್ಥಳಗಳನ್ನು ಸೂಕ್ತ ಪದಗಳಿಂದ ತುಂಬಿ.,4,ಬಿಟ್ಟಿರುವ ಸ್ಥಳಗಳನ್ನು ಸೂಕ್ತ ಪದಗಳಿಂದ ತುಂಬಿ.: ಗ್ರಾಂಥಿಕ,,,,
kannada-10thstd,ಬಿಟ್ಟಿರುವ ಸ್ಥಳಗಳನ್ನು ಸೂಕ್ತ ಪದಗಳಿಂದ ತುಂಬಿ.,5,ಬಿಟ್ಟಿರುವ ಸ್ಥಳಗಳನ್ನು ಸೂಕ್ತ ಪದಗಳಿಂದ ತುಂಬಿ.: ಶಿವಶರಣರು,,,,
kannada-10thstd,ಕೊಟ್ಟಿರುವ ಪ್ರಶ್ನೆಗಳಿಗೆ ಉತ್ತರಿಸಿರಿ.,1,ಕನ್ನಡ ವರ್ಣಮಾಲೆಯಲ್ಲಿ ಒಟ್ಟು ಎಷ್ಟು ಅಕ್ಷರಗಳಿವೆ ?,,,,
kannada-10thstd,ಕೊಟ್ಟಿರುವ ಪ್ರಶ್ನೆಗಳಿಗೆ ಉತ್ತರಿಸಿರಿ.,2,ಕನ್ನಡದಲ್ಲಿರುವ ಹಸ್ವ ಹಾಗೂ ದೀರ್ಘ ಸ್ವರಗಳನ್ನು ಬರೆಯಿರಿ.,,,,
kannada-10thstd,ಕೊಟ್ಟಿರುವ ಪ್ರಶ್ನೆಗಳಿಗೆ ಉತ್ತರಿಸಿರಿ.,3,ಕನ್ನಡದಲ್ಲಿರುವ ಮಹಾಪ್ರಾಣ ಅಕ್ಷರಗಳನ್ನು ಬರೆಯಿರಿ.,,,,
kannada-10thstd,ಕೊಟ್ಟಿರುವ ಪ್ರಶ್ನೆಗಳಿಗೆ ಉತ್ತರಿಸಿರಿ.,4,ಕನ್ನಡದಲ್ಲಿರುವ ವರ್ಗೀಯ ಅಕ್ಷರಗಳನ್ನು ಬರೆಯಿರಿ.,,,,
kannada-10thstd,ಕೊಟ್ಟಿರುವ ಪ್ರಶ್ನೆಗಳಿಗೆ ಉತ್ತರಿಸಿರಿ.,5,ಕನ್ನಡದಲ್ಲಿರುವ ಅನುನಾಸಿಕಗಳನ್ನು ಪಟ್ಟಿಮಾಡಿ.,,,,
kannada-10thstd,ಕೊಟ್ಟಿರುವ ಪ್ರಶ್ನೆಗಳಿಗೆ ಉತ್ತರಿಸಿರಿ.,1,ಕೊಟ್ಟಿರುವ ಪದಗಳಲ್ಲಿ ವಿಜಾತೀಯ ಸಂಯುಕ್ತಾಕ್ಷರಗಳನ್ನು ಆರಿಸಿ ಬರೆಯಿರಿ.,,,,
kannada-10thstd,ಕೊಟ್ಟಿರುವ ಪ್ರಶ್ನೆಗಳಿಗೆ ಉತ್ತರಿಸಿರಿ.,2,ಕೊಟ್ಟಿರುವ ಪದಗಳಲ್ಲಿ ಅವರ್ಗೀಯ ವ್ಯಂಜನಾಕ್ಷರಗಳನ್ನು ಆರಿಸಿ ಬರೆಯಿರಿ.,,,,
kannada-10thstd,ಕೊಟ್ಟಿರುವ ಪ್ರಶ್ನೆಗಳಿಗೆ ಉತ್ತರಿಸಿರಿ.,3,ಕೊಟ್ಟಿರುವ ಪದಗಳಲ್ಲಿನ ಧ್ವನಿ ವ್ಯತ್ಯಾಸದೊಂದಿಗೆ ಆಗುವ ಅರ್ಥ ವ್ಯತ್ಯಾಸ ಅರಿಯಿರಿ,,,,
kannada-10thstd,ಕೊಟ್ಟಿರುವ ಪ್ರಶ್ನೆಗಳಿಗೆ ಉತ್ತರಿಸಿರಿ.,4,ಮೊದಲೆರಡು ಪದಗಳಿಗಿರುವ ಸಂಬಂಧದಂತೆ ಮೂರನೆಯ ಪದಕ್ಕೆ ಸರಿಹೊಂದುವ ನಾಲ್ಕನೆಯ ಪದವನ್ನು,,,,
kannada-10thstd,ಸ್ವರಗಳು : ೧೩ : : ಯೋಗವಾಹಗಳು :,5,ಕೊಟ್ಟಿರುವ ವಿಷಯಗಳನ್ನು ಕುರಿತು ಪ್ರಬಂಧ ರಚಿಸಿರಿ.,,,,
kannada-10thstd,ಸ್ವರಗಳು : ೧೩ : : ಯೋಗವಾಹಗಳು :,1,ರಾಷ್ಟ್ರೀಯ ಹಬ್ಬಗಳ ಮಹತ್ತ ೨. ಗ್ರಂಥಾಲಯಗಳ ಮಹತ್ತ್ವ,,,,
kannada-10thstd,ಕೊಟ್ಟಿರುವ ಪ್ರಶ್ನೆಗಳಿಗೆ ಒಂದು ವಾಕ್ಯದಲ್ಲಿ ಉತ್ತರಿಸಿ.,1,ಭಗವದ್ಗೀತೆಯನ್ನು ರಚಿಸಿದವರು ಯಾರು?,,,,
kannada-10thstd,ಕೊಟ್ಟಿರುವ ಪ್ರಶ್ನೆಗಳಿಗೆ ಒಂದು ವಾಕ್ಯದಲ್ಲಿ ಉತ್ತರಿಸಿ.,2,ಹುಲಿಗೆ ಪರಮಾನಂದವಾಗಲು ಕಾರಣವೇನು?,,,,
kannada-10thstd,ಕೊಟ್ಟಿರುವ ಪ್ರಶ್ನೆಗಳಿಗೆ ಒಂದು ವಾಕ್ಯದಲ್ಲಿ ಉತ್ತರಿಸಿ.,3,ಶಾನುಭೋಗರಿಗೆ ತಲೆ ಸುತ್ತಲು ಕಾರಣವೇನು?,,,,
kannada-10thstd,ಕೊಟ್ಟಿರುವ ಪ್ರಶ್ನೆಗಳಿಗೆ ಒಂದು ವಾಕ್ಯದಲ್ಲಿ ಉತ್ತರಿಸಿ.,4,ಶಾನುಭೋಗರ 'ಬ್ರಹ್ಮಾಸ್ತ್ರ' ಯಾವುದು?,,,,
kannada-10thstd,ಕೊಟ್ಟಿರುವ ಪ್ರಶ್ನೆಗಳಿಗೆ ಒಂದು ವಾಕ್ಯದಲ್ಲಿ ಉತ್ತರಿಸಿ.,5,ಹಸಿದು ಮಲಗಿದ್ದ ಹುಲಿಯು ಏನೆಂದು ಯೋಚಿಸಿತು?,,,,
kannada-10thstd,ಕೊಟ್ಟಿರುವ ಪ್ರಶ್ನೆಗಳಿಗೆ ಮೂರು-ನಾಲ್ಕು ವಾಕ್ಯಗಳಲ್ಲಿ ಉತ್ತರಿಸಿ.,1,ಮದಲಿಂಗನ ಕಣಿವೆಯಲ್ಲಿ ಬರುವಾಗ ಶಾನುಭೋಗರು ಏನೆಂದು ಯೋಚಿಸಿದರು?,,,,
kannada-10thstd,ಕೊಟ್ಟಿರುವ ಪ್ರಶ್ನೆಗಳಿಗೆ ಮೂರು-ನಾಲ್ಕು ವಾಕ್ಯಗಳಲ್ಲಿ ಉತ್ತರಿಸಿ.,2,ಹುಲಿಯು ಹಿಂದಿನಿಂದ ಹಾರಿ ಕೊಲ್ಲದಿರಲು ಕಾರಣಗಳೇನು?,,,,
kannada-10thstd,ಕೊಟ್ಟಿರುವ ಪ್ರಶ್ನೆಗಳಿಗೆ ಮೂರು-ನಾಲ್ಕು ವಾಕ್ಯಗಳಲ್ಲಿ ಉತ್ತರಿಸಿ.,3,ಶಾನುಭೋಗರು ಮೂರ್ಛಯಲ್ಲಿದ್ದಾಗ ನಡೆದ ಘಟನೆಗಳನ್ನು ವಿವರಿಸಿ.,,,,
kannada-10thstd,ಕೊಟ್ಟಿರುವ ಪ್ರಶ್ನೆಗಳಿಗೆ ಎಂಟು-ಹತ್ತು ವಾಕ್ಯಗಳಲ್ಲಿ ಉತ್ತರಿಸಿ.,1,ಮೂರ್ತಿರಾಯರ ದೃಷ್ಟಿಯಲ್ಲಿ ಹುಲಿಯು ಬೇಟೆಯಾಡುವ ಬಗೆಯನ್ನು ವಿವರಿಸಿ.,,,,
kannada-10thstd,ಕೊಟ್ಟಿರುವ ಪ್ರಶ್ನೆಗಳಿಗೆ ಎಂಟು-ಹತ್ತು ವಾಕ್ಯಗಳಲ್ಲಿ ಉತ್ತರಿಸಿ.,2,ಶಾನುಭೋಗರನ್ನು ರಕ್ಷಿಸಿದುದು ಖಿರ್ದಿ ಪುಸ್ತಕವೇ? ಹುಲಿಯ ಧರ್ಮವೇ? ಸಮರ್ಥನೆಯೊಂದಿಗೆ,,,,
kannada-10thstd,ಸಂದರ್ಭಸಹಿತ ಸ್ವಾರಸ್ಯವನ್ನು ವಿವರಿಸಿ.,1,"“ಖಂಡವಿದೆಕೋ, ಮಾಂಸವಿದೆಕೋ, ಗುಂಡಿಗೆಯ ಬಿಸಿರಕ್ತವಿದೆಕೋ.”",,,,
kannada-10thstd,ಸಂದರ್ಭಸಹಿತ ಸ್ವಾರಸ್ಯವನ್ನು ವಿವರಿಸಿ.,2,"“ದೇವರೆ, ಮರ ಹತ್ತುವಷ್ಟು ಅವಕಾಶ ಕರುಣಿಸು.”",,,,
kannada-10thstd,ಸಂದರ್ಭಸಹಿತ ಸ್ವಾರಸ್ಯವನ್ನು ವಿವರಿಸಿ.,3,“ನಾನು ಮುಖ ಮೇಲಾಗಿ ಬಿದ್ದಿದ್ದೆನೆ?”,,,,
kannada-10thstd,ಸಂದರ್ಭಸಹಿತ ಸ್ವಾರಸ್ಯವನ್ನು ವಿವರಿಸಿ.,4,“ಹುಲಿ ಈಗ ಎಷ್ಟು ಹಸಿದಿರಬೇಕು.”,,,,
kannada-10thstd,ಬಿಟ್ಟಿರುವ ಸ್ಥಳಗಳನ್ನು ಸೂಕ್ತ ಪದಗಳಿಂದ ತುಂಬಿ.,1,ಮಂತ್ರಿತ್ವ ಹೋಗಿ ಕೇವಲ,,,,
kannada-10thstd,ಬಿಟ್ಟಿರುವ ಸ್ಥಳಗಳನ್ನು ಸೂಕ್ತ ಪದಗಳಿಂದ ತುಂಬಿ.,2,ಬಿಟ್ಟಿರುವ ಸ್ಥಳಗಳನ್ನು ಸೂಕ್ತ ಪದಗಳಿಂದ ತುಂಬಿ.: ಖಿರ್ದಿ ಪುಸ್ತಕ,,,,
kannada-10thstd,ಬಿಟ್ಟಿರುವ ಸ್ಥಳಗಳನ್ನು ಸೂಕ್ತ ಪದಗಳಿಂದ ತುಂಬಿ.,3,ಬಿಟ್ಟಿರುವ ಸ್ಥಳಗಳನ್ನು ಸೂಕ್ತ ಪದಗಳಿಂದ ತುಂಬಿ.: ನೆಲದಿಂದ ಮೇಲೆದ್ದುಕೊಂಡಿದ್ದ,,,,
kannada-10thstd,ಬಿಟ್ಟಿರುವ ಸ್ಥಳಗಳನ್ನು ಸೂಕ್ತ ಪದಗಳಿಂದ ತುಂಬಿ.,4,ರೈತರು ತಿಂಗಳ ಬೆಳಕಿನಲ್ಲಿ,,,,
kannada-10thstd,ಬಿಟ್ಟಿರುವ ಸ್ಥಳಗಳನ್ನು ಸೂಕ್ತ ಪದಗಳಿಂದ ತುಂಬಿ.,5,ಬಿಟ್ಟಿರುವ ಸ್ಥಳಗಳನ್ನು ಸೂಕ್ತ ಪದಗಳಿಂದ ತುಂಬಿ.: ಶಾನುಭೋಗರು ಉಳಿದದ್ದು,,,,
kannada-10thstd,ಬಿಟ್ಟಿರುವ ಸ್ಥಳಗಳನ್ನು ಸೂಕ್ತ ಪದಗಳಿಂದ ತುಂಬಿ.,1,ಎರಡೂ ಪದಗಳಿಗೆ ಬೇರೆ ಬೇರೆ ಅರ್ಥವಿರುತ್ತದೆ.,,,,
kannada-10thstd,ಬಿಟ್ಟಿರುವ ಸ್ಥಳಗಳನ್ನು ಸೂಕ್ತ ಪದಗಳಿಂದ ತುಂಬಿ.,2,"ಎರಡು ಪದಗಳಲ್ಲಿ ಮೊದಲ ಪದಕ್ಕೆ ನಿರ್ದಿಷ್ಟ ಅರ್ಥವಿದ್ದು, ಎರಡನೆಯ ಪದಕ್ಕೆ ಅರ್ಥವಿರುವುದಿಲ್ಲ.",,,,
kannada-10thstd,ಕೊಟ್ಟಿರುವ ಪ್ರಶ್ನೆಗಳಿಗೆ ಉತ್ತರ ಬರೆಯಿರಿ.,1,"ಕನ್ನಡ ಸಂಧಿಗಳನ್ನು ಹೆಸರಿಸಿ, ಎರಡೆರಡು ಉದಾಹರಣೆಗಳನ್ನು ಬರೆಯಿರಿ.",,,,
kannada-10thstd,ಕೊಟ್ಟಿರುವ ಪ್ರಶ್ನೆಗಳಿಗೆ ಉತ್ತರ ಬರೆಯಿರಿ.,2,ಸಂಸ್ಕೃತ ಸಂಧಿಗಳ ಹೆಸರುಗಳನ್ನು ಸ್ವರ ಮತ್ತು ವ್ಯಂಜನ ಸಂಧಿಗಳಿಗಾಗಿ ವಿಂಗಡಿಸಿ ಬರೆಯಿರಿ.,,,,
kannada-10thstd,ಕೊಟ್ಟಿರುವ ಪ್ರಶ್ನೆಗಳಿಗೆ ಉತ್ತರ ಬರೆಯಿರಿ.,3,"ಕೊಟ್ಟಿರುವ ಪದಗಳನ್ನು ಬಿಡಿಸಿ, ಸಂಧಿ ಹೆಸರಿಸಿ.",,,,
kannada-10thstd,ಮೊದಲೆರಡು ಪದಗಳಿಗಿರುವ ಸಂಬಂಧದಂತೆ ಮೂರನೆಯ ಪದಕ್ಕೆ ಸರಿಯಾದ ನಾಲ್ಕನೆಯ ಪದ ಬರೆಯಿರಿ.,1,ಬೇಗ ಬೇಗ : ದ್ವಿರುಕ್ತಿ : : ಧೀರ ಶೂರ :,,,,
kannada-10thstd,ಮೊದಲೆರಡು ಪದಗಳಿಗಿರುವ ಸಂಬಂಧದಂತೆ ಮೂರನೆಯ ಪದಕ್ಕೆ ಸರಿಯಾದ ನಾಲ್ಕನೆಯ ಪದ ಬರೆಯಿರಿ.,2,ಲೋಪ ಸಂಧಿ : ಸ್ವರ ಸಂಧಿ : : ಆದೇಶ ಸಂಧಿ,,,,
kannada-10thstd,ಮೊದಲೆರಡು ಪದಗಳಿಗಿರುವ ಸಂಬಂಧದಂತೆ ಮೂರನೆಯ ಪದಕ್ಕೆ ಸರಿಯಾದ ನಾಲ್ಕನೆಯ ಪದ ಬರೆಯಿರಿ.,3,ಕಟ್ಟಕಡೆಗೆ : ಕಡೆಗೆ ಕಡೆಗೆ : : ಮೊತ್ತಮೊದಲು :,,,,
kannada-10thstd,ಮೊದಲೆರಡು ಪದಗಳಿಗಿರುವ ಸಂಬಂಧದಂತೆ ಮೂರನೆಯ ಪದಕ್ಕೆ ಸರಿಯಾದ ನಾಲ್ಕನೆಯ ಪದ ಬರೆಯಿರಿ.,4,ಶರಚ್ಚಂದ್ರ : ಶ್ಚುತ್ವ ಸಂಧಿ : : ದಿಗಂತ :,,,,
kannada-10thstd,ಈ ಗಾದೆ ಮಾತುಗಳನ್ನು ವಿಸ್ತರಿಸಿ ಬರೆಯಿರಿ.,1,ಕೈ ಕೆಸರಾದರೆ ಬಾಯಿ ಮೊಸರು.,,,,
kannada-10thstd,ಈ ಗಾದೆ ಮಾತುಗಳನ್ನು ವಿಸ್ತರಿಸಿ ಬರೆಯಿರಿ.,2,ಕುಂಬಾರನಿಗೆ ವರುಷ ದೊಣ್ಣೆಗೆ ನಿಮಿಷ.,,,,
kannada-10thstd,ಈ ವಿಷಯಗಳಿಗೆ ಪ್ರಬಂಧ ಬರೆಯಿರಿ.,1,ಈ ವಿಷಯಗಳಿಗೆ ಪ್ರಬಂಧ ಬರೆಯಿರಿ.: ಸ್ವಚ್ಛಭಾರತ ಅಭಿಯಾನ,,,,
kannada-10thstd,ಈ ವಿಷಯಗಳಿಗೆ ಪ್ರಬಂಧ ಬರೆಯಿರಿ.,2,ಪ್ರಾಚ್ಯ ಸ್ಮಾರಕಗಳ ಸಂರಕ್ಷಣೆ,,,,
kannada-10thstd,ಈ ವಿಷಯಗಳಿಗೆ ಪ್ರಬಂಧ ಬರೆಯಿರಿ.,3,ಈ ವಿಷಯಗಳಿಗೆ ಪ್ರಬಂಧ ಬರೆಯಿರಿ.: ರಾಷ್ಟ್ರೀಯ ಭಾವೈಕ್ಯ,,,,
kannada-10thstd,ಕೊಟ್ಟಿರುವ ಪ್ರಶ್ನೆಗಳಿಗೆ ಒಂದು ವಾಕ್ಯದಲ್ಲಿ ಉತ್ತರಿಸಿ.,1,ನಾಲ್ವಡಿ ಕೃಷ್ಣರಾಜ ಒಡೆಯರು ಯಾವಾಗ ಪಟ್ಟಾಭಿಷಿಕ್ತರಾದರು?,,,,
kannada-10thstd,ಕೊಟ್ಟಿರುವ ಪ್ರಶ್ನೆಗಳಿಗೆ ಒಂದು ವಾಕ್ಯದಲ್ಲಿ ಉತ್ತರಿಸಿ.,2,ನಾಲ್ವಡಿ ಕೃಷ್ಣರಾಜ ಒಡೆಯರು ಯಾವುದಕ್ಕಾಗಿ ಕಂಕಣಬದ್ಧರಾದರು?,,,,
kannada-10thstd,ಕೊಟ್ಟಿರುವ ಪ್ರಶ್ನೆಗಳಿಗೆ ಒಂದು ವಾಕ್ಯದಲ್ಲಿ ಉತ್ತರಿಸಿ.,3,ಏಷ್ಯಾ ಖಂಡದಲ್ಲಿಯೇ ಮೊದಲು ಪ್ರಾರಂಭಿಸಿದ ಜಲ ವಿದ್ಯುತ್ ಯೋಜನೆ ಯಾವುದು?,,,,
kannada-10thstd,ಕೊಟ್ಟಿರುವ ಪ್ರಶ್ನೆಗಳಿಗೆ ಒಂದು ವಾಕ್ಯದಲ್ಲಿ ಉತ್ತರಿಸಿ.,4,ಬ್ರಿಟಿಷ್ ಸರ್ಕಾರ ವಿಶ್ವೇಶ್ವರಯ್ಯ ಅವರಿಗೆ ಯಾವ ಪದವಿಯನ್ನು ನೀಡಿ ಗೌರವಿಸಿತು?,,,,
kannada-10thstd,ಕೊಟ್ಟಿರುವ ಪ್ರಶ್ನೆಗಳಿಗೆ ಒಂದು ವಾಕ್ಯದಲ್ಲಿ ಉತ್ತರಿಸಿ.,5,ವಿಶ್ವೇಶ್ವರಯ್ಯ ಅವರನ್ನು ದಿವಾನರಾಗಿ ನೇಮಿಸಿದವರು ಯಾರು?,,,,
kannada-10thstd,ಕೊಟ್ಟಿರುವ ಪ್ರಶ್ನೆಗಳಿಗೆ ಒಂದು ವಾಕ್ಯದಲ್ಲಿ ಉತ್ತರಿಸಿ.,6,ವಿಶ್ವೇಶ್ವರಯ್ಯ ಅವರ ಹುಟ್ಟು ಹಬ್ಬದ ನೆನಪಿಗಾಗಿ ಯಾವ ದಿನಾಚರಣೆಯನ್ನು ಮಾಡಲಾಗುತ್ತಿದೆ?,,,,
kannada-10thstd,ಕೊಟ್ಟಿರುವ ಪ್ರಶ್ನೆಗಳಿಗೆ ಮೂರು-ನಾಲ್ಕು ವಾಕ್ಯಗಳಲ್ಲಿ ಉತ್ತರಿಸಿ.,1,ನಾಲ್ವಡಿ ಕೃಷ್ಣರಾಜ ಒಡೆಯರ ಕಾಲದಲ್ಲಿ ಯಾವ ಕ್ಷೇತ್ರಗಳು ಸ್ವಯಂ ಆಡಳಿತ ಕ್ಷೇತ್ರಗಳಾದವು?,,,,
kannada-10thstd,ಕೊಟ್ಟಿರುವ ಪ್ರಶ್ನೆಗಳಿಗೆ ಮೂರು-ನಾಲ್ಕು ವಾಕ್ಯಗಳಲ್ಲಿ ಉತ್ತರಿಸಿ.,2,ನಾಲ್ವಡಿ ಕೃಷ್ಣರಾಜ ಒಡೆಯರ ಕಾಲದಲ್ಲಿ ಯಾವ ನೀರಾವರಿ ಯೋಜನೆಗಳು ಕಾರ್ಯರೂಪಕ್ಕೆ,,,,
kannada-10thstd,ಕೊಟ್ಟಿರುವ ಪ್ರಶ್ನೆಗಳಿಗೆ ಮೂರು-ನಾಲ್ಕು ವಾಕ್ಯಗಳಲ್ಲಿ ಉತ್ತರಿಸಿ.,3,ಶಿಕ್ಷಣದ ಬಗ್ಗೆ ವಿಶ್ವೇಶ್ವರಯ್ಯ ಅವರು ಏನೆಂದು ಹೇಳಿದ್ದಾರೆ?,,,,
kannada-10thstd,ಕೊಟ್ಟಿರುವ ಪ್ರಶ್ನೆಗಳಿಗೆ ಮೂರು-ನಾಲ್ಕು ವಾಕ್ಯಗಳಲ್ಲಿ ಉತ್ತರಿಸಿ.,4,ನೆಹರೂ ಅವರು ಸರ್ ಎಂ. ವಿಶ್ವೇಶ್ವರಯ್ಯ ಅವರ ಬಗ್ಗೆ ಏನೆಂದು ಹೇಳಿದ್ದಾರೆ?,,,,
kannada-10thstd,ಕೊಟ್ಟಿರುವ ಪ್ರಶ್ನೆಗಳಿಗೆ ಮೂರು-ನಾಲ್ಕು ವಾಕ್ಯಗಳಲ್ಲಿ ಉತ್ತರಿಸಿ.,5,ಹಣಕಾಸು ನೀತಿಯಲ್ಲಿ ವಿಶ್ವೇಶ್ವರಯ್ಯ ಅವರು ಮಾಡಿದ ಮಾರ್ಪಾಡುಗಳಾವುವು?,,,,
kannada-10thstd,ಕೊಟ್ಟಿರುವ ಪ್ರಶ್ನೆಗಳಿಗೆ ಎಂಟು-ಹತ್ತು ವಾಕ್ಯಗಳಲ್ಲಿ ಉತ್ತರಿಸಿ.,1,ನಾಲ್ವಡಿ ಕೃಷ್ಣರಾಜ ಒಡೆಯರ ಕಾಲದಲ್ಲಿ ಮೈಸೂರು 'ಮಾದರಿ ಮೈಸೂರು ರಾಜ್ಯ ಹೇಗಾಯಿತು?,,,,
kannada-10thstd,ಕೊಟ್ಟಿರುವ ಪ್ರಶ್ನೆಗಳಿಗೆ ಎಂಟು-ಹತ್ತು ವಾಕ್ಯಗಳಲ್ಲಿ ಉತ್ತರಿಸಿ.,2,ವಿಶ್ವೇಶ್ವರಯ್ಯ ಅವರು ಮೈಸೂರು ದಿವಾನರಾಗಿ ಸಲ್ಲಿಸಿದ ಸೇವೆಯನ್ನು ಕುರಿತು ಬರೆಯಿರಿ.,,,,
kannada-10thstd,ಕೊಟ್ಟಿರುವ ಪ್ರಶ್ನೆಗಳಿಗೆ ಎಂಟು-ಹತ್ತು ವಾಕ್ಯಗಳಲ್ಲಿ ಉತ್ತರಿಸಿ.,3,ಶಿಕ್ಷಣ ಕ್ಷೇತ್ರಕ್ಕೆ ವಿಶ್ವೇಶ್ವರಯ್ಯ ಅವರು ಸಲ್ಲಿಸಿದ ಕೊಡುಗೆಯನ್ನು ತಿಳಿಸಿ.,,,,
kannada-10thstd,ಸಂದರ್ಭಸಹಿತ ಸ್ವಾರಸ್ಯವನ್ನು ವಿವರಿಸಿ.,1,“ಸಾಮಾಜಿಕ ಕಾನೂನುಗಳ ಹರಿಕಾರ.”,,,,
kannada-10thstd,ಸಂದರ್ಭಸಹಿತ ಸ್ವಾರಸ್ಯವನ್ನು ವಿವರಿಸಿ.,2,“ಅವರ ಸಾಧನೆಯ ಕಿರೀಟಕ್ಕೆ ಮತ್ತೊಂದು ಗರಿಯನ್ನು ಸೇರಿಸಿತು.”,,,,
kannada-10thstd,ಸಂದರ್ಭಸಹಿತ ಸ್ವಾರಸ್ಯವನ್ನು ವಿವರಿಸಿ.,3,“ಮೈಸೂರು ಸಂಸ್ಥಾನಕ್ಕೆ 'ಮಾದರಿ ಮೈಸೂರು' ಎಂಬ ಕೀರ್ತಿ ಪ್ರಾಪ್ತವಾಯಿತು.”,,,,
kannada-10thstd,ಸಂದರ್ಭಸಹಿತ ಸ್ವಾರಸ್ಯವನ್ನು ವಿವರಿಸಿ.,4,“ತಾವು ಕಡಿಮೆ ಮಾತನಾಡಿದ್ದೀರಿ; ಹೆಚ್ಚು ಕೆಲಸ ಮಾಡಿದ್ದೀರಿ.”,,,,
kannada-10thstd,ಬಿಟ್ಟ ಸ್ಥಳವನ್ನು ಸರಿಯಾದ ಪದದಿಂದ ತುಂಬಿರಿ.,1,ನಾಲ್ವಡಿ ಕೃಷ್ಣರಾಜ ಒಡೆಯರ್‌ರವರಿಗೆ ರೀಜೆಂಟರಾಗಿ ಕಾರ್ಯನಿರ್ವಹಿಸಿದವರು.,,,,
kannada-10thstd,ಬಿಟ್ಟ ಸ್ಥಳವನ್ನು ಸರಿಯಾದ ಪದದಿಂದ ತುಂಬಿರಿ.,2,೧೯೧೪ರಲ್ಲಿ ಶಾಲಾ ಪ್ರವೇಶಕ್ಕೆ,,,,
kannada-10thstd,ಬಿಟ್ಟ ಸ್ಥಳವನ್ನು ಸರಿಯಾದ ಪದದಿಂದ ತುಂಬಿರಿ.,3,ವಿಶ್ವೇಶ್ವರಯ್ಯ ಅವರು ಮುಂಬೈ ಪ್ರಾಂತ್ಯದಲ್ಲಿ,,,,
kannada-10thstd,ಬಿಟ್ಟ ಸ್ಥಳವನ್ನು ಸರಿಯಾದ ಪದದಿಂದ ತುಂಬಿರಿ.,4,ಮುಂಬೈ ಪ್ರಾಂತ್ಯದ ಗವರ್ನರ್ ಆಗಿದ್ದ,,,,
kannada-10thstd,ಬಿಟ್ಟ ಸ್ಥಳವನ್ನು ಸರಿಯಾದ ಪದದಿಂದ ತುಂಬಿರಿ.,5,ಭಾರತ ಸರಕಾರವು ವಿಶ್ವೇಶ್ವರಯ್ಯನವರಿಗೆ,,,,
kannada-10thstd,ಬಿಟ್ಟ ಸ್ಥಳವನ್ನು ಸರಿಯಾದ ಪದದಿಂದ ತುಂಬಿರಿ.,1,ಹಂಪಿಯಲ್ಲಿನ ದೇವಾಲಯ ನೋಡಿಕೊಂಡು ಬಂದೆವು.,,,,
kannada-10thstd,ಬಿಟ್ಟ ಸ್ಥಳವನ್ನು ಸರಿಯಾದ ಪದದಿಂದ ತುಂಬಿರಿ.,2,ಶೈಕ್ಷಣಿಕ ಅಧ್ಯಯನ ದೃಷ್ಟಿಯಿಂದ ಶೈಕ್ಷಣಿಕ ಪ್ರವಾಸ ಮಾಡುವರು.,,,,
kannada-10thstd,ಬಿಟ್ಟ ಸ್ಥಳವನ್ನು ಸರಿಯಾದ ಪದದಿಂದ ತುಂಬಿರಿ.,3,ಹೆಜ್ಜೆ ಹೆಜ್ಜೆಗೆ ಇತಿಹಾಸದ ಅಡಿಗಲ್ಲುಗಳು ದೊರೆಯುತ್ತವೆ.,,,,
kannada-10thstd,ಬಿಟ್ಟ ಸ್ಥಳವನ್ನು ಸರಿಯಾದ ಪದದಿಂದ ತುಂಬಿರಿ.,1,ಭೀಮನು ದುಷ್ಟನಾದ ಬಕನನ್ನು ಕೊಂದನು.,,,,
kannada-10thstd,ಬಿಟ್ಟ ಸ್ಥಳವನ್ನು ಸರಿಯಾದ ಪದದಿಂದ ತುಂಬಿರಿ.,2,ಮಹಾಶಕ್ತನಾದ ದೇವರು ಸಮಸ್ತಲೋಕಗಳನ್ನು ಪ್ರೀತಿಯಿಂದ ಕಾಪಾಡುವನು.,,,,
kannada-10thstd,ಬಿಟ್ಟ ಸ್ಥಳವನ್ನು ಸರಿಯಾದ ಪದದಿಂದ ತುಂಬಿರಿ.,2,ಅವನು ಈಗ ತಾನೆ ತಿಂದನು (ಕರ್ಮಪದ ಇಲ್ಲ),,,,
kannada-10thstd,ಬಿಟ್ಟ ಸ್ಥಳವನ್ನು ಸರಿಯಾದ ಪದದಿಂದ ತುಂಬಿರಿ.,3,ಹುಡುಗ ಬುದ್ದಿವಂತ (ಕ್ರಿಯಾಪದ ಇಲ್ಲ),,,,
kannada-10thstd,ಬಿಟ್ಟ ಸ್ಥಳವನ್ನು ಸರಿಯಾದ ಪದದಿಂದ ತುಂಬಿರಿ.,1,ಬಿಟ್ಟ ಸ್ಥಳವನ್ನು ಸರಿಯಾದ ಪದದಿಂದ ತುಂಬಿರಿ.: ಸಾಮಾನ್ಯ ವಾಕ್ಯ,,,,
kannada-10thstd,ವೀರೇಶ್ವರ ಪಾಠಕರನ್ನು ಬೆಂಗಳೂರಿಗೆ ವರ್ಗಾವಣೆ ಮಾಡಲಾಯಿತು.,2,ಸಂಯೋಜಿತ ವಾಕ್ಯ :,,,,
kannada-10thstd,ವೀರೇಶ್ವರ ಪಾಠಕರನ್ನು ಬೆಂಗಳೂರಿಗೆ ವರ್ಗಾವಣೆ ಮಾಡಲಾಯಿತು.,3,ವೀರೇಶ್ವರ ಪಾಠಕರನ್ನು ಬೆಂಗಳೂರಿಗೆ ವರ್ಗಾವಣೆ ಮಾಡಲಾಯಿತು.: ಮಿಶ್ರವಾಕ್ಯ :,,,,
kannada-10thstd,ವೀರೇಶ್ವರ ಪಾಠಕರನ್ನು ಬೆಂಗಳೂರಿಗೆ ವರ್ಗಾವಣೆ ಮಾಡಲಾಯಿತು.,1,ಕೊಟ್ಟಿರುವ ಪದಗಳ ತತ್ಸಮ-ತದ್ಭವ ಬರೆಯಿರಿ.,,,,
kannada-10thstd,ವೀರೇಶ್ವರ ಪಾಠಕರನ್ನು ಬೆಂಗಳೂರಿಗೆ ವರ್ಗಾವಣೆ ಮಾಡಲಾಯಿತು.,9,ನೀಡಿರುವ ಪದಗಳಲ್ಲಿ ಅನ್ಯದೇಶ್ಯ ಪದಗಳನ್ನು ಆರಿಸಿ ಬರೆಯಿರಿ.,,,,
kannada-10thstd,ವೀರೇಶ್ವರ ಪಾಠಕರನ್ನು ಬೆಂಗಳೂರಿಗೆ ವರ್ಗಾವಣೆ ಮಾಡಲಾಯಿತು.,4,ಕೊಟ್ಟಿರುವ ಗಾದೆಗಳ ಅರ್ಥವನ್ನು ವಿವರಿಸಿ ಬರೆಯಿರಿ.,,,,
kannada-10thstd,ವೀರೇಶ್ವರ ಪಾಠಕರನ್ನು ಬೆಂಗಳೂರಿಗೆ ವರ್ಗಾವಣೆ ಮಾಡಲಾಯಿತು.,1,ಕೂಡಿಬಾಳಿದರೆ ಸ್ವರ್ಗ ಸುಖ.,,,,
kannada-10thstd,ವೀರೇಶ್ವರ ಪಾಠಕರನ್ನು ಬೆಂಗಳೂರಿಗೆ ವರ್ಗಾವಣೆ ಮಾಡಲಾಯಿತು.,2,"ಮಾತೇ ಮುತ್ತು, ಮಾತೇ ಮೃತ್ಯು.",,,,
kannada-10thstd,General Exercise,2,ಕೊಟ್ಟಿರುವ ಪ್ರಶ್ನೆಗಳಿಗೆ ಒಂದು ವಾಕ್ಯದಲ್ಲಿ ಉತ್ತರಿಸಿ.,,,,
kannada-10thstd,General Exercise,1,ಇಂದಲ್ಲ-ನಾಳೆ ಫಲ ಕೊಡುವ ಅಂಶಗಳಾವುವು?,,,,
kannada-10thstd,General Exercise,2,General Exercise: ಮನೆಮಂಚಮ್ಮ ಯಾರು?,,,,
kannada-10thstd,General Exercise,3,ಮನೆ ಮಂಚಮ್ಮನ ಕತೆ ಹೇಳಿದ ಕವಿ ಯಾರು?,,,,
kannada-10thstd,General Exercise,4,ಶಿವಾನುಭವ ಶಬ್ದಕೋಶ' ಪುಸ್ತಕ ಬರೆದವರು ಯಾರು?,,,,
kannada-10thstd,General Exercise,5,ವಚನಕಾರರಿಗೆ ಯಾವುದು ದೇವರಾಗಿತ್ತು?,,,,
kannada-10thstd,General Exercise,6,ಅಶೋಕ ಪೈ ಅವರ ವೃತ್ತಿ ಯಾವುದು?,,,,
kannada-10thstd,General Exercise,7,ದೇವನೂರರ ' ನನ್ನ ದೇವರು' ಯಾರೆಂಬುದನ್ನು ಸ್ಪಷ್ಟಿಕರಿಸಿ.,,,,
kannada-10thstd,ಕೊಟ್ಟಿರುವ ಪ್ರಶ್ನೆಗಳಿಗೆ ಮೂರು-ನಾಲ್ಕು ವಾಕ್ಯಗಳಲ್ಲಿ ಉತ್ತರಿಸಿ.,1,ಅಶೋಕ ಪೈ ಹೇಳಿದ ಸಂಶೋಧನಾ ಸತ್ಯವೇನು?,,,,
kannada-10thstd,ಕೊಟ್ಟಿರುವ ಪ್ರಶ್ನೆಗಳಿಗೆ ಮೂರು-ನಾಲ್ಕು ವಾಕ್ಯಗಳಲ್ಲಿ ಉತ್ತರಿಸಿ.,2,ವಚನಕಾರರ ದೃಷ್ಟಿಯಲ್ಲಿ ಅರಿವು ಎಂದರೆ ಏನು? ವಿವರಿಸಿ.,,,,
kannada-10thstd,ಕೊಟ್ಟಿರುವ ಪ್ರಶ್ನೆಗೆ ಎಂಟು-ಹತ್ತು ವಾಕ್ಯಗಳಲ್ಲಿ ಉತ್ತರಿಸಿ.,1,ಕವಿ ಸಿದ್ದಲಿಂಗಯ್ಯ ಹೇಳಿದ ಕತೆಯನ್ನು ಬರೆಯಿರಿ.,,,,
kannada-10thstd,ಸಂದರ್ಭಸಹಿತ ಸ್ವಾರಸ್ಯವನ್ನು ವಿವರಿಸಿ.,1,“ಹಾಗಾದರೆ ಎಲ್ಲರಿಗೂ ಮನೆ ಆಗುವವರೆಗೆ ನನಗೂ ಮನೆ ಬೇಡ.”,,,,
kannada-10thstd,ಸಂದರ್ಭಸಹಿತ ಸ್ವಾರಸ್ಯವನ್ನು ವಿವರಿಸಿ.,2,“ಯಾವ ಜೀವಿಯೂ ತನ್ನಷ್ಟಕ್ಕೆ ತಾನಿಲ್ಲ.”,,,,
kannada-10thstd,ಸಂದರ್ಭಸಹಿತ ಸ್ವಾರಸ್ಯವನ್ನು ವಿವರಿಸಿ.,3,“ಅವರಿಗೆ ಅವರವರ ಪ್ರಜ್ಞೆಯೇ ದೇವರಾಗಿತ್ತು”,,,,
kannada-10thstd,ಸಂದರ್ಭಸಹಿತ ಸ್ವಾರಸ್ಯವನ್ನು ವಿವರಿಸಿ.,4,“ಈ ಸಮಷ್ಟಿ ಮನಸ್ಸಲ್ಲಿ ಎಲ್ಲರೂ ಇರುತ್ತಾರೆ.”,,,,
kannada-10thstd,ಕೊಟ್ಟಿರುವ ಗಾದೆಗಳ ಅರ್ಥವನ್ನು ವಿವರಿಸಿ ಬರೆಯಿರಿ.,1,ಕಟ್ಟುವುದು ಕಠಿಣ; ಕೆಡಹುವುದು ಸುಲಭ.,,,,
kannada-10thstd,ಕೊಟ್ಟಿರುವ ಗಾದೆಗಳ ಅರ್ಥವನ್ನು ವಿವರಿಸಿ ಬರೆಯಿರಿ.,2,ಹೆತ್ತ ತಾಯಿ; ಹೊತ್ತ ನಾಡು ಸ್ವರ್ಗಕ್ಕಿಂತ ಮಿಗಿಲು.,,,,
kannada-10thstd,ಕೊಟ್ಟಿರುವ ವಿಷಯಗಳನ್ನು ಕುರಿತು ಪ್ರಬಂಧ ರಚಿಸಿರಿ.,1,ಗ್ರಾಮಸ್ವರಾಜ್ಯ ೨. ತ್ಯಾಜ್ಯವಸ್ತು ನಿರ್ವಹಣೆ,,,,
kannada-10thstd,General Exercise,2,ಕೊಟ್ಟಿರುವ ಪ್ರಶ್ನೆಗಳಿಗೆ ಒಂದು ವಾಕ್ಯದಲ್ಲಿ ಉತ್ತರಿಸಿ.,,,,
kannada-10thstd,General Exercise,1,ಯಾವುದನ್ನು ಎಚ್ಚರದಲ್ಲಿ ಮುನ್ನಡೆಸಬೇಕು?,,,,
kannada-10thstd,General Exercise,2,General Exercise: ನದೀಜಲಗಳು ಏನಾಗಿವೆ?,,,,
kannada-10thstd,General Exercise,3,ಯಾವುದಕ್ಕೆ ಮುಂಗಾರಿನ ಮಳೆಯಾಗಬೇಕು?,,,,
kannada-10thstd,General Exercise,4,ಕಾಡುಮೇಡುಗಳ ಸ್ಥಿತಿ ಹೇಗಿದೆ?,,,,
kannada-10thstd,General Exercise,5,ಯಾವ ಎಚ್ಚರದೊಳು ಬದುಕಬೇಕಿದೆ?,,,,
kannada-10thstd,ಕೊಟ್ಟಿರುವ ಪ್ರಶ್ನೆಗಳಿಗೆ ಎರಡು-ಮೂರು ವಾಕ್ಯಗಳಲ್ಲಿ ಉತ್ತರಿಸಿ.,1,ಹಡಗನ್ನು ಯಾವುದರ ಬೆಳಕಿನಲ್ಲಿ ಮುನ್ನಡೆಸಬೇಕಿದೆ?,,,,
kannada-10thstd,ಕೊಟ್ಟಿರುವ ಪ್ರಶ್ನೆಗಳಿಗೆ ಎರಡು-ಮೂರು ವಾಕ್ಯಗಳಲ್ಲಿ ಉತ್ತರಿಸಿ.,2,ಕಾಡುಗಳಿಗೆ ಹೇಗೆ ಮುಟ್ಟಬೇಕಿದೆ?,,,,
kannada-10thstd,ಕೊಟ್ಟಿರುವ ಪ್ರಶ್ನೆಗಳಿಗೆ ಎರಡು-ಮೂರು ವಾಕ್ಯಗಳಲ್ಲಿ ಉತ್ತರಿಸಿ.,3,ಹೊಸ ಭರವಸೆಗಳನ್ನು ಮೂಡಿಸಿ ಯಾವುದರ ನಡುವೆ ಸೇತುವೆಯಾಗಬೇಕಿದೆ?,,,,
kannada-10thstd,ಕೊಟ್ಟಿರುವ ಪ್ರಶ್ನೆಗಳಿಗೆ ಎರಡು-ಮೂರು ವಾಕ್ಯಗಳಲ್ಲಿ ಉತ್ತರಿಸಿ.,4,ನಾಳಿನ ಕನಸನ್ನು ಬಿತ್ತಬೇಕಾದರೆ ನಾವು ಹೇಗೆ ಬದುಕಬೇಕು?,,,,
kannada-10thstd,ಕೊಟ್ಟಿರುವ ಪ್ರಶ್ನೆಗಳಿಗೆ ಎಂಟು-ಹತ್ತು ವಾಕ್ಯಗಳಲ್ಲಿ ಉತ್ತರಿಸಿ.,1,ನಾವು ಯಾವ ಸಂಕಲ್ಪ ಕೈಗೊಳ್ಳಬೇಕೆಂಬುದು ಕವಿ ಶಿವರುದ್ರಪ್ಪನವರ ಆಶಯ?,,,,
kannada-10thstd,ಕೊಟ್ಟಿರುವ ಪ್ರಶ್ನೆಗಳಿಗೆ ಎಂಟು-ಹತ್ತು ವಾಕ್ಯಗಳಲ್ಲಿ ಉತ್ತರಿಸಿ.,2,ಸಂಕಲ್ಪ ಮತ್ತು ಅನುಷ್ಠಾನದ ಕುರಿತು ಕವಿ ಶಿವರುದ್ರಪ್ಪನವರ ಅಭಿಪ್ರಾಯವನ್ನು ವಿವರಿಸಿ.,,,,
kannada-10thstd,ಸಂದರ್ಭಸಹಿತ ಸ್ವಾರಸ್ಯವನ್ನು ವಿವರಿಸಿ.,1,“ಪ್ರೀತಿಯ ಹಣತೆಯ ಹಳ್ಳೋಣ.”,,,,
kannada-10thstd,ಸಂದರ್ಭಸಹಿತ ಸ್ವಾರಸ್ಯವನ್ನು ವಿವರಿಸಿ.,2,ಸಂದರ್ಭಸಹಿತ ಸ್ವಾರಸ್ಯವನ್ನು ವಿವರಿಸಿ.: “ಮುಂಗಾರಿನ ಮಳೆಯಾಗೋಣ.”,,,,
kannada-10thstd,ಸಂದರ್ಭಸಹಿತ ಸ್ವಾರಸ್ಯವನ್ನು ವಿವರಿಸಿ.,3,“ಹೊಸ ಭರವಸೆಗಳ ಕಟ್ಟೋಣ.”,,,,
kannada-10thstd,ಸಂದರ್ಭಸಹಿತ ಸ್ವಾರಸ್ಯವನ್ನು ವಿವರಿಸಿ.,4,“ಹೊಸ ಎಚ್ಚರದೊಳು ಬದುಕೋಣ.”,,,,
kannada-10thstd,ಬಿಟ್ಟ ಸ್ಥಳವನ್ನು ಸೂಕ್ತ ಪದದಿಂದ ತುಂಬಿರಿ.,1,ಸಂಕಲ್ಪ ಗೀತೆ' ಪದ್ಯವನ್ನು,,,,
kannada-10thstd,ಬಿಟ್ಟ ಸ್ಥಳವನ್ನು ಸೂಕ್ತ ಪದದಿಂದ ತುಂಬಿರಿ.,2,ಬಿಟ್ಟ ಸ್ಥಳವನ್ನು ಸೂಕ್ತ ಪದದಿಂದ ತುಂಬಿರಿ.: ಕತ್ತಲೆಯೊಳಗೆ ಪ್ರೀತಿಯ,,,,
kannada-10thstd,ಬಿಟ್ಟ ಸ್ಥಳವನ್ನು ಸೂಕ್ತ ಪದದಿಂದ ತುಂಬಿರಿ.,3,ಬಿಟ್ಟ ಸ್ಥಳವನ್ನು ಸೂಕ್ತ ಪದದಿಂದ ತುಂಬಿರಿ.: ಜಿ.ಎಸ್‌.ಶಿವರುದ್ರಪ್ಪನವರು,,,,
kannada-10thstd,ಬಿಟ್ಟ ಸ್ಥಳವನ್ನು ಸೂಕ್ತ ಪದದಿಂದ ತುಂಬಿರಿ.,1,ಉದ್ದೇಶ (ಉದ್ದೇಶ ಸರಿ),,,,
kannada-10thstd,ಬಿಟ್ಟ ಸ್ಥಳವನ್ನು ಸೂಕ್ತ ಪದದಿಂದ ತುಂಬಿರಿ.,2,ವೈಡೂರ್ಯ (ಎಷ್ಟೇ ಬೆಲೆಬಾಳುವ ರತ್ನವಾದರೂ ಅದು ವೈಡೂರ್ಯವೇ),,,,
kannada-10thstd,ಬಿಟ್ಟ ಸ್ಥಳವನ್ನು ಸೂಕ್ತ ಪದದಿಂದ ತುಂಬಿರಿ.,3,ಪ್ರಭಲ (ಅದೆಷ್ಟೇ ಬಲಯುತವಾದರೂ ಅದನ್ನು ಪ್ರಬಲ ಎಂದೇ ಬರೆಯಬೇಕು),,,,
kannada-10thstd,ಬಿಟ್ಟ ಸ್ಥಳವನ್ನು ಸೂಕ್ತ ಪದದಿಂದ ತುಂಬಿರಿ.,4,"ಜನಾರ್ಧನ (ಗೋವರ್ಧನ ಎನ್ನುವಾಗ ಧ ಅಕ್ಷರವು ಮಹಾಪ್ರಾಣವಾಗಿರಲಿ, ಆದರೆ ಜನಾರ್ದನ",,,,
kannada-10thstd,ಬಿಟ್ಟ ಸ್ಥಳವನ್ನು ಸೂಕ್ತ ಪದದಿಂದ ತುಂಬಿರಿ.,5,ಉಚ್ಚ (ಉಚ್ಚ ಎಂಬುದೇ ಸರಿಯಾದ ರೂಪ),,,,
kannada-10thstd,ಬಿಟ್ಟ ಸ್ಥಳವನ್ನು ಸೂಕ್ತ ಪದದಿಂದ ತುಂಬಿರಿ.,1,ಕೊಟ್ಟಿರುವ ಪದ್ಯ ಭಾಗವನ್ನು ಪೂರ್ಣಗೊಳಿಸಿ ಕಂಠಪಾಠ ಮಾಡಿರಿ.,,,,
kannada-10thstd,ಬಿಟ್ಟ ಸ್ಥಳವನ್ನು ಸೂಕ್ತ ಪದದಿಂದ ತುಂಬಿರಿ.,2,ಬಿಟ್ಟ ಸ್ಥಳವನ್ನು ಸೂಕ್ತ ಪದದಿಂದ ತುಂಬಿರಿ.: ಮತಗಳೆಲ್ಲವೂ,,,,
kannada-10thstd,ಬಿಟ್ಟ ಸ್ಥಳವನ್ನು ಸೂಕ್ತ ಪದದಿಂದ ತುಂಬಿರಿ.,2,ಕೊಟ್ಟಿರುವ ಪದಗಳ ಧಾತುಗಳನ್ನು ಗುರುತಿಸಿ ಬರೆಯಿರಿ.,,,,
kannada-10thstd,ಬಿಟ್ಟ ಸ್ಥಳವನ್ನು ಸೂಕ್ತ ಪದದಿಂದ ತುಂಬಿರಿ.,3,ಕೊಟ್ಟಿರುವ ಪದಗಳಲ್ಲಿರುವ ವಿಭಕ್ತಿ ಪ್ರತ್ಯಯಗಳನ್ನು ಪ್ರತ್ಯೇಕಿಸಿ ಬರೆಯಿರಿ.,,,,
kannada-10thstd,ಬಿಟ್ಟ ಸ್ಥಳವನ್ನು ಸೂಕ್ತ ಪದದಿಂದ ತುಂಬಿರಿ.,4,ಕೊಟ್ಟಿರುವ ಪದಗಳಲ್ಲಿರುವ ವಿಭಕ್ತಿಯನ್ನು ಹೆಸರಿಸಿ.,,,,
kannada-10thstd,ಬಿಟ್ಟ ಸ್ಥಳವನ್ನು ಸೂಕ್ತ ಪದದಿಂದ ತುಂಬಿರಿ.,5,"ಕೊಟ್ಟಿರುವ ಧಾತುಗಳಿಗೆ ವಿಧ್ಯರ್ಥಕ, ನಿಷೇಧಾರ್ಥಕ ಮತ್ತು ಸಂಭಾವನಾರ್ಥಕ ರೂಪಗಳನ್ನು ಬರೆಯಿರಿ.",,,,
kannada-10thstd,ಕೊಟ್ಟಿರುವ ಪ್ರಶ್ನೆಗಳಿಗೆ ಒಂದು ವಾಕ್ಯದಲ್ಲಿ ಉತ್ತರಿಸಿ.,1,ಹಕ್ಕಿ ಯಾವ ವೇಗದಲ್ಲಿ ಹಾರುತ್ತಿದೆ?,,,,
kannada-10thstd,ಕೊಟ್ಟಿರುವ ಪ್ರಶ್ನೆಗಳಿಗೆ ಒಂದು ವಾಕ್ಯದಲ್ಲಿ ಉತ್ತರಿಸಿ.,2,ಹಕ್ಕಿಯ ಗರಿಯಲ್ಲಿ ಯಾವ ಬಣ್ಣಗಳಿವೆ?,,,,
kannada-10thstd,ಕೊಟ್ಟಿರುವ ಪ್ರಶ್ನೆಗಳಿಗೆ ಒಂದು ವಾಕ್ಯದಲ್ಲಿ ಉತ್ತರಿಸಿ.,3,ಹಕ್ಕಿಯ ಕಣ್ಣುಗಳು ಯಾವುವು?,,,,
kannada-10thstd,ಕೊಟ್ಟಿರುವ ಪ್ರಶ್ನೆಗಳಿಗೆ ಒಂದು ವಾಕ್ಯದಲ್ಲಿ ಉತ್ತರಿಸಿ.,4,ಹಕ್ಕಿಯು ಯಾರ ನೆತ್ತಿಯನ್ನು ಕುಕ್ಕಿದೆ?,,,,
kannada-10thstd,ಕೊಟ್ಟಿರುವ ಪ್ರಶ್ನೆಗಳಿಗೆ ಒಂದು ವಾಕ್ಯದಲ್ಲಿ ಉತ್ತರಿಸಿ.,5,ಹಕ್ಕಿ ಯಾರನ್ನು ಹರಸಿದೆ?,,,,
kannada-10thstd,ಕೊಟ್ಟಿರುವ ಪ್ರಶ್ನೆಗಳಿಗೆ ಒಂದು ವಾಕ್ಯದಲ್ಲಿ ಉತ್ತರಿಸಿ.,6,ಹಕ್ಕಿಯು ಯಾವುದರ ಸಂಕೇತವಾಗಿದೆ?,,,,
kannada-10thstd,ಕೊಟ್ಟಿರುವ ಪ್ರಶ್ನೆಗಳಿಗೆ ಒಂದು ವಾಕ್ಯದಲ್ಲಿ ಉತ್ತರಿಸಿ.,7,ಹಕ್ಕಿಯ ಚುಂಚಗಳು ಎಲ್ಲಿಯವರೆಗೂ ಚಾಚಿವೆ?,,,,
kannada-10thstd,ಕೊಟ್ಟಿರುವ ಪ್ರಶ್ನೆಗಳಿಗೆ ಎರಡು-ಮೂರು ವಾಕ್ಯಗಳಲ್ಲಿ ಉತ್ತರಿಸಿ.,1,ಹಕ್ಕಿಯ ಹಾರಾಟವನ್ನು ಆಕಾಶಕ್ಕೆ ಹೇಗೆ ಹೋಲಿಸಿದ್ದಾರೆ?,,,,
kannada-10thstd,ಕೊಟ್ಟಿರುವ ಪ್ರಶ್ನೆಗಳಿಗೆ ಎರಡು-ಮೂರು ವಾಕ್ಯಗಳಲ್ಲಿ ಉತ್ತರಿಸಿ.,2,ಹೊಸಗಾಲದ ಹಸುಮಕ್ಕಳನ್ನು ಹಕ್ಕಿ ಹೇಗೆ ಹರಸಿದೆ?,,,,
kannada-10thstd,ಕೊಟ್ಟಿರುವ ಪ್ರಶ್ನೆಗಳಿಗೆ ಎರಡು-ಮೂರು ವಾಕ್ಯಗಳಲ್ಲಿ ಉತ್ತರಿಸಿ.,3,"ಹಕ್ಕಿಯು ಯಾವ ಮೇರೆ ಮೀರಿ, ನೀರನು ಹೀರಿದೆ?",,,,
kannada-10thstd,ಕೊಟ್ಟಿರುವ ಪ್ರಶ್ನೆಗೆ ಎಂಟು-ಹತ್ತು ವಾಕ್ಯಗಳಲ್ಲಿ ಉತ್ತರಿಸಿ.,1,ಹಕ್ಕಿಯನ್ನು ಕಾಲಗತಿಗೆ ಹೋಲಿಸುತ್ತಾ ಕವಿ ಹೇಳಿರುವ ಮಾತುಗಳಾವುವು?,,,,
kannada-10thstd,ಸಂದರ್ಭಸಹಿತ ಸ್ವಾರಸ್ಯವನ್ನು ವಿವರಿಸಿ.,1,ಸಂದರ್ಭಸಹಿತ ಸ್ವಾರಸ್ಯವನ್ನು ವಿವರಿಸಿ.: “ರೆಕ್ಕೆಗಳೆರಡೂ ಪಕ್ಕದಲುಂಟು”,,,,
kannada-10thstd,ಸಂದರ್ಭಸಹಿತ ಸ್ವಾರಸ್ಯವನ್ನು ವಿವರಿಸಿ.,2,“ಸಾರ್ವಭೌಮರಾ ನೆತ್ತಿಯ ಕುಕ್ಕಿ”,,,,
kannada-10thstd,ಸಂದರ್ಭಸಹಿತ ಸ್ವಾರಸ್ಯವನ್ನು ವಿವರಿಸಿ.,3,“ಬಲ್ಲರು ಯಾರಾ ಹಾಕಿದ ಹೊಂಚ”,,,,
kannada-10thstd,ಸಂದರ್ಭಸಹಿತ ಸ್ವಾರಸ್ಯವನ್ನು ವಿವರಿಸಿ.,4,“ಹೊಸಗಾಲದ ಹಸುಮಕ್ಕಳ ಹರಸಿ”,,,,
kannada-10thstd,ಸಂದರ್ಭಸಹಿತ ಸ್ವಾರಸ್ಯವನ್ನು ವಿವರಿಸಿ.,5,“ಮಂಗಳ ಲೋಕದ ಅಂಗಳಕೇರಿ”,,,,
kannada-10thstd,ಹೊಂದಿಸಿ ಬರೆಯಿರಿ.,1,ಹೊಂದಿಸಿ ಬರೆಯಿರಿ.: ಹಕ್ಕಿ,,,,
kannada-10thstd,ಹೊಂದಿಸಿ ಬರೆಯಿರಿ.,2,ಹೊಂದಿಸಿ ಬರೆಯಿರಿ.: ನಾಕುತಂತಿ,,,,
kannada-10thstd,ಹೊಂದಿಸಿ ಬರೆಯಿರಿ.,3,ಹೊಂದಿಸಿ ಬರೆಯಿರಿ.: ನೀಲಮೇಘಮಂಡಲ,,,,
kannada-10thstd,ಹೊಂದಿಸಿ ಬರೆಯಿರಿ.,4,ಹೊಂದಿಸಿ ಬರೆಯಿರಿ.: ರಾಜ್ಯದ ಸಾಮ್ರಾಜ್ಯದ,,,,
kannada-10thstd,ಹೊಂದಿಸಿ ಬರೆಯಿರಿ.,5,ಹೊಂದಿಸಿ ಬರೆಯಿರಿ.: ತೇಲಿಸಿ ಮುಳುಗಿಸಿ,,,,
kannada-10thstd,ಪ್ರಸ್ತುತ ಪದ್ಯಭಾಗದಲ್ಲಿ ಬಳಸಿರುವ ದ್ವಿರುಕ್ತಿ ಜೋಡಿಪದಗಳನ್ನು ಪಟ್ಟಿ ಮಾಡಿ.,1,"ಕನಿಷ್ಟ - ಇದು ತಪ್ಪು ರೂಪ. ಕನಿಷ್ಠ ಎಂದೇ ಬರೆಯಬೇಕು. (ಹಾಗೆಯೇ ಘನಿಷ್ಠ, ಗರಿಷ್ಠ)",,,,
kannada-10thstd,ಪ್ರಸ್ತುತ ಪದ್ಯಭಾಗದಲ್ಲಿ ಬಳಸಿರುವ ದ್ವಿರುಕ್ತಿ ಜೋಡಿಪದಗಳನ್ನು ಪಟ್ಟಿ ಮಾಡಿ.,2,ಶ್ರೇಷ್ಟ - ಇದು ತಪ್ಪು. ಶ್ರೇಷ್ಠ ಸರಿಯಾದ ರೂಪ.,,,,
kannada-10thstd,ಪ್ರಸ್ತುತ ಪದ್ಯಭಾಗದಲ್ಲಿ ಬಳಸಿರುವ ದ್ವಿರುಕ್ತಿ ಜೋಡಿಪದಗಳನ್ನು ಪಟ್ಟಿ ಮಾಡಿ.,3,ಸ್ವಚ್ಚ - ಸರಿಯಲ್ಲ. ಸ್ವಚ್ಛ ಎಂದು ಬರೆಯಬೇಕು.,,,,
kannada-10thstd,ಪ್ರಸ್ತುತ ಪದ್ಯಭಾಗದಲ್ಲಿ ಬಳಸಿರುವ ದ್ವಿರುಕ್ತಿ ಜೋಡಿಪದಗಳನ್ನು ಪಟ್ಟಿ ಮಾಡಿ.,4,"ಉಚ್ಚಾಯ - ಇದು ಕೂಡ ತಪ್ಪು, ಉಚ್ಚಾಯ ಎಂಬುದು ಸರಿಯಾದ ರೂಪ.",,,,
kannada-10thstd,ಕೊಟ್ಟಿರುವ ಪ್ರಶ್ನೆಗಳಿಗೆ ಉತ್ತರಿಸಿ.,1,ಕೊಟ್ಟಿರುವ ಪದಗಳಿಗೆ ಸಮಾನಾರ್ಥಕ ಪದ ಬರೆಯಿರಿ.,,,,
kannada-10thstd,ಕೊಟ್ಟಿರುವ ಪ್ರಶ್ನೆಗಳಿಗೆ ಉತ್ತರಿಸಿ.,2,ಕೊಟ್ಟಿರುವ ಪದಗಳಿಗೆ ತತ್ಸಮ-ತದ್ಭವ ಬರೆಯಿರಿ.,,,,
kannada-10thstd,ಕೊಟ್ಟಿರುವ ಪ್ರಶ್ನೆಗಳಿಗೆ ಉತ್ತರಿಸಿ.,3,"ಕೊಟ್ಟಿರುವ ಪದಗಳನ್ನು ಬಿಡಿಸಿ, ಸಂಧಿ ಹೆಸರಿಸಿ.",,,,
kannada-10thstd,ಕೊಟ್ಟಿರುವ ಪ್ರಶ್ನೆಗಳಿಗೆ ಉತ್ತರಿಸಿ.,4,ಈ ಪದ್ಯದಲ್ಲಿ ಬರುವ ದ್ವಿರುಕ್ತಿ ಪದಗಳನ್ನು ಪಟ್ಟಿ ಮಾಡಿರಿ.,,,,
kannada-10thstd,ಕೊಟ್ಟಿರುವ ಅವ್ಯಯ ಪದಗಳು ಯಾವ ಯಾವ ಅವ್ಯಯಕ್ಕೆ ಸೇರಿವೆ ಎಂಬುದನ್ನು ಗುರುತಿಸಿ.,1,"ಕೊಟ್ಟಿರುವ ಪದ್ಯಭಾಗವನ್ನು ಪೂರ್ಣಗೊಳಿಸಿ, ಕಂಠಪಾಠ ಮಾಡಿರಿ.",,,,
kannada-10thstd,ಕೊಟ್ಟಿರುವ ಅವ್ಯಯ ಪದಗಳು ಯಾವ ಯಾವ ಅವ್ಯಯಕ್ಕೆ ಸೇರಿವೆ ಎಂಬುದನ್ನು ಗುರುತಿಸಿ.,1,ನೀಲ ಮೇಘ ಮಂಡಲ,,,,
kannada-10thstd,ಕೊಟ್ಟಿರುವ ಅವ್ಯಯ ಪದಗಳು ಯಾವ ಯಾವ ಅವ್ಯಯಕ್ಕೆ ಸೇರಿವೆ ಎಂಬುದನ್ನು ಗುರುತಿಸಿ.,2,ಕೊಟ್ಟಿರುವ ಅವ್ಯಯ ಪದಗಳು ಯಾವ ಯಾವ ಅವ್ಯಯಕ್ಕೆ ಸೇರಿವೆ ಎಂಬುದನ್ನು ಗುರುತಿಸಿ.: ಯುಗ ಯುಗಗಳ,,,,
kannada-10thstd,ಕೊಟ್ಟಿರುವ ಪ್ರಶ್ನೆಗಳಿಗೆ ಒಂದು ವಾಕ್ಯದಲ್ಲಿ ಉತ್ತರಿಸಿ.,1,ಶ್ರೀಕೃಷ್ಣನು ಕರ್ಣನನ್ನು ರಥದಲ್ಲಿ ಹೇಗೆ ಕೂರಿಸಿಕೊಂಡನು?,,,,
kannada-10thstd,ಕೊಟ್ಟಿರುವ ಪ್ರಶ್ನೆಗಳಿಗೆ ಒಂದು ವಾಕ್ಯದಲ್ಲಿ ಉತ್ತರಿಸಿ.,2,ಕುಮಾರವ್ಯಾಸನ ಆರಾಧ್ಯದೈವ ಯಾರು?,,,,
kannada-10thstd,ಕೊಟ್ಟಿರುವ ಪ್ರಶ್ನೆಗಳಿಗೆ ಒಂದು ವಾಕ್ಯದಲ್ಲಿ ಉತ್ತರಿಸಿ.,3,ಅಶ್ವಿನಿ ದೇವತೆಗಳ ವರಬಲದಿಂದ ಜನಿಸಿದವರು ಯಾರು?,,,,
kannada-10thstd,ಕೊಟ್ಟಿರುವ ಪ್ರಶ್ನೆಗಳಿಗೆ ಒಂದು ವಾಕ್ಯದಲ್ಲಿ ಉತ್ತರಿಸಿ.,4,ಕುಮಾರವ್ಯಾಸನಿಗಿರುವ ಬಿರುದು ಯಾವುದು?,,,,
kannada-10thstd,ಕೊಟ್ಟಿರುವ ಪ್ರಶ್ನೆಗಳಿಗೆ ಒಂದು ವಾಕ್ಯದಲ್ಲಿ ಉತ್ತರಿಸಿ.,5,ನಾರಣಪ್ಪನಿಗೆ ಕುಮಾರವ್ಯಾಸನೆಂಬ ಹೆಸರು ಏಕೆ ಬಂತು?,,,,
kannada-10thstd,ಕೊಟ್ಟಿರುವ ಪ್ರಶ್ನೆಗಳಿಗೆ ಮೂರು-ನಾಲ್ಕು ವಾಕ್ಯಗಳಲ್ಲಿ ಉತ್ತರಿಸಿ.,1,ಕೃಷ್ಣನು ಕರ್ಣನ ಮನದಲ್ಲಿ ಯಾವ ರೀತಿಯಲ್ಲಿ ಭಯವನ್ನು ಬಿತ್ತಿದನು?,,,,
kannada-10thstd,ಕೊಟ್ಟಿರುವ ಪ್ರಶ್ನೆಗಳಿಗೆ ಮೂರು-ನಾಲ್ಕು ವಾಕ್ಯಗಳಲ್ಲಿ ಉತ್ತರಿಸಿ.,2,"ಕುಂತಿ, ಮಾದ್ರಿಯರು ಯಾರಾರ ಅನುಗ್ರಹದಿಂದ ಮಕ್ಕಳನ್ನು ಪಡೆದರು?",,,,
kannada-10thstd,ಕೊಟ್ಟಿರುವ ಪ್ರಶ್ನೆಗಳಿಗೆ ಮೂರು-ನಾಲ್ಕು ವಾಕ್ಯಗಳಲ್ಲಿ ಉತ್ತರಿಸಿ.,3,ಕೃಷ್ಣನು ಆಮಿಷಗಳನ್ನು ಒಡ್ಡಿದಾಗ ಕರ್ಣನ ಮನದಲ್ಲಿ ಮೂಡಿದ ಭಾವನೆಗಳೇನು?,,,,
kannada-10thstd,ಕೊಟ್ಟಿರುವ ಪ್ರಶ್ನೆಗಳಿಗೆ ಮೂರು-ನಾಲ್ಕು ವಾಕ್ಯಗಳಲ್ಲಿ ಉತ್ತರಿಸಿ.,4,ಕೃಷ್ಣನು ಕೌರವೇಂದ್ರನನ್ನು ಕೊಂದನು ಎಂದು ಕರ್ಣ ಹೇಳಲು ಕಾರಣವೇನು?,,,,
kannada-10thstd,ಕೊಟ್ಟಿರುವ ಪ್ರಶ್ನೆಗಳಿಗೆ ಮೂರು-ನಾಲ್ಕು ವಾಕ್ಯಗಳಲ್ಲಿ ಉತ್ತರಿಸಿ.,5,ಯುದ್ಧದ ವಿಚಾರದಲ್ಲಿ ಕರ್ಣನ ತೀರ್ಮಾನವೇನು?,,,,
kannada-10thstd,ಕೊಟ್ಟಿರುವ ಪ್ರಶ್ನೆಗಳಿಗೆ ಎಂಟು-ಹತ್ತು ವಾಕ್ಯಗಳಲ್ಲಿ ಉತ್ತರಿಸಿ.,1,ಕರ್ಣನಿಗೆ ಶ್ರೀಕೃಷ್ಣನು ಒಡ್ಡಿದ ಆಮಿಷಗಳೇನು?,,,,
kannada-10thstd,ಕೊಟ್ಟಿರುವ ಪ್ರಶ್ನೆಗಳಿಗೆ ಎಂಟು-ಹತ್ತು ವಾಕ್ಯಗಳಲ್ಲಿ ಉತ್ತರಿಸಿ.,2,ಪಾಂಡವರು ಸೋದರರೆಂದು ತಿಳಿದಾಗ ಕರ್ಣನ ಮನಸ್ಥಿತಿಯನ್ನು ತಿಳಿಸಿ.,,,,
kannada-10thstd,ಕೊಟ್ಟಿರುವ ಪ್ರಶ್ನೆಗಳಿಗೆ ಎಂಟು-ಹತ್ತು ವಾಕ್ಯಗಳಲ್ಲಿ ಉತ್ತರಿಸಿ.,3,ಕರ್ಣನ ನಿರ್ಧಾರ ಸರಿ ಎನ್ನುವಿರಾ? ಏಕೆ?,,,,
kannada-10thstd,ಸಂದರ್ಭಸಹಿತ ಸ್ವಾರಸ್ಯವನ್ನು ವಿವರಿಸಿ.,1,“ರವಿಸುತನ ಕಿವಿಯಲಿ ಬಿತ್ತಿದನು ಭಯವ”,,,,
kannada-10thstd,ಸಂದರ್ಭಸಹಿತ ಸ್ವಾರಸ್ಯವನ್ನು ವಿವರಿಸಿ.,2,ಸಂದರ್ಭಸಹಿತ ಸ್ವಾರಸ್ಯವನ್ನು ವಿವರಿಸಿ.: “ಬಾಯ್ದಂಬುಲಕೆ ಕೈಯಾನುವರೆ.”,,,,
kannada-10thstd,ಸಂದರ್ಭಸಹಿತ ಸ್ವಾರಸ್ಯವನ್ನು ವಿವರಿಸಿ.,3,“ಜೀಯ ಹಸಾದವೆಂಬುದು ಕಷ್ಟ”,,,,
kannada-10thstd,ಸಂದರ್ಭಸಹಿತ ಸ್ವಾರಸ್ಯವನ್ನು ವಿವರಿಸಿ.,4,ಸಂದರ್ಭಸಹಿತ ಸ್ವಾರಸ್ಯವನ್ನು ವಿವರಿಸಿ.: “ನಿನ್ನಪದೆಸೆಯ ಬಯಸುವನಲ್ಲ”,,,,
kannada-10thstd,ಸಂದರ್ಭಸಹಿತ ಸ್ವಾರಸ್ಯವನ್ನು ವಿವರಿಸಿ.,5,“ಮಾರಿಗೌತಣವಾಯ್ತು ನಾಳಿನ ಭಾರತವು.”,,,,
kannada-10thstd,ಬಿಟ್ಟಿರುವ ಸ್ಥಳವನ್ನು ಸೂಕ್ತ ಪದದಿಂದ ತುಂಬಿ.,1,ಬಿಟ್ಟಿರುವ ಸ್ಥಳವನ್ನು ಸೂಕ್ತ ಪದದಿಂದ ತುಂಬಿ.: 'ರಾಜೀವಸಖ' ಎಂದರೆ,,,,
kannada-10thstd,ಬಿಟ್ಟಿರುವ ಸ್ಥಳವನ್ನು ಸೂಕ್ತ ಪದದಿಂದ ತುಂಬಿ.,2,ಬಿಟ್ಟಿರುವ ಸ್ಥಳವನ್ನು ಸೂಕ್ತ ಪದದಿಂದ ತುಂಬಿ.: ಗದುಗಿನ ಭಾರತವು,,,,
kannada-10thstd,ಬಿಟ್ಟಿರುವ ಸ್ಥಳವನ್ನು ಸೂಕ್ತ ಪದದಿಂದ ತುಂಬಿ.,3,ಅಶ್ವಿನಿ ದೇವತೆಗಳ ವರಬಲದಿಂದ,,,,
kannada-10thstd,ಬಿಟ್ಟಿರುವ ಸ್ಥಳವನ್ನು ಸೂಕ್ತ ಪದದಿಂದ ತುಂಬಿ.,4,ಬಿಟ್ಟಿರುವ ಸ್ಥಳವನ್ನು ಸೂಕ್ತ ಪದದಿಂದ ತುಂಬಿ.: ಕರ್ಣನು,,,,
kannada-10thstd,ಬಿಟ್ಟಿರುವ ಸ್ಥಳವನ್ನು ಸೂಕ್ತ ಪದದಿಂದ ತುಂಬಿ.,5,ಬಿಟ್ಟಿರುವ ಸ್ಥಳವನ್ನು ಸೂಕ್ತ ಪದದಿಂದ ತುಂಬಿ.: ಗದುಗಿನ ಸಮೀಪದ,,,,
kannada-10thstd,ಬಿಟ್ಟಿರುವ ಸ್ಥಳವನ್ನು ಸೂಕ್ತ ಪದದಿಂದ ತುಂಬಿ.,1,ನೀಚರಿಗೆ ಮಾಡಿದ ಉಪಕಾರವು ಹಾವಿಗೆ ಹಾಲೆರೆದಂತೆ,,,,
kannada-10thstd,ಬಿಟ್ಟಿರುವ ಸ್ಥಳವನ್ನು ಸೂಕ್ತ ಪದದಿಂದ ತುಂಬಿ.,2,ಬಿಟ್ಟಿರುವ ಸ್ಥಳವನ್ನು ಸೂಕ್ತ ಪದದಿಂದ ತುಂಬಿ.: ಮರವೇರಿದ ಮರ್ಕಟನಂತೆ,,,,
kannada-10thstd,ಬಿಟ್ಟಿರುವ ಸ್ಥಳವನ್ನು ಸೂಕ್ತ ಪದದಿಂದ ತುಂಬಿ.,1,ಅಲಂಕಾರವನ್ನು ಹೆಸರಿಸಿ ಸಮನ್ವಯಿಸಿ.,,,,
kannada-10thstd,ಬಿಟ್ಟಿರುವ ಸ್ಥಳವನ್ನು ಸೂಕ್ತ ಪದದಿಂದ ತುಂಬಿ.,2,ವಿಗ್ರಹಿಸಿ ಸಮಾಸವನ್ನು ಹೆಸರಿಸಿ.,,,,
kannada-10thstd,ಬಿಟ್ಟಿರುವ ಸ್ಥಳವನ್ನು ಸೂಕ್ತ ಪದದಿಂದ ತುಂಬಿ.,3,"ಪ್ರಸ್ತಾರ ಹಾಕಿ, ಗಣವಿಭಾಗ ಮಾಡಿ, ಛಂದಸ್ಸನ್ನು ಹೆಸರಿಸಿ.",,,,
kannada-10thstd,ಬಿಟ್ಟಿರುವ ಸ್ಥಳವನ್ನು ಸೂಕ್ತ ಪದದಿಂದ ತುಂಬಿ.,4,ಮೊದಲೆರಡು ಪದಗಳಿಗಿರುವ ಸಂಬಂಧವನ್ನು ಗುರುತಿಸಿ ಮೂರನೇ ಪದಕ್ಕೆ ಸಂಬಂಧಿಸಿದ ನಾಲ್ಕನೆಯ,,,,
kannada-10thstd,ಬಿಟ್ಟಿರುವ ಸ್ಥಳವನ್ನು ಸೂಕ್ತ ಪದದಿಂದ ತುಂಬಿ.,1,ತನುಜ : ಮಗ :: ಸಖ :,,,,
kannada-10thstd,ಬಿಟ್ಟಿರುವ ಸ್ಥಳವನ್ನು ಸೂಕ್ತ ಪದದಿಂದ ತುಂಬಿ.,2,ಯುದ್ಧ : ಜುದ್ದ :: ಪ್ರಸಾದ :,,,,
kannada-10thstd,ಬಿಟ್ಟಿರುವ ಸ್ಥಳವನ್ನು ಸೂಕ್ತ ಪದದಿಂದ ತುಂಬಿ.,3,ಭೇದವಿಲ್ಲ : ಆಗಮ ಸಂಧಿ :: ನಿಮ್ಮಡಿಗಳಲಿ,,,,
kannada-10thstd,ಬಿಟ್ಟಿರುವ ಸ್ಥಳವನ್ನು ಸೂಕ್ತ ಪದದಿಂದ ತುಂಬಿ.,4,ಕಂದ : ನಾಲ್ಕು ಸಾಲು :: ಷಟ್ಟದಿ :,,,,
kannada-10thstd,ಕೊಟ್ಟಿರುವ ಪ್ರಶ್ನೆಗಳಿಗೆ ಒಂದು ವಾಕ್ಯದಲ್ಲಿ ಉತ್ತರಿಸಿ.,1,ನಿಮಗೆ ನಮಸ್ಕರಿಸಿ ಹೋಗಲು ಬಂದೆನಷ್ಟೇ ಎಂದು ದುರ್ಯೋಧನ ಯಾರಿಗೆ ಹೇಳುವನು?,,,,
kannada-10thstd,ಕೊಟ್ಟಿರುವ ಪ್ರಶ್ನೆಗಳಿಗೆ ಒಂದು ವಾಕ್ಯದಲ್ಲಿ ಉತ್ತರಿಸಿ.,2,ದಿನಪಸುತ ಎಂದರೆ ಯಾರು?,,,,
kannada-10thstd,ಕೊಟ್ಟಿರುವ ಪ್ರಶ್ನೆಗಳಿಗೆ ಒಂದು ವಾಕ್ಯದಲ್ಲಿ ಉತ್ತರಿಸಿ.,3,ಯಾರಿಬ್ಬರನ್ನು ಕೊಂದ ಬಳಿಕ ಸಂಧಿ ಮಾಡಿಕೊಳ್ಳುವುದಾಗಿ ದುರ್ಯೋಧನ ಹೇಳುತ್ತಾನೆ?,,,,
kannada-10thstd,ಕೊಟ್ಟಿರುವ ಪ್ರಶ್ನೆಗಳಿಗೆ ಒಂದು ವಾಕ್ಯದಲ್ಲಿ ಉತ್ತರಿಸಿ.,4,ಛಲವನ್ನೇ ಮರೆಯುವುದಾಗಿ ನಿರ್ಧರಿಸಿದವನು ಯಾರು?,,,,
kannada-10thstd,ಕೊಟ್ಟಿರುವ ಪ್ರಶ್ನೆಗಳಿಗೆ ಒಂದು ವಾಕ್ಯದಲ್ಲಿ ಉತ್ತರಿಸಿ.,5,ಅಂತಕಾತ್ಮಜ ಎಂದರೆ ಯಾರು?,,,,
kannada-10thstd,ಕೊಟ್ಟಿರುವ ಪ್ರಶ್ನೆಗಳಿಗೆ ಎರಡು-ಮೂರು ವಾಕ್ಯಗಳಲ್ಲಿ ಉತ್ತರಿಸಿ.,1,ತಾನು ಹೋರಾಡುತ್ತಿರುವುದು ನೆಲಕ್ಕಲ್ಲ ಛಲಕ್ಕೆ ಎಂಬುದನ್ನು ದುರ್ಯೋಧನ ಹೇಗೆ ವಿವರಿಸುತ್ತಾನೆ?,,,,
kannada-10thstd,ಕೊಟ್ಟಿರುವ ಪ್ರಶ್ನೆಗಳಿಗೆ ಎರಡು-ಮೂರು ವಾಕ್ಯಗಳಲ್ಲಿ ಉತ್ತರಿಸಿ.,2,ಈ ನೆಲದೊಡನೆ ತಾನು ಸಹಬಾಳ್ವೆ ಮಾಡುವುದಿಲ್ಲವೆಂದು ದುರ್ಯೋಧನ ಹೇಳುವುದೇಕೆ?,,,,
kannada-10thstd,ಕೊಟ್ಟಿರುವ ಪ್ರಶ್ನೆಗಳಿಗೆ ಎರಡು-ಮೂರು ವಾಕ್ಯಗಳಲ್ಲಿ ಉತ್ತರಿಸಿ.,3,ಪಾರ್ಥ-ಭೀಮರ ಬಗೆಗೆ ದುರ್ಯೋಧನನ ಅಭಿಪ್ರಾಯವೇನು?,,,,
kannada-10thstd,ಕೊಟ್ಟಿರುವ ಪ್ರಶ್ನೆಗಳಿಗೆ ಎಂಟು-ಹತ್ತು ವಾಕ್ಯಗಳಲ್ಲಿ ಉತ್ತರಿಸಿ.,1,ಭೀಷ್ಮ ಮತ್ತು ದುರ್ಯೋಧನರ ನಡುವಿನ ಸಂಭಾಷಣೆಯ ಸ್ವಾರಸ್ಯವನ್ನು ವಿವರಿಸಿ.,,,,
kannada-10thstd,ಕೊಟ್ಟಿರುವ ಪ್ರಶ್ನೆಗಳಿಗೆ ಎಂಟು-ಹತ್ತು ವಾಕ್ಯಗಳಲ್ಲಿ ಉತ್ತರಿಸಿ.,2,ದುರ್ಯೋಧನನ ಛಲದ ಗುಣ ಅವನ ಮಾತುಗಳಲ್ಲಿ ವ್ಯಕ್ತವಾಗಿರುವ ಬಗೆಯನ್ನು ವಿವರಿಸಿ.,,,,
kannada-10thstd,ಕೊಟ್ಟಿರುವ ಪ್ರಶ್ನೆಗಳಿಗೆ ಎಂಟು-ಹತ್ತು ವಾಕ್ಯಗಳಲ್ಲಿ ಉತ್ತರಿಸಿ.,1,“ನೆಲಕಿವೆನೆಂದು ಬಗೆದಿರೆ ಚಲಕಿದೆವೆಂ”,,,,
kannada-10thstd,ಕೊಟ್ಟಿರುವ ಪ್ರಶ್ನೆಗಳಿಗೆ ಎಂಟು-ಹತ್ತು ವಾಕ್ಯಗಳಲ್ಲಿ ಉತ್ತರಿಸಿ.,2,“ಸಮರದೊಳೆನಗಜ್ಜ ಪೇಟೆಮಾವುದು ಕಜ್ಜಂ.”,,,,
kannada-10thstd,ಕೊಟ್ಟಿರುವ ಪ್ರಶ್ನೆಗಳಿಗೆ ಎಂಟು-ಹತ್ತು ವಾಕ್ಯಗಳಲ್ಲಿ ಉತ್ತರಿಸಿ.,3,“ಪಾಂಡವರೊಳಿದು ಛಲಮನೆ ಮೆರೆವೆಂ.”,,,,
kannada-10thstd,ಕೊಟ್ಟಿರುವ ಪ್ರಶ್ನೆಗಳಿಗೆ ಎಂಟು-ಹತ್ತು ವಾಕ್ಯಗಳಲ್ಲಿ ಉತ್ತರಿಸಿ.,4,ಕೊಟ್ಟಿರುವ ಪ್ರಶ್ನೆಗಳಿಗೆ ಎಂಟು-ಹತ್ತು ವಾಕ್ಯಗಳಲ್ಲಿ ಉತ್ತರಿಸಿ.: “ಮೇಣಾಯ್ತು ಕೌರವಂಗವನಿತಳಂ.”,,,,
kannada-10thstd,"ಕೊಟ್ಟಿರುವ ಪದ್ಯದ ಸಾಲುಗಳಿಗೆ ಪ್ರಸ್ತಾರ ಹಾಕಿ, ಗಣ ವಿಭಾಗ ಮಾಡಿ, ಛಂದಸ್ಸಿನ ಹೆಸರನ್ನು ಬರೆಯಿರಿ.",1,"ಕೊಟ್ಟಿರುವ ಪದ್ಯದ ಸಾಲುಗಳಿಗೆ ಪ್ರಸ್ತಾರ ಹಾಕಿ, ಗಣ ವಿಭಾಗ ಮಾಡಿ, ಛಂದಸ್ಸಿನ ಹೆಸರನ್ನು ಬರೆಯಿರಿ.: ಪುಟ್ಟಿದ ನೂರ್ವರುಮೆನ್ನೊಡ",,,,
kannada-10thstd,"ಕೊಟ್ಟಿರುವ ಪದ್ಯದ ಸಾಲುಗಳಿಗೆ ಪ್ರಸ್ತಾರ ಹಾಕಿ, ಗಣ ವಿಭಾಗ ಮಾಡಿ, ಛಂದಸ್ಸಿನ ಹೆಸರನ್ನು ಬರೆಯಿರಿ.",2,ಎನ್ನಣುಗಾಳನೆನ್ನುಗದಮ್ಮನನಿಕ್ಕಿದ ಪಾರ್ಥ ಭೀಮರು,,,,
kannada-10thstd,General Exercise,2,ಪುಟ್ಟ ಪೋರಿಯ ಅಮ್ಮ ಎಲ್ಲಿ ಮಲಗಿದ್ದಾಳೆ?,,,,
kannada-10thstd,General Exercise,3,ಯಾರಿಗೆ ವಸಂತಮುಖ ತೋರಲಿಲ್ಲ?,,,,
kannada-10thstd,General Exercise,4,General Exercise: ಪುಟ್ಟಿಯ ಪ್ರಶ್ನೆಗಳೇನು?,,,,
kannada-10thstd,General Exercise,5,ಈ ಕವನದಲ್ಲಿ ಪ್ರಕೃತಿಯ ಸಂಭ್ರಮ ಹೇಗೆ ವ್ಯಕ್ತವಾಗಿದೆ?,,,,
kannada-10thstd,General Exercise,2,General Exercise: ಭಗತ್‌ಸಿಂಗ್‌,,,,
kannada-10thstd,General Exercise,1,ಜಲಿಯನ್ ವಾಲಾಬಾಗ್‌ನಲ್ಲಿ ಶಾಂತಿಯುತ ಸಭೆ ಯಾವಾಗ ನಡೆಯಿತು?,,,,
kannada-10thstd,General Exercise,2,"ಭಗತ್‌ಸಿಂಗ್, ಜಲಿಯನ್ ವಾಲಾಬಾಗ್‌ನ ಮಣ್ಣಿನ ಕುರಿತು ತನ್ನ ತಂಗಿಗೆ ಏನೆಂದು",,,,
kannada-10thstd,General Exercise,4,ಭಗತ್‌ಸಿಂಗ್ ಜಲಿಯನ್ ವಾಲಾಬಾಗ್ ಮಾರಣ ಹೋಮದಿಂದ ತೆಗೆದುಕೊಂಡ,,,,
kannada-10thstd,General Exercise,3,General Exercise: ಉದಾತ್ತ ಚಿಂತನೆಗಳು,,,,
kannada-10thstd,General Exercise,1,General Exercise: ಅಂಬೇಡ್ಕರ್,,,,
kannada-10thstd,General Exercise,2,General Exercise: ಗಾಂಧೀಜಿ,,,,
kannada-10thstd,General Exercise,1,ಎಲ್ಲರ ಒಳ್ಳೆಯದರಲ್ಲಿಯೇ ನಮ್ಮ ಒಳ್ಳೆಯದು ಅಡಗಿದೆ.,,,,
kannada-10thstd,General Exercise,2,ವಕೀಲನ ಕೆಲಸಕ್ಕೆ ಇರುವ ಬೆಲೆಯೇ ಕ್ಷೌರಿಕನ ಕೆಲಸಕ್ಕೂ ಇದೆ. ತಮ್ಮ ಕೆಲಸದಿಂದ ಜೀವನ,,,,
kannada-10thstd,General Exercise,3,"ಶ್ರಮ ಜೀವಿಯ ಜೀವನ, ಉಳುವವನ ಅಥವ ಕೈಕಸುಬುಗಾರನ ಜೀವನವೇ ಯೋಗ್ಯ ಜೀವನ.",,,,
kannada-10thstd,General Exercise,3,General Exercise: ಸ್ವಾಮಿ ವಿವೇಕಾನಂದ,,,,
kannada-10thstd,General Exercise,1,ಕ್ರಿಯಾ ಸ್ವಾತಂತ್ರ್ಯ ಎಂದರೇನು?,,,,
kannada-10thstd,General Exercise,2,ರಾಜಕೀಯ ಸ್ವಾತಂತ್ರ್ಯದ ಮಹತ್ವವೇನು?,,,,
kannada-10thstd,General Exercise,3,ಅಂದವಾದ ಬರೆವಣಿಗೆಯ ಬಗ್ಗೆ ಗಾಂಧೀಜಿಯವರ ಅಭಿಪ್ರಾಯವೇನು?,,,,
kannada-10thstd,General Exercise,4,ಅನ್‌ಟು ದಿಸ್ ಲಾಸ್ಟ್' ಕೃತಿ ಗಾಂಧೀಜಿಯವರ ಮೇಲೆ ಯಾವ ಪರಿಣಾಮ ಬೀರಿತು?,,,,
kannada-10thstd,General Exercise,5,ವಿವೇಕಾನಂದರ ದೃಷ್ಟಿಯಲ್ಲಿ ದೇಶದ ಪ್ರಗತಿ ಸ್ಥಿರವಾಗುವುದು ಯಾವಾಗ?,,,,
kannada-10thstd,General Exercise,6,ಬಾಳಿನಲ್ಲಿ ತೃಪ್ತಿ ದೊರಕಬೇಕಾದರೆ ಏನು ಮಾಡಬೇಕೆಂಬುದು ವಿವೇಕಾನಂದರ ಅಭಿಪ್ರಾಯ?,,,,